ibgeID,city
4113734,Luiziana/PR
3301801,Engenheiro Paulo de Frontin/RJ
2200053,Acauã/PI
4128708,Vitorino/PR
3540705,Porto Ferreira/SP
2201919,Bom Princípio do Piauí/PI
1101476,Primavera de Rondônia/RO
3103108,Antônio Prado de Minas/MG
2401453,Baraúna/RN
4313003,Nova Bréscia/RS
2708105,Santana do Mundaú/AL
1600550,Pracuúba/AP
2607802,Itaquitinga/PE
3134400,Iturama/MG
2915205,Itagibá/BA
4211058,Monte Carlo/SC
2410009,Pilões/RN
4305124,Cerrito/RS
3132701,Itambacuri/MG
4303558,Camargo/RS
2407401,Martins/RN
3302056,Italva/RJ
2924108,Pedrão/BA
2902708,Barra/BA
3142908,Monte Azul/MG
2411809,São Fernando/RN
2921203,Miguel Calmon/BA
5104104,Guarantã do Norte/MT
3152105,Ponte Nova/MG
2513927,São Bentinho/PB
5107263,Santo Afonso/MT
2201572,Belém do Piauí/PI
3304805,São Fidélis/RJ
3535002,Palestina/SP
4215703,Santo Amaro da Imperatriz/SC
2311207,Potengi/CE
4116406,Nossa Senhora das Graças/PR
3129608,Ibiaí/MG
3505351,Barra do Chapéu/SP
5204508,Caldas Novas/GO
2105153,Igarapé do Meio/MA
2704203,Limoeiro de Anadia/AL
2102200,Buriti/MA
4114203,Mandaguari/PR
4216354,São João do Itaperiú/SC
3548807,São Caetano do Sul/SP
2801306,Capela/SE
2414308,Timbaúba dos Batistas/RN
4314803,Portão/RS
2904001,Boninal/BA
3164431,São Sebastião da Vargem Alegre/MG
3147956,Patis/MG
1502301,Capitão Poço/PA
2205102,Itaueira/PI
2921005,Mata de São João/BA
1304062,Tabatinga/AM
2926806,Rio do Antônio/BA
4102505,Barbosa Ferraz/PR
4300604,Alvorada/RS
4322376,Unistalda/RS
2112803,Viana/MA
2305100,Guaramiranga/CE
1100205,Porto Velho/RO
3165560,Sem-Peixe/MG
3131505,Ipuiúna/MG
4311254,Lagoão/RS
3100302,Abre Campo/MG
4122008,Rio Azul/PR
3100609,Água Boa/MG
5101001,Araguaiana/MT
3202009,Dores do Rio Preto/ES
2600708,Aliança/PE
1504604,Mocajuba/PA
3507308,Boracéia/SP
3138674,Luisburgo/MG
5221601,Uruaçu/GO
3156205,Rochedo de Minas/MG
3544251,Rosana/SP
2211407,Várzea Grande/PI
3301900,Itaboraí/RJ
4310207,Ijuí/RS
4304853,Carlos Gomes/RS
2915908,Itanagra/BA
2516805,Triunfo/PB
5221858,Valparaíso de Goiás/GO
2901601,Antas/BA
1718865,Santa Fé do Araguaia/TO
2502508,Boqueirão/PB
4310462,Ipiranga do Sul/RS
2905156,Caetanos/BA
3556206,Valinhos/SP
2411056,Tibau/RN
4215752,São Bernardino/SC
2502300,Bom Sucesso/PB
3134905,Jacutinga/MG
2503902,Camalaú/PB
3113008,Caraí/MG
1303403,Parintins/AM
5006903,Porto Murtinho/MS
3547205,Santana da Ponte Pensa/SP
2210631,Sebastião Leal/PI
1100908,Castanheiras/RO
3129657,Ibiracatu/MG
2210201,São José do Piauí/PI
2604809,Cortês/PE
3530003,Mira Estrela/SP
3305208,São Pedro da Aldeia/RJ
2705804,Olho d'Água do Casado/AL
1506104,Primavera/PA
3524105,Ituverava/SP
2104073,Feira Nova do Maranhão/MA
2900900,Almadina/BA
4216057,São Cristóvão do Sul/SC
2401800,Brejinho/RN
2926608,Ribeira do Pombal/BA
3169703,Turmalina/MG
5221452,Trombas/GO
2202737,Coivaras/PI
5108055,Terra Nova do Norte/MT
4319604,São Sepé/RS
3157377,Santa Cruz de Salinas/MG
2932457,Umburanas/BA
4112108,Jandaia do Sul/PR
1713601,Monte do Carmo/TO
3556800,Viradouro/SP
5102504,Cáceres/MT
2502003,Belém do Brejo do Cruz/PB
3158300,Santana da Vargem/MG
3108404,Botelhos/MG
3120607,Crucilândia/MG
1502707,Conceição do Araguaia/PA
3168408,Tarumirim/MG
2615102,Terezinha/PE
5103437,Curvelândia/MT
2615409,Toritama/PE
3104908,Baependi/MG
3149309,Pedro Leopoldo/MG
3139508,Manhumirim/MG
4318200,São Francisco de Paula/RS
2928950,São Domingos/BA
1705607,Conceição do Tocantins/TO
4101655,Arapuã/PR
3166303,Sericita/MG
2908101,Cocos/BA
3129400,Ibertioga/MG
4322327,Turuçu/RS
4316006,Rolante/RS
4202081,Bandeirante/SC
4122651,Rosário do Ivaí/PR
4301008,Arroio do Meio/RS
2920502,Maracás/BA
4312203,Maximiliano de Almeida/RS
3200169,Água Doce do Norte/ES
2505600,Diamante/PB
5221577,Uirapuru/GO
4303509,Camaquã/RS
4115101,Mariluz/PR
2919702,Macarani/BA
2505709,Dona Inês/PB
3123528,Durandé/MG
4214508,Rio do Campo/SC
1300839,Caapiranga/AM
2914505,Irará/BA
3138500,Liberdade/MG
4321204,Taquara/RS
2911253,Gavião/BA
4311809,Marau/RS
2307106,Jardim/CE
2409308,Patu/RN
3529302,Matão/SP
3514924,Elisiário/SP
5201405,Aparecida de Goiânia/GO
2805208,Pinhão/SE
1505437,Ourilândia do Norte/PA
4302204,Boa Vista do Buricá/RS
4215505,Santa Cecília/SC
5003108,Corguinho/MS
3136553,José Raydan/MG
3300233,Armação dos Búzios/RJ
4200101,Abelardo Luz/SC
3143450,Montezuma/MG
2202752,Colônia do Gurguéia/PI
1600238,Ferreira Gomes/AP
3509700,Campos do Jordão/SP
3511607,Cesário Lange/SP
3205150,Vila Pavão/ES
3150802,Piranga/MG
2103604,Coroatá/MA
2610202,Panelas/PE
4305959,Cotiporã/RS
2515104,São Sebastião de Lagoa de Roça/PB
3134608,Jaboticatubas/MG
2512721,Pedro Régis/PB
2201960,Brasileira/PI
3131703,Itabira/MG
4302659,Brochier/RS
2311108,Porteiras/CE
4116000,Miraselva/PR
1600709,Tartarugalzinho/AP
2300507,Alcântaras/CE
3543253,Ribeirão Grande/SP
3169901,Ubá/MG
4316709,Santa Bárbara do Sul/RS
5200258,Águas Lindas de Goiás/GO
2312502,São João do Jaguaribe/CE
4115358,Maripá/PR
3123858,Entre Folhas/MG
2111201,São José de Ribamar/MA
2607307,Ipubi/PE
3103603,Arantina/MG
4205506,Fraiburgo/SC
2709004,Tanque d'Arca/AL
2611309,Pombos/PE
2105427,Itinga do Maranhão/MA
4203204,Camboriú/SC
4217907,Tangará/SC
2405603,Jardim de Piranhas/RN
2802106,Estância/SE
1501576,Bom Jesus do Tocantins/PA
2614204,Sirinhaém/PE
3171105,Veríssimo/MG
3504602,Bady Bassitt/SP
4204301,Concórdia/SC
3504909,Bananal/SP
2900504,Érico Cardoso/BA
4127106,Telêmaco Borba/PR
3153400,Presidente Olegário/MG
3131802,Itabirinha/MG
1705102,Chapada da Natividade/TO
3109204,Buenópolis/MG
4109906,Icaraíma/PR
1506302,Salvaterra/PA
2312403,São Gonçalo do Amarante/CE
2513851,Santo André/PB
1200104,Brasiléia/AC
2908309,Conceição do Almeida/BA
5212808,Mara Rosa/GO
2919009,Lajedinho/BA
5108352,Vale de São Domingos/MT
3112802,Capitólio/MG
4218103,Timbé do Sul/SC
4313060,Nova Hartz/RS
3152709,Prados/MG
4113429,Lidianópolis/PR
5220603,Silvânia/GO
1100106,Guajará-Mirim/RO
1708254,Tabocão/TO
3114808,Carvalhos/MG
3513900,Divinolândia/SP
3500105,Adamantina/SP
2600609,Alagoinha/PE
1706506,Darcinópolis/TO
3129806,Ibirité/MG
2304236,Croatá/CE
3548906,São Carlos/SP
2604205,Catende/PE
2511806,Pirpirituba/PB
2113009,Vitorino Freire/MA
3120102,Couto de Magalhães de Minas/MG
5221809,Urutaí/GO
3164902,São Sebastião do Rio Verde/MG
5209606,Heitoraí/GO
4218608,Trombudo Central/SC
3520509,Indaiatuba/SP
1505601,Peixe-Boi/PA
3513108,Cravinhos/SP
2906824,Canudos/BA
1715754,Palmeirópolis/TO
3146107,Ouro Preto/MG
1720499,São Valério/TO
2505279,Curral de Cima/PB
2508901,Mamanguape/PB
2913507,Iguaí/BA
3505104,Barbosa/SP
3138807,Luz/MG
3171071,Veredinha/MG
4103305,Borrazópolis/PR
2414704,Várzea/RN
3516101,Florínea/SP
1503408,Inhangapi/PA
1101500,Seringueiras/RO
5107354,São José do Xingu/MT
2406908,Lucrécia/RN
3112406,Capetinga/MG
1600105,Amapá/AP
3130507,Ilicínea/MG
2112902,Vitória do Mearim/MA
4217758,Sul Brasil/SC
2210359,São Lourenço do Piauí/PI
3115706,Central de Minas/MG
4205456,Forquilhinha/SC
3530706,Mogi Guaçu/SP
5220157,São Luiz do Norte/GO
2802601,Graccho Cardoso/SE
3103306,Aracitaba/MG
4315958,Rolador/RS
3114105,Carmo de Minas/MG
2918605,Jussiape/BA
2903201,Barreiras/BA
5004908,Jaraguari/MS
5213855,Morro Agudo de Goiás/GO
4300109,Agudo/RS
4115804,Medianeira/PR
1712157,Lavandeira/TO
3154200,Resende Costa/MG
5218805,Rio Verde/GO
3523602,Itirapina/SP
1703701,Brejinho de Nazaré/TO
4118303,Paranapoema/PR
2912202,Ibicoara/BA
2106755,Miranda do Norte/MA
2807105,Simão Dias/SE
2612000,Sairé/PE
3509809,Campos Novos Paulista/SP
2904605,Brumado/BA
4108403,Francisco Beltrão/PR
2800704,Brejo Grande/SE
2515401,São Vicente do Seridó/PB
3145307,Novo Cruzeiro/MG
3141603,Mercês/MG
2503753,Cajazeirinhas/PB
2515930,Sertãozinho/PB
1100288,Rolim de Moura/RO
2308401,Missão Velha/CE
4212007,Palma Sola/SC
4127908,Tuneiras do Oeste/PR
4123857,Santa Maria do Oeste/PR
4215356,Saltinho/SC
3111408,Campo Florido/MG
4315149,Presidente Lucena/RS
3508405,Cabreúva/SP
4128302,Uniflor/PR
4122404,Rolândia/PR
1600253,Itaubal/AP
3502754,Araçariguama/SP
4322905,Viadutos/RS
2309409,Novo Oriente/CE
2514008,São João do Cariri/PB
3511904,Clementina/SP
5105309,Luciara/MT
4211751,Otacílio Costa/SC
4123907,Santa Mariana/PR
2314003,Várzea Alegre/CE
4219705,Xaxim/SC
4110656,Iracema do Oeste/PR
2600500,Águas Belas/PE
4119004,Pérola d'Oeste/PR
5106273,Novo Horizonte do Norte/MT
2302404,Boa Viagem/CE
3547809,Santo André/SP
4208450,Itapoá/SC
3161700,São Gonçalo do Abaeté/MG
3107000,Biquinhas/MG
5214101,Mutunópolis/GO
2917805,Jaguaripe/BA
5101803,Barra do Garças/MT
3518305,Guararema/SP
4116802,Nova Cantu/PR
2704401,Major Isidoro/AL
3105509,Barão de Monte Alto/MG
4305355,Charqueadas/RS
2405702,Jardim do Seridó/RN
2104503,Governador Archer/MA
5202502,Aruanã/GO
3203056,Jaguaré/ES
4207700,Ipumirim/SC
3556503,Várzea Paulista/SP
4205159,Doutor Pedrinho/SC
3117876,Confins/MG
1711506,Jaú do Tocantins/TO
3202306,Guaçuí/ES
2300754,Amontada/CE
4321451,Teutônia/RS
3128204,Guaraciaba/MG
1400456,Pacaraima/RR
4213906,Presidente Castello Branco/SC
2100600,Amarante do Maranhão/MA
2702108,Colônia Leopoldina/AL
5200605,Alto Paraíso de Goiás/GO
3138302,Leandro Ferreira/MG
1703107,Barrolândia/TO
4300406,Alegrete/RS
3552106,Socorro/SP
1101559,Teixeirópolis/RO
3526209,Juquitiba/SP
5005608,Miranda/MS
4206405,Guaraciaba/SC
4204608,Criciúma/SC
2311801,Russas/CE
2302602,Camocim/CE
4128500,Wenceslau Braz/PR
3555208,Turiúba/SP
2913408,Igaporã/BA
1600154,Pedra Branca do Amapari/AP
4123600,Santa Inês/PR
2927606,Santa Brígida/BA
2300903,Apuiarés/CE
4302105,Bento Gonçalves/RS
2105963,Lagoa Grande do Maranhão/MA
4313037,Nova Esperança do Sul/RS
3158102,Santa Maria do Salto/MG
1200393,Porto Walter/AC
5107578,Rondolândia/MT
5203939,Buriti de Goiás/GO
3169406,Três Pontas/MG
4219176,Vargem Bonita/SC
3132602,Itamarati de Minas/MG
4306759,Doutor Ricardo/RS
3166956,Serranópolis de Minas/MG
2305332,Ibicuitinga/CE
2203701,Esperantina/PI
2204659,Ilha Grande/PI
4206603,Guarujá do Sul/SC
2304202,Crato/CE
4125456,São José das Palmeiras/PR
3304300,Rio Bonito/RJ
1508159,Uruará/PA
2920106,Mairi/BA
3118908,Cordisburgo/MG
2510808,Patos/PB
4315057,Porto Mauá/RS
1713304,Miranorte/TO
4214003,Presidente Getúlio/SC
3119302,Coromandel/MG
4308706,Gaurama/RS
2907400,Catolândia/BA
3164803,São Sebastião do Rio Preto/MG
5106000,Nortelândia/MT
2308351,Milhã/CE
4303004,Cachoeira do Sul/RS
4209151,José Boiteux/SC
3118502,Consolação/MG
3528700,Marabá Paulista/SP
3554607,Timburi/SP
2613404,São José da Coroa Grande/PE
2930105,Senhor do Bonfim/BA
4110052,Iguatu/PR
1302553,Manaquiri/AM
4106407,Cornélio Procópio/PR
2200608,Angical do Piauí/PI
2802304,Frei Paulo/SE
2301703,Aurora/CE
5106174,Nova Nazaré/MT
2807006,São Miguel do Aleixo/SE
5101308,Arenápolis/MT
2202653,Caxingó/PI
3535705,Paraíso/SP
4310413,Inhacorá/RS
5106851,Porto Estrela/MT
4304002,Campo Novo/RS
1100189,Pimenta Bueno/RO
4125605,São Mateus do Sul/PR
4216701,São José do Cedro/SC
4127403,Terra Roxa/PR
3120151,Crisólita/MG
4300570,Alto Feliz/RS
3141108,Matozinhos/MG
2509008,Manaíra/PB
2905107,Caém/BA
2101939,Bernardo do Mearim/MA
2700805,Belém/AL
2202901,Corrente/PI
5107107,São José dos Quatro Marcos/MT
4304408,Canela/RS
3506359,Bertioga/SP
1101757,Vale do Anari/RO
4306106,Cruz Alta/RS
4111001,Itambaracá/PR
3202900,Itarana/ES
3526308,Lagoinha/SP
2205508,José de Freitas/PI
3500758,Alambari/SP
3527009,Lindóia/SP
4128807,Xambrê/PR
1707207,Dois Irmãos do Tocantins/TO
3516853,Gavião Peixoto/SP
4316402,Rosário do Sul/RS
2917334,Iuiu/BA
2515906,Serraria/PB
3548401,Santópolis do Aguapeí/SP
1200609,Tarauacá/AC
4211900,Palhoça/SC
4100905,Amaporã/PR
2109239,Presidente Médici/MA
2914000,Ipirá/BA
3555356,Ubarana/SP
2103000,Caxias/MA
2909901,Curaçá/BA
2601201,Arcoverde/PE
2301406,Aratuba/CE
3524709,Jaguariúna/SP
3544004,Rio das Pedras/SP
4302584,Bozano/RS
2707305,Porto Calvo/AL
3118106,Congonhas do Norte/MG
5211503,Itumbiara/GO
1703206,Bernardo Sayão/TO
1303205,Novo Airão/AM
4211702,Orleans/SC
5007554,Santa Rita do Pardo/MS
3538907,Pirajuí/SP
3540259,Pontalinda/SP
4215901,São Bonifácio/SC
2309201,Nova Olinda/CE
2700508,Barra de Santo Antônio/AL
1503093,Goianésia do Pará/PA
1301209,Coari/AM
3203502,Montanha/ES
1720853,Sucupira/TO
3162302,São João da Mata/MG
5218789,Rio Quente/GO
4306320,Derrubadas/RS
5104526,Ipiranga do Norte/MT
5106257,Nova Xavantina/MT
3150539,Pingo-d'Água/MG
3531506,Monte Azul Paulista/SP
2310605,Penaforte/CE
4204905,Descanso/SC
3502002,Analândia/SP
2510501,Olivedos/PB
4302220,Boa Vista do Cadeado/RS
4116059,Missal/PR
3119708,Coronel Xavier Chaves/MG
1702158,Araguanã/TO
5001904,Bataguassu/MS
3133600,Itapeva/MG
1100098,Espigão D'Oeste/RO
3518404,Guaratinguetá/SP
2603801,Capoeiras/PE
2301604,Assaré/CE
2902807,Barra da Estiva/BA
1711951,Lagoa do Tocantins/TO
2206902,Novo Oriente do Piauí/PI
4309100,Gramado/RS
2923209,Oliveira dos Brejinhos/BA
3144375,Natalândia/MG
4109609,Guaratuba/PR
3151107,Pirapetinga/MG
3159902,Santo Antônio do Amparo/MG
2406205,Lagoa d'Anta/RN
2702355,Craíbas/AL
2708709,São Miguel dos Milagres/AL
2509305,Mataraca/PB
2904506,Brotas de Macaúbas/BA
3203304,Mantenópolis/ES
2305902,Ipueiras/CE
4305504,Ciríaco/RS
2305605,Independência/CE
4205555,Frei Rogério/SC
4114104,Mandaguaçu/PR
4311007,Jaguarão/RS
2207504,Palmeirais/PI
3533700,Ocauçu/SP
2601706,Belo Jardim/PE
2933158,Várzea Nova/BA
2702306,Coruripe/AL
3528502,Mairiporã/SP
3126406,Fortuna de Minas/MG
2602407,Brejão/PE
3128006,Guanhães/MG
2311306,Quixadá/CE
4311601,Liberato Salzano/RS
4316501,Salvador do Sul/RS
1712405,Lizarda/TO
2806008,Ribeirópolis/SE
2105450,Jatobá/MA
4106506,Coronel Vivida/PR
3108701,Brás Pires/MG
3552304,Sud Mennucci/SP
3515608,Fernando Prestes/SP
3302205,Itaperuna/RJ
3124104,Esmeraldas/MG
4209854,Lindóia do Sul/SC
2210375,São Luis do Piauí/PI
2407906,Monte das Gameleiras/RN
3157104,Salto da Divisa/MG
2922904,Nova Soure/BA
2904753,Buritirama/BA
3516309,Francisco Morato/SP
3205309,Vitória/ES
2509404,Mogeiro/PB
1720655,Silvanópolis/TO
3110301,Caldas/MG
2200707,Anísio de Abreu/PI
2602100,Bom Conselho/PE
3304151,Quissamã/RJ
1101492,São Francisco do Guaporé/RO
5103502,Diamantino/MT
2306801,Jaguaribara/CE
2405801,João Câmara/RN
4202503,Bom Jardim da Serra/SC
1503903,Juruti/PA
5003207,Corumbá/MS
2512705,Remígio/PB
4302154,Boa Vista das Missões/RS
3143401,Monte Sião/MG
2915700,Itamari/BA
2100436,Alto Alegre do Maranhão/MA
2902500,Baianópolis/BA
4318606,São José do Ouro/RS
3529104,Marinópolis/SP
2306504,Itapiúna/CE
4102307,Balsa Nova/PR
5210406,Itaberaí/GO
5214002,Mozarlândia/GO
3528601,Manduri/SP
4210308,Major Vieira/SC
2932507,Una/BA
4305900,Coronel Bicaco/RS
2205854,Madeiro/PI
5221197,Terezópolis de Goiás/GO
3142601,Monsenhor Paulo/MG
4109708,Ibaiti/PR
3143807,Munhoz/MG
4310603,Itaqui/RS
3145877,Orizânia/MG
4318481,São José do Hortêncio/RS
4213807,Praia Grande/SC
2210003,São João do Piauí/PI
2908606,Conde/BA
5006309,Paranaíba/MS
3203601,Mucurici/ES
4316600,Sananduva/RS
5006408,Pedro Gomes/MS
3107901,Bom Repouso/MG
3541109,Presidente Alves/SP
2919900,Macururé/BA
4217600,Siderópolis/SC
4116901,Nova Esperança/PR
2515005,São Miguel de Taipu/PB
3540408,Populina/SP
3518206,Guararapes/SP
2923357,Ourolândia/BA
3152303,Porto Firme/MG
2916500,Itapicuru/BA
3109709,Cachoeira de Minas/MG
2505907,Emas/PB
4206207,Gravatal/SC
1101708,Urupá/RO
2302107,Baturité/CE
2509701,Monteiro/PB
1200427,Rodrigues Alves/AC
3529005,Marília/SP
2107704,Paraibano/MA
2616183,Vertente do Lério/PE
1703867,Cariri do Tocantins/TO
3161908,São Gonçalo do Rio Abaixo/MG
1712009,Lajeado/TO
2205201,Jaicós/PI
1100304,Vilhena/RO
2933455,Wanderley/BA
4100608,Alto Paraná/PR
5211206,Itapuranga/GO
2516607,Tavares/PB
2504702,Congo/PB
2207207,Padre Marcos/PI
4128104,Umuarama/PR
3121407,Desterro de Entre Rios/MG
2921401,Mirangaba/BA
3112109,Caparaó/MG
3159001,Santana do Riacho/MG
4303400,Caiçara/RS
3157302,Santa Bárbara do Tugúrio/MG
3123304,Dores do Turvo/MG
3105905,Barroso/MG
2100956,Arame/MA
2410306,Serra Caiada/RN
1716208,Paranã/TO
5211305,Itarumã/GO
4314456,Pinhal/RS
2911600,Governador Mangabeira/BA
3145703,Oliveira Fortes/MG
3555406,Ubatuba/SP
2201556,Bela Vista do Piauí/PI
2511707,Pilõezinhos/PB
1501451,Belterra/PA
5219456,Santa Rita do Novo Destino/GO
5204003,Cabeceiras/GO
3127354,Glaucilândia/MG
4314605,Piratini/RS
2108405,Peri Mirim/MA
2704302,Maceió/AL
4104709,Carlópolis/PR
2933406,Wagner/BA
5206404,Crixás/GO
4305157,Cerro Grande/RS
3113305,Carangola/MG
2108058,Paulino Neves/MA
4103701,Cambé/PR
4103040,Boa Ventura de São Roque/PR
1100809,Candeias do Jamari/RO
3531704,Monteiro Lobato/SP
2900355,Adustina/BA
3163904,São Pedro da União/MG
2616100,Verdejante/PE
3117504,Conceição do Mato Dentro/MG
2203271,Curral Novo do Piauí/PI
2210391,São Miguel do Fidalgo/PI
5102637,Campo Novo do Parecis/MT
3521200,Iporanga/SP
1400175,Cantá/RR
2202778,Colônia do Piauí/PI
5200803,Alvorada do Norte/GO
1501782,Breu Branco/PA
3119500,Coronel Murta/MG
4117107,Nova Londrina/PR
2514552,São José de Princesa/PB
2411908,São Francisco do Oeste/RN
2516003,Solânea/PB
4122503,Roncador/PR
3306156,Varre-Sai/RJ
3135001,Jaguaraçu/MG
4118907,Pérola/PR
1500503,Almeirim/PA
4303301,Caibaté/RS
2910750,Fátima/BA
3510302,Capela do Alto/SP
4121000,Querência do Norte/PR
5208806,Goianira/GO
2605806,Frei Miguelinho/PE
1704105,Centenário/TO
1722107,Xambioá/TO
2413359,Serra do Mel/RN
5107750,Salto do Céu/MT
2410801,Riacho de Santana/RN
4120101,Porto Amazonas/PR
3536208,Pariquera-Açu/SP
1720937,Taipas do Tocantins/TO
4316733,Santa Cecília do Sul/RS
4311106,Jaguari/RS
2908804,Contendas do Sincorá/BA
2313955,Varjota/CE
3131000,Inhaúma/MG
5107925,Sorriso/MT
2306603,Itatira/CE
4109658,Honório Serpa/PR
3117405,Conceição de Ipanema/MG
2102903,Carutapera/MA
3534302,Orlândia/SP
3170909,Varzelândia/MG
2508554,Logradouro/PB
1701309,Aragominas/TO
2901957,Apuarema/BA
3171402,Vieiras/MG
3541901,Queluz/SP
2906006,Campo Formoso/BA
4101903,Assaí/PR
1301803,Ipixuna/AM
2614303,Moreilândia/PE
2920700,Maraú/BA
3200409,Anchieta/ES
3528908,Mariápolis/SP
4200705,Alfredo Wagner/SC
2910909,Firmino Alves/BA
5207600,Fazenda Nova/GO
2929206,São Francisco do Conde/BA
5103809,Figueirópolis D'Oeste/MT
5001508,Bandeirantes/MS
3125507,São Gonçalo do Rio Preto/MG
3505302,Barra Bonita/SP
2200103,Agricolândia/PI
2410702,Riacho da Cruz/RN
2201002,Arraial/PI
2704609,Maravilha/AL
3109451,Cabeceira Grande/MG
3137536,Lagoa Grande/MG
3513306,Cruzália/SP
2603405,Calumbi/PE
3127206,Funilândia/MG
3515509,Fernandópolis/SP
2101400,Balsas/MA
3500550,Águas de Santa Bárbara/SP
2515203,São Sebastião do Umbuzeiro/PB
1717800,Ponte Alta do Bom Jesus/TO
3554300,Teodoro Sampaio/SP
4301503,Augusto Pestana/RS
2910008,Dário Meira/BA
3521705,Itaberá/SP
3547007,Santa Maria da Serra/SP
3511102,Catanduva/SP
2105104,Icatu/MA
2110039,Santa Luzia do Paruá/MA
3534203,Orindiúva/SP
4114906,Marilândia do Sul/PR
3300225,Areal/RJ
3548203,Santo Antônio do Pinhal/SP
2312601,São Luís do Curu/CE
5005400,Maracaju/MS
3515806,Flora Rica/SP
3517505,Guapiaçu/SP
5205059,Castelândia/GO
3550308,São Paulo/SP
3168705,Timóteo/MG
4310900,Jacutinga/RS
2614006,Serrita/PE
5004304,Iguatemi/MS
2411700,São Bento do Trairí/RN
4315800,Roca Sales/RS
5212956,Matrinchã/GO
3541307,Presidente Epitácio/SP
3122900,Dona Euzébia/MG
2204808,Ipiranga do Piauí/PI
2807303,Telha/SE
4126256,Sarandi/PR
2202000,Buriti dos Lopes/PI
5106182,Nova Lacerda/MT
2907806,Cícero Dantas/BA
3526803,Lençóis Paulista/SP
3141306,Medeiros/MG
3531308,Monte Alto/SP
4315206,Putinga/RS
4212304,Paulo Lopes/SC
1717503,Pium/TO
2401859,Caiçara do Norte/RN
3113701,Carlos Chagas/MG
3521408,Iracemápolis/SP
3127602,Gouveia/MG
4311908,Marcelino Ramos/RS
3542602,Registro/SP
2506251,Gado Bravo/PB
3124203,Espera Feliz/MG
3162575,São João do Manteninha/MG
2614808,Tacaratu/PE
2100808,Anapurus/MA
2920809,Marcionílio Souza/BA
3542305,Redenção da Serra/SP
3302304,Laje do Muriaé/RJ
2409209,Passagem/RN
1507458,São Geraldo do Araguaia/PA
2104099,Formosa da Serra Negra/MA
4104055,Campo Bonito/PR
5002001,Batayporã/MS
3202603,Iconha/ES
3526506,Lavínia/SP
2201176,Barra D'Alcântara/PI
3127057,Fronteira dos Vales/MG
4122800,Salgado Filho/PR
3549409,São Joaquim da Barra/SP
3536505,Paulínia/SP
3155405,Rio Novo/MG
2202133,Campo Grande do Piauí/PI
3553302,Tambaú/SP
4102802,Bela Vista do Paraíso/PR
3141702,Mesquita/MG
2400604,Almino Afonso/RN
5200902,Amorinópolis/GO
3147303,Paraisópolis/MG
1506203,Salinópolis/PA
3164100,São Pedro do Suaçuí/MG
5004403,Inocência/MS
4211108,Monte Castelo/SC
2302305,Bela Cruz/CE
3519501,Ibirarema/SP
2922052,Mulungu do Morro/BA
3500709,Agudos/SP
2701704,Capela/AL
4311429,Lajeado do Bugre/RS
3137403,Lagoa Dourada/MG
2103125,Central do Maranhão/MA
3121209,Delfinópolis/MG
3110509,Camanducaia/MG
3139300,Manga/MG
2111631,São Raimundo do Doca Bezerra/MA
4127205,Terra Boa/PR
2931905,Tucano/BA
3550001,São Luiz do Paraitinga/SP
3101300,Alagoa/MG
3152006,Pompéu/MG
2918308,Jitaúna/BA
3127503,Gonzaga/MG
3545704,Santa Albertina/SP
2911709,Guanambi/BA
3521507,Irapuã/SP
3156601,Rubim/MG
3305802,Teresópolis/RJ
5106315,Novo Santo Antônio/MT
4218905,Urubici/SC
3545605,Santa Adélia/SP
3302106,Itaocara/RJ
2202604,Castelo do Piauí/PI
4120903,Quedas do Iguaçu/PR
4117602,Palmas/PR
4314498,Pinheirinho do Vale/RS
4213153,Planalto Alegre/SC
2509396,Maturéia/PB
2112308,Tuntum/MA
2203404,Dom Expedito Lopes/PI
2504603,Conde/PB
3102001,Alterosa/MG
1100338,Nova Mamoré/RO
5204201,Cachoeira de Goiás/GO
4116703,Nova Aurora/PR
2206654,Morro Cabeça no Tempo/PI
4126504,Sertanópolis/PR
3519105,Iacanga/SP
2201804,Bocaina/PI
5205703,Córrego do Ouro/GO
2705408,Monteirópolis/AL
3120839,Cuparaque/MG
4200606,Águas Mornas/SC
3200706,Atilio Vivacqua/ES
3134509,Itutinga/MG
1502764,Cumaru do Norte/PA
4310009,Ibirubá/RS
3137908,Lamim/MG
1500800,Ananindeua/PA
2700409,Atalaia/AL
4311155,Jóia/RS
2927309,Salinas da Margarida/BA
2924678,Piraí do Norte/BA
5102694,Canabrava do Norte/MT
2104628,Governador Luiz Rocha/MA
2932903,Valença/BA
4304671,Capivari do Sul/RS
2913804,Ipecaetá/BA
4217709,Sombrio/SC
5200175,Água Fria de Goiás/GO
3171808,Virginópolis/MG
4311700,Machadinho/RS
3542909,Ribeirão Bonito/SP
2111789,Serrano do Maranhão/MA
4209102,Joinville/SC
3101102,Aimorés/MG
3203106,Jerônimo Monteiro/ES
3516705,Garça/SP
3511706,Charqueada/SP
3165701,Senador Firmino/MG
3200102,Afonso Cláudio/ES
2918753,Lagoa Real/BA
3115300,Cataguases/MG
2306009,Iracema/CE
4212502,Penha/SC
3531001,Monções/SP
2413904,Taipu/RN
3554904,Três Fronteiras/SP
1400100,Boa Vista/RR
2308203,Meruoca/CE
3528809,Maracaí/SP
1700707,Alvorada/TO
2902252,Arataca/BA
2929503,São Sebastião do Passé/BA
2901304,Andaraí/BA
3507159,Bom Sucesso de Itararé/SP
4203600,Campos Novos/SC
2502052,Bernardino Batista/PB
3159209,Santa Rita de Caldas/MG
4310363,Imigrante/RS
4319752,São Vendelino/RS
3132305,Itaipé/MG
1720309,São Sebastião do Tocantins/TO
3551306,Sebastianópolis do Sul/SP
2907202,Casa Nova/BA
2112456,Turilândia/MA
2400406,Água Nova/RN
3517406,Guaíra/SP
3500402,Águas da Prata/SP
2918001,Jequié/BA
2102309,Buriti Bravo/MA
3516408,Franco da Rocha/SP
3201100,Bom Jesus do Norte/ES
4313953,Pantano Grande/RS
3201506,Colatina/ES
2205599,Lagoa do Sítio/PI
2805000,Pedra Mole/SE
4313706,Palmeira das Missões/RS
2108900,Poção de Pedras/MA
3554508,Tietê/SP
2402204,Canguaretama/RN
4104907,Castro/PR
3552700,Tabatinga/SP
4312500,Mostardas/RS
2501153,Areia de Baraúnas/PB
5213707,Montes Claros de Goiás/GO
2208205,Pio IX/PI
3525409,Jeriquara/SP
3123403,Doresópolis/MG
2806701,São Cristóvão/SE
2929057,São Félix do Coribe/BA
2602001,Bodocó/PE
2603207,Caetés/PE
3144300,Nanuque/MG
3121803,Dionísio/MG
3154804,Rio Acima/MG
2104305,Godofredo Viana/MA
3204005,Pancas/ES
1508209,Vigia/PA
4202107,Barra Velha/SC
4302378,Bom Progresso/RS
2922102,Mundo Novo/BA
4307807,Estrela/RS
1720259,São Salvador do Tocantins/TO
3112000,Candeias/MG
4219853,Zortéa/SC
5214861,Nova Glória/GO
3159704,Santa Rosa da Serra/MG
2511103,Pedra Lavrada/PB
2603900,Carnaíba/PE
2517407,Zabelê/PB
2800308,Aracaju/SE
5219738,Santo Antônio de Goiás/GO
2402303,Caraúbas/RN
4107538,Entre Rios do Oeste/PR
3163409,São José do Goiabal/MG
2606200,Goiana/PE
3204401,Rio Novo do Sul/ES
4314209,Pedro Osório/RS
2905503,Caldeirão Grande/BA
3517901,Guaraci/SP
4124608,São Carlos do Ivaí/PR
2803609,Laranjeiras/SE
4219507,Xanxerê/SC
2404309,Governador Dix-Sept Rosado/RN
3502200,Angatuba/SP
2510006,Nazarezinho/PB
3305554,Seropédica/RJ
4106803,Cruz Machado/PR
2201150,Baixa Grande do Ribeiro/PI
2202174,Campo Largo do Piauí/PI
5215207,Novo Brasil/GO
2110005,Santa Luzia/MA
2111904,Sucupira do Norte/MA
2209757,São Gonçalo do Gurguéia/PI
4320404,Serafina Corrêa/RS
5212204,Jussara/GO
5206909,Davinópolis/GO
3204203,Piúma/ES
4306767,Eldorado do Sul/RS
1702307,Arapoema/TO
2309607,Pacajus/CE
2605301,Exu/PE
3135050,Jaíba/MG
3520905,Ipaussu/SP
3543600,Rifaina/SP
2204303,Fronteiras/PI
4320800,Soledade/RS
2511202,Pedras de Fogo/PB
2401503,Barcelona/RN
3152402,Poté/MG
2201101,Avelino Lopes/PI
3161809,São Gonçalo do Pará/MG
2306207,Itaiçaba/CE
2106326,Maracaçumé/MA
3127305,Galiléia/MG
3124005,Ervália/MG
3536000,Parapuã/SP
3553955,Tarumã/SP
2704906,Mar Vermelho/AL
4203402,Campo Belo do Sul/SC
2202026,Buriti dos Montes/PI
4314035,Pareci Novo/RS
3306008,Três Rios/RJ
2413607,Severiano Melo/RN
5219357,Santa Isabel/GO
1718402,Presidente Kennedy/TO
1717008,Pindorama do Tocantins/TO
3106101,Belmiro Braga/MG
2709301,União dos Palmares/AL
4311627,Lindolfo Collor/RS
3142106,Miradouro/MG
3510807,Casa Branca/SP
3149200,Pedrinópolis/MG
4317806,Santo Augusto/RS
2408904,Parelhas/RN
3155504,Rio Paranaíba/MG
2413102,Senador Elói de Souza/RN
4314555,Pirapó/RS
1400308,Mucajaí/RR
3106655,Berizal/MG
3111606,Campos Gerais/MG
4302006,Barros Cassal/RS
3145455,Olhos-d'Água/MG
5002803,Caracol/MS
3304904,São Gonçalo/RJ
3556354,Vargem/SP
2706703,Penedo/AL
2510709,Passagem/PB
4113254,Laranjal/PR
2503001,Caaporã/PB
3111002,Campestre/MG
2205003,Itainópolis/PI
3522901,Itapuí/SP
3508009,Buri/SP
4320909,Tapejara/RS
4305173,Cerro Grande do Sul/RS
2925402,Potiraguá/BA
4209201,Lacerdópolis/SC
2924504,Pindaí/BA
3514205,Dolcinópolis/SP
4305702,Condor/RS
3550506,São Pedro do Turvo/SP
3518800,Guarulhos/SP
3533403,Nova Odessa/SP
3145000,Nova Ponte/MG
3148509,Pavão/MG
3160702,Santos Dumont/MG
3200508,Apiacá/ES
3139904,Maria da Fé/MG
2203602,Eliseu Martins/PI
2905701,Camaçari/BA
3534104,Oriente/SP
1300144,Apuí/AM
1703057,Bandeirantes do Tocantins/TO
4126702,Tamboara/PR
4109203,Guaraci/PR
4321600,Tramandaí/RS
5220009,São João d'Aliança/GO
1303106,Nova Olinda do Norte/AM
3121001,Datas/MG
3126802,Frei Gaspar/MG
3170404,Unaí/MG
5202809,Avelinópolis/GO
4322525,Vale Verde/RS
1502509,Chaves/PA
2708303,São José da Laje/AL
2806305,Santa Luzia do Itanhy/SE
3150158,Piedade de Caratinga/MG
4207759,Iraceminha/SC
4212106,Palmitos/SC
4126603,Siqueira Campos/PR
2904308,Brejões/BA
3556453,Vargem Grande Paulista/SP
2903607,Biritinga/BA
4216800,São José do Cerrito/SC
4101804,Araucária/PR
4322202,Tupanciretã/RS
4106001,Congonhinhas/PR
4300661,André da Rocha/RS
2510600,Ouro Velho/PB
3527108,Lins/SP
2207777,Patos do Piauí/PI
2709202,Traipu/AL
3158805,Santana do Jacaré/MG
2932408,Uibaí/BA
5005152,Juti/MS
3552502,Suzano/SP
4112751,Jesuítas/PR
3507605,Bragança Paulista/SP
5202155,Araguapaz/GO
5003256,Costa Rica/MS
2930758,Sítio do Mato/BA
5219308,Santa Helena de Goiás/GO
3504404,Avanhandava/SP
2311355,Quixelô/CE
3149705,Perdigão/MG
2508703,Mãe d'Água/PB
2906204,Canarana/BA
5107198,Ribeirãozinho/MT
4302808,Caçapava do Sul/RS
4120408,Presidente Castelo Branco/PR
5215504,Ouvidor/GO
2500502,Alagoinha/PB
4303103,Cachoeirinha/RS
2706422,Pariconha/AL
3107802,Bom Jesus do Galho/MG
4320206,Seberi/RS
4123105,Santa Amélia/PR
3149606,Pequi/MG
3301207,Carmo/RJ
2210979,Tanque do Piauí/PI
3129301,Iapu/MG
2608453,Lagoa do Carro/PE
5108956,Nova Monte Verde/MT
2900207,Abaré/BA
5219704,Santa Terezinha de Goiás/GO
2933307,Vitória da Conquista/BA
4213351,Ponte Alta do Norte/SC
3204559,Santa Maria de Jetibá/ES
2301257,Ararendá/CE
4123709,Santa Isabel do Ivaí/PR
4210209,Major Gercino/SC
3161205,São Francisco de Paula/MG
5007703,Sete Quedas/MS
2209450,Santo Antônio dos Milagres/PI
3150000,Pescador/MG
5203807,Britânia/GO
2803708,Macambira/SE
2919157,Lapão/BA
3510203,Capão Bonito/SP
4127007,Teixeira Soares/PR
5205455,Cezarina/GO
1705508,Colinas do Tocantins/TO
2406007,José da Penha/RN
4205001,Dionísio Cerqueira/SC
2501609,Barra de Santa Rosa/PB
5207352,Edealina/GO
3514007,Dobrada/SP
4122156,Rio Bonito do Iguaçu/PR
1504059,Mãe do Rio/PA
2930600,Serrolândia/BA
3113404,Caratinga/MG
3516903,General Salgado/SP
1100049,Cacoal/RO
5215652,Palestina de Goiás/GO
4106571,Cruzeiro do Iguaçu/PR
3153103,Presidente Bernardes/MG
1100114,Jaru/RO
3143302,Montes Claros/MG
2208908,Ribeiro Gonçalves/PI
3532603,Nhandeara/SP
4102752,Bela Vista da Caroba/PR
3510401,Capivari/SP
3130051,Icaraí de Minas/MG
2402907,Coronel João Pessoa/RN
4106902,Curitiba/PR
4204152,Celso Ramos/SC
4305454,Cidreira/RS
2707602,Quebrangulo/AL
2908507,Conceição do Jacuípe/BA
1301159,Careiro da Várzea/AM
4310504,Iraí/RS
3556958,Vitória Brasil/SP
1600600,Santana/AP
5103379,Cotriguaçu/MT
2602803,Buíque/PE
3510005,Cândido Mota/SP
3133709,Itatiaiuçu/MG
5209804,Hidrolina/GO
3124906,Eugenópolis/MG
4317509,Santo Ângelo/RS
4304655,Capão do Cipó/RS
5001003,Aparecida do Taboado/MS
1503457,Ipixuna do Pará/PA
2903706,Boa Nova/BA
3552601,Tabapuã/SP
4121208,Quitandinha/PR
2401305,Campo Grande/RN
3531209,Monte Alegre do Sul/SP
3166204,Senhora dos Remédios/MG
2705002,Mata Grande/AL
3203908,Nova Venécia/ES
2922755,Nova Ibiá/BA
1100700,Campo Novo de Rondônia/RO
3145208,Nova Serrana/MG
3154101,Recreio/MG
1507706,São Sebastião da Boa Vista/PA
3526407,Laranjal Paulista/SP
5220686,Simolândia/GO
3166006,Senhora de Oliveira/MG
2802403,Gararu/SE
3524808,Jales/SP
4311205,Júlio de Castilhos/RS
2608750,Lagoa Grande/PE
4308805,General Câmara/RS
3163300,São José do Divino/MG
3513009,Cotia/SP
2920205,Malhada/BA
2616407,Vitória de Santo Antão/PE
4322004,Triunfo/RS
1101203,Ministro Andreazza/RO
2927705,Santa Cruz Cabrália/BA
4315909,Rodeio Bonito/RS
1506195,Rurópolis/PA
2312908,Sobral/CE
4104659,Carambeí/PR
3136009,Joaíma/MG
4314779,Pontão/RS
2922250,Muquém do São Francisco/BA
2709103,Taquarana/AL
2910107,Dom Basílio/BA
5003504,Douradina/MS
3513504,Cubatão/SP
3506201,Bento de Abreu/SP
2304905,Groaíras/CE
2211605,Vila Nova do Piauí/PI
2611533,Quixaba/PE
1304401,Urucurituba/AM
1501709,Bragança/PA
2502409,Bonito de Santa Fé/PB
3300258,Arraial do Cabo/RJ
1706258,Crixás do Tocantins/TO
3141900,Minduri/MG
4117305,Ortigueira/PR
2616308,Vicência/PE
4306056,Cristal/RS
2506707,Imaculada/PB
3123809,Engenheiro Navarro/MG
3119005,Cordislândia/MG
5105101,Juara/MT
2922805,Nova Itarana/BA
2505303,Curral Velho/PB
2110302,Santo Antônio dos Lopes/MA
4112702,Jataizinho/PR
3519071,Hortolândia/SP
5206305,Cristianópolis/GO
1100122,Ji-Paraná/RO
3162906,São João Nepomuceno/MG
2801207,Canindé de São Francisco/SE
5107909,Sinop/MT
2500205,Aguiar/PB
3547106,Santa Mercedes/SP
3117306,Conceição das Alagoas/MG
2504306,Catolé do Rocha/PB
2209658,São Francisco de Assis do Piauí/PI
4310850,Jaboticaba/RS
2804201,Monte Alegre de Sergipe/SE
4319356,São Pedro da Serra/RS
3152131,Ponto Chique/MG
4217204,São Miguel do Oeste/SC
1718006,Porto Alegre do Tocantins/TO
3170578,Vargem Alegre/MG
5006358,Paranhos/MS
3205176,Vila Valério/ES
3551801,Sete Barras/SP
2918100,Jeremoabo/BA
3135456,Jenipapo de Minas/MG
3521606,Irapuru/SP
2513356,Santa Inês/PB
1508001,Tomé-Açu/PA
2516508,Taperoá/PB
5210158,Ipiranga de Goiás/GO
2305233,Horizonte/CE
5209150,Gouvelândia/GO
4312401,Montenegro/RS
4106456,Coronel Domingos Soares/PR
2512002,Pocinhos/PB
4213302,Ponte Alta/SC
3131604,Iraí de Minas/MG
2610707,Paulista/PE
2605202,Escada/PE
2305001,Guaraciaba do Norte/CE
2611903,Rio Formoso/PE
2102408,Cajapió/MA
2931053,Tanque Novo/BA
2930402,Serra Preta/BA
1712801,Maurilândia do Tocantins/TO
3104601,Astolfo Dutra/MG
2103703,Cururupu/MA
1507904,Soure/PA
3122207,Divinolândia de Minas/MG
3541059,Pratânia/SP
1502756,Concórdia do Pará/PA
4309654,Hulha Negra/RS
3512506,Coroados/SP
2905305,Cafarnaum/BA
4108809,Guaíra/PR
3170057,Ubaporanga/MG
5204250,Cachoeira Dourada/GO
5102793,Carlinda/MT
2701803,Carneiros/AL
3148301,Paula Cândido/MG
4213500,Porto Belo/SC
4200507,Águas de Chapecó/SC
2106607,Matões/MA
4308201,Flores da Cunha/RS
2613602,São José do Egito/PE
2924801,Piritiba/BA
3118809,Coração de Jesus/MG
3526001,Junqueirópolis/SP
3118601,Contagem/MG
1721208,Tocantinópolis/TO
1101401,Monte Negro/RO
3548054,Santo Antônio do Aracanguá/SP
2510105,Nova Floresta/PB
3552551,Suzanápolis/SP
3160801,São Bento Abade/MG
3501301,Álvares Machado/SP
2927903,Santa Inês/BA
4128534,Ventania/PR
2610608,Paudalho/PE
4210704,Matos Costa/SC
2202711,Cocal de Telha/PI
3542008,Quintana/SP
2109205,Presidente Juscelino/MA
3121308,Descoberto/MG
3501202,Álvares Florence/SP
1508050,Trairão/PA
2804409,Neópolis/SE
2105005,Humberto de Campos/MA
3302908,Miguel Pereira/RJ
2507101,Itapororoca/PB
2608008,Jataúba/PE
3142304,Moeda/MG
3125200,Fama/MG
2112100,Timbiras/MA
4122602,Rondon/PR
4109401,Guarapuava/PR
2706208,Palestina/AL
2612109,Salgadinho/PE
3111200,Campo Belo/MG
5212600,Mairipotaba/GO
3546256,Santa Cruz da Esperança/SP
3120805,Cruzília/MG
3556602,Vera Cruz/SP
4321857,Três Palmeiras/RS
2802809,Indiaroba/SE
2905800,Camamu/BA
1301654,Guajará/AM
3105103,Bambuí/MG
2308005,Massapê/CE
3157708,Santa Juliana/MG
2102036,Bom Jesus das Selvas/MA
4103602,Cambará/PR
3165107,São Tomás de Aquino/MG
5208103,Formoso/GO
2206720,Nazária/PI
3151701,Poço Fundo/MG
2615003,Taquaritinga do Norte/PE
2606408,Gravatá/PE
4302402,Bom Retiro do Sul/RS
3138351,Leme do Prado/MG
3155801,Rio Pomba/MG
1100148,Nova Brasilândia D'Oeste/RO
2209401,Santo Antônio de Lisboa/PI
4203105,Caibi/SC
5204102,Cachoeira Alta/GO
3305703,Sumidouro/RJ
5104609,Itiquira/MT
3509403,Cajuru/SP
2704500,Maragogi/AL
2923704,Paratinga/BA
2613206,São João/PE
4125555,São Manoel do Paraná/PR
4111100,Itambé/PR
3112604,Capinópolis/MG
4122206,Rio Branco do Sul/PR
1705557,Combinado/TO
4315107,Porto Xavier/RS
4209458,Lajeado Grande/SC
2309805,Pacoti/CE
3157906,Santa Margarida/MG
4208500,Ituporanga/SC
4311643,Linha Nova/RS
3553609,Tapiratiba/SP
2614501,Surubim/PE
2916104,Itaparica/BA
3122306,Divinópolis/MG
4314027,Paraíso do Sul/RS
2403301,Encanto/RN
4115606,Matelândia/PR
4214805,Rio do Sul/SC
3153004,Pratinha/MG
4304309,Cândido Godói/RS
2304806,Granjeiro/CE
2100204,Alcântara/MA
2507507,João Pessoa/PB
2916708,Itaquara/BA
1707009,Dianópolis/TO
2611101,Petrolina/PE
2609709,Orobó/PE
2502151,Boa Vista/PB
5213004,Maurilândia/GO
2805703,Propriá/SE
4313086,Nova Pádua/RS
3509957,Canas/SP
5215603,Padre Bernardo/GO
3522109,Itanhaém/SP
3102902,Antônio Carlos/MG
3164209,São Romão/MG
3101805,Alpercata/MG
3139003,Machado/MG
3165206,São Tomé das Letras/MG
3202652,Irupi/ES
1501725,Brasil Novo/PA
3130804,Ingaí/MG
3523305,Itariri/SP
2303956,Chorozinho/CE
3533809,Óleo/SP
2205573,Lagoa de São Francisco/PI
4110607,Iporã/PR
3204708,São Gabriel da Palha/ES
2905602,Camacan/BA
2600906,Amaraji/PE
3167707,Sobrália/MG
3106002,Bela Vista de Minas/MG
3115904,Chácara/MG
1500909,Augusto Corrêa/PA
4316428,Sagrada Família/RS
5218003,Porangatu/GO
4104105,Campo do Tenente/PR
2928059,Santa Luzia/BA
4319307,São Paulo das Missões/RS
4313490,Novo Barreiro/RS
3129707,Ibiraci/MG
2910701,Euclides da Cunha/BA
3138682,Luislândia/MG
2408953,Rio do Fogo/RN
2208700,Redenção do Gurguéia/PI
3532702,Nipoã/SP
4312708,Nonoai/RS
1703826,Cachoeirinha/TO
3549904,São José dos Campos/SP
3132909,Itamogi/MG
4316451,Salto do Jacuí/RS
3201001,Boa Esperança/ES
2914901,Itacaré/BA
3539004,Pirangi/SP
1506138,Redenção/PA
4315354,Quinze de Novembro/RS
1304005,Silves/AM
4113106,Kaloré/PR
5204854,Campo Limpo de Goiás/GO
1507755,Sapucaia/PA
5103106,Cocalinho/MT
2306553,Itarema/CE
2503209,Cabedelo/PB
2909406,Cotegipe/BA
3550704,São Sebastião/SP
2914802,Itabuna/BA
1709500,Gurupi/TO
1507979,Terra Santa/PA
3205200,Vila Velha/ES
2206696,Murici dos Portelas/PI
3304508,Rio das Flores/RJ
2108504,Pindaré-Mirim/MA
2407104,Macaíba/RN
3114600,Carrancas/MG
2102325,Buriticupu/MA
4301800,Barracão/RS
1714880,Nova Olinda/TO
4310405,Independência/RS
4308078,Fazenda Vilanova/RS
2702207,Coqueiro Seco/AL
2508208,Lagoa de Dentro/PB
4104451,Cantagalo/PR
4100806,Alvorada do Sul/PR
3536307,Patrocínio Paulista/SP
2926509,Ribeira do Amparo/BA
4119202,Pinhalão/PR
4207650,Iporã do Oeste/SC
3551009,São Vicente/SP
3109006,Brumadinho/MG
2206209,Miguel Alves/PI
2306702,Jaguaretama/CE
2708006,Santana do Ipanema/AL
2923407,Palmas de Monte Alto/BA
3542107,Rafard/SP
1504406,Marapanim/PA
3106507,Berilo/MG
3150109,Piau/MG
2804300,Muribeca/SE
1507300,São Félix do Xingu/PA
3521804,Itaí/SP
3133105,Itanhandu/MG
4109807,Ibiporã/PR
3501707,Américo Brasiliense/SP
2604007,Carpina/PE
2510204,Nova Olinda/PB
3170107,Uberaba/MG
2706505,Passo de Camaragibe/AL
2706406,Pão de Açúcar/AL
5214507,Nerópolis/GO
2510402,Olho d'Água/PB
4201257,Apiúna/SC
2104081,Fernando Falcão/MA
2509206,Massaranduba/PB
3527504,Lucianópolis/SP
2403707,Felipe Guerra/RN
5004601,Itaquiraí/MS
2107308,Nova Iorque/MA
4300646,Ametista do Sul/RS
3500907,Altair/SP
2912608,Ibiquera/BA
4120705,Quatiguá/PR
2210102,São José do Peixe/PI
3202405,Guarapari/ES
3508108,Buritama/SP
2200509,Amarante/PI
2916401,Itapetinga/BA
2906709,Cândido Sales/BA
4306924,Engenho Velho/RS
5106158,Nova Bandeirantes/MT
3557006,Votorantim/SP
5007950,Tacuru/MS
4125753,São Pedro do Iguaçu/PR
2703403,Jacaré dos Homens/AL
2401107,Areia Branca/RN
3111705,Canaã/MG
5106299,Paranaíta/MT
2203420,Domingos Mourão/PI
5105903,Nobres/MT
2933505,Wenceslau Guimarães/BA
1503309,Igarapé-Miri/PA
3300605,Bom Jesus do Itabapoana/RJ
5215231,Novo Gama/GO
2601409,Barreiros/PE
3519006,Herculândia/SP
2903300,Barro Preto/BA
1507466,São João da Ponta/PA
2504355,Caturité/PB
1100601,Cacaulândia/RO
3138625,Limeira do Oeste/MG
3503158,Arapeí/SP
4111605,Ivatuba/PR
2911808,Guaratinga/BA
3140407,Marmelópolis/MG
2928406,Santa Rita de Cássia/BA
2906907,Caravelas/BA
2310100,Palmácia/CE
5206602,Cumari/GO
4102000,Assis Chateaubriand/PR
2612703,Santa Maria do Cambucá/PE
2806800,São Domingos/SE
1100023,Ariquemes/RO
3555802,Urânia/SP
4320008,Sapucaia do Sul/RS
4302501,Bossoroca/RS
2205607,Landri Sales/PI
2205581,Lagoa do Piauí/PI
3502309,Anhembi/SP
2700201,Anadia/AL
1507102,São Caetano de Odivelas/PA
4306429,Dois Irmãos das Missões/RS
3103207,Araçaí/MG
4208401,Itapiranga/SC
2109304,Presidente Vargas/MA
3305158,São José do Vale do Rio Preto/RJ
2913903,Ipiaú/BA
3522604,Itapira/SP
2400901,Antônio Martins/RN
4306205,Cruzeiro do Sul/RS
2508000,Juru/PB
2206308,Miguel Leão/PI
2210607,São Raimundo Nonato/PI
3162005,São Gonçalo do Sapucaí/MG
4218954,Urupema/SC
4114708,Maria Helena/PR
3154150,Reduto/MG
4101101,Andirá/PR
3516606,Gália/SP
2308807,Moraújo/CE
2313559,Tururu/CE
2102556,Campestre do Maranhão/MA
3114709,Carvalhópolis/MG
2932804,Utinga/BA
2511608,Pilões/PB
4100301,Agudos do Sul/PR
3157500,Santa Efigênia de Minas/MG
2706000,Olivença/AL
2103505,Colinas/MA
3154705,Ribeirão Vermelho/MG
2806909,São Francisco/SE
2915353,Itaguaçu da Bahia/BA
2106904,Monção/MA
4125704,São Miguel do Iguaçu/PR
2211357,Várzea Branca/PI
3533601,Nuporanga/SP
3169059,Tocos do Moji/MG
2704807,Maribondo/AL
4321402,Tenente Portela/RS
3518107,Guarantã/SP
3169307,Três Corações/MG
3166402,Seritinga/MG
3150208,Piedade de Ponte Nova/MG
3523909,Itu/SP
2912301,Ibicuí/BA
5107305,São José do Rio Claro/MT
3503356,Arco-Íris/SP
3146255,Padre Carvalho/MG
2916302,Itapebi/BA
2304608,General Sampaio/CE
1505064,Novo Repartimento/PA
5206800,Damolândia/GO
2904852,Cabaceiras do Paraguaçu/BA
4320107,Sarandi/RS
2605400,Feira Nova/PE
2931004,Tanhaçu/BA
4119251,Pinhal de São Bento/PR
3151008,Piranguinho/MG
3110806,Campanário/MG
1100320,São Miguel do Guaporé/RO
2901155,América Dourada/BA
2409332,Santa Maria/RN
1100031,Cabixi/RO
1506807,Santarém/PA
4107553,Farol/PR
2709400,Viçosa/AL
2919926,Madre de Deus/BA
2801009,Campo do Brito/SE
2902658,Banzaê/BA
3135803,Jequitinhonha/MG
3147006,Paracatu/MG
3537156,Pedrinhas Paulista/SP
3168101,Tapira/MG
2303907,Chaval/CE
5212907,Marzagão/GO
2207405,Palmeira do Piauí/PI
3303401,Nova Friburgo/RJ
2206670,Morro do Chapéu do Piauí/PI
4314704,Planalto/RS
2701902,Chã Preta/AL
4102406,Bandeirantes/PR
2112209,Timon/MA
3154903,Rio Casca/MG
2904050,Bonito/BA
3520202,Igaratá/SP
3500808,Alfredo Marcondes/SP
4313508,Osório/RS
1508100,Tucuruí/PA
3532108,Murutinga do Sul/SP
5216304,Paranaiguara/GO
3300159,Aperibé/RJ
5200209,Água Limpa/GO
5105176,Juruena/MT
4301073,Arroio do Padre/RS
3546504,Santa Ernestina/SP
4314134,Paulo Bento/RS
3531803,Monte Mor/SP
2513901,São Bento/PB
4314050,Parobé/RS
2403251,Parnamirim/RN
4301909,Barra do Ribeiro/RS
3128709,Guaxupé/MG
2918456,Jucuruçu/BA
3501103,Alto Alegre/SP
2400208,Açu/RN
5008404,Vicentina/MS
2912509,Ibipitanga/BA
4202057,Balneário Barra do Sul/SC
2109056,Porto Rico do Maranhão/MA
4113759,Lunardelli/PR
3131158,Ipaba/MG
5106752,Pontes e Lacerda/MT
5218391,Professor Jamil/GO
2102358,Buritirana/MA
4212908,Pinhalzinho/SC
4320453,Sério/RS
4103354,Braganey/PR
1304237,Tonantins/AM
2406106,Jucurutu/RN
5103403,Cuiabá/MT
3540606,Porto Feliz/SP
5214838,Nova Crixás/GO
3122108,Divino das Laranjeiras/MG
2923308,Ouriçangas/BA
2414456,Triunfo Potiguar/RN
2103406,Coelho Neto/MA
2210706,Simões/PI
3301876,Iguaba Grande/RJ
3164407,São Sebastião da Bela Vista/MG
4215653,Santa Rosa do Sul/SC
3519600,Ibitinga/SP
3553708,Taquaritinga/SP
2112407,Turiaçu/MA
3100708,Água Comprida/MG
2909505,Cravolândia/BA
3115003,Cascalho Rico/MG
3533007,Nova Granada/SP
3134004,Itinga/MG
2507705,Juazeirinho/PB
2517100,Várzea/PB
2100873,Araguanã/MA
2924652,Pintadas/BA
2414407,Touros/RN
4127957,Tupãssi/PR
2925956,Rafael Jambeiro/BA
3121100,Delfim Moreira/MG
4313607,Paim Filho/RS
5103205,Colíder/MT
2407203,Macau/RN
4203501,Campo Erê/SC
2209005,Rio Grande do Piauí/PI
2912905,Ibirataia/BA
2901502,Anguera/BA
2806404,Santana do São Francisco/SE
4200754,Alto Bela Vista/SC
4105607,Cidade Gaúcha/PR
3522158,Itaoca/SP
2603702,Canhotinho/PE
3108206,Bonfinópolis de Minas/MG
3103801,Arapuá/MG
3109105,Bueno Brandão/MG
2701357,Campestre/AL
2805406,Poço Redondo/SE
4115408,Marmeleiro/PR
4204251,Cocal do Sul/SC
3527207,Lorena/SP
4305835,Coqueiro Baixo/RS
2414902,Viçosa/RN
1200401,Rio Branco/AC
4310330,Imbé/RS
3516200,Franca/SP
4110706,Irati/PR
2311702,Reriutaba/CE
4305850,Coqueiros do Sul/RS
2606705,Ibirajuba/PE
4124202,Santo Antônio do Caiuá/PR
3553005,Taguaí/SP
2205532,Jurema/PI
1303700,Santo Antônio do Içá/AM
4306130,Cruzaltense/RS
4304697,Capitão/RS
3160603,Santo Hipólito/MG
3156908,Sacramento/MG
1504455,Medicilândia/PA
2918407,Juazeiro/BA
2920403,Manoel Vitorino/BA
3532900,Nova Europa/SP
2410603,Rafael Godeiro/RN
3543303,Ribeirão Pires/SP
4210100,Mafra/SC
3507456,Borebi/SP
3508207,Buritizal/SP
2514107,São João do Tigre/PB
4214201,Quilombo/SC
4114807,Marialva/PR
4103156,Bom Jesus do Sul/PR
1302801,Maraã/AM
5210000,Inhumas/GO
3303302,Niterói/RJ
2601607,Belém do São Francisco/PE
4312443,Morrinhos do Sul/RS
5106505,Poconé/MT
2210805,Simplício Mendes/PI
5207808,Firminópolis/GO
3160108,Santo Antônio do Grama/MG
2807501,Tomar do Geru/SE
4313656,Palmares do Sul/RS
2203909,Floriano/PI
3127008,Fronteira/MG
2102002,Bom Jardim/MA
3531407,Monte Aprazível/SP
3517000,Getulina/SP
5007935,Sonora/MS
2919504,Livramento de Nossa Senhora/BA
2608255,Jucati/PE
4111803,Jacarezinho/PR
2918803,Laje/BA
2903953,Bom Jesus da Serra/BA
2107407,Olho d'Água das Cunhãs/MA
4300554,Alto Alegre/RS
2911006,Floresta Azul/BA
4214102,Presidente Nereu/SC
2906402,Candeal/BA
4200408,Água Doce/SC
2923803,Paripiranga/BA
3542800,Ribeira/SP
2207009,Oeiras/PI
2902906,Barra do Choça/BA
2609907,Ouricuri/PE
2616506,Xexéu/PE
2403905,Francisco Dantas/RN
3112653,Capitão Andrade/MG
3149507,Pequeri/MG
5106190,Nova Santa Helena/MT
4319109,São Martinho/RS
4119806,Planalto/PR
2912707,Ibirapitanga/BA
5213053,Mimoso de Goiás/GO
1304302,Urucará/AM
3124302,Espinosa/MG
4117297,Novo Itacolomi/PR
2606101,Glória do Goitá/PE
4217105,São Martinho/SC
2308377,Miraíma/CE
4127809,Tomazina/PR
4206900,Ibirama/SC
3105400,Barão de Cocais/MG
2102374,Cachoeira Grande/MA
4317756,Santo Antônio do Planalto/RS
2104677,Governador Nunes Freire/MA
3507803,Brodowski/SP
4318622,São José dos Ausentes/RS
3303203,Nilópolis/RJ
4101705,Araruna/PR
2312809,Senador Sá/CE
2921609,Morpará/BA
3110103,Caiana/MG
5219712,Santo Antônio da Barra/GO
2915502,Itajuípe/BA
2203503,Elesbão Veloso/PI
4323309,Vila Flores/RS
4319406,São Pedro do Sul/RS
4321352,Tavares/RS
1718881,Santa Maria do Tocantins/TO
3163201,São José do Alegre/MG
4309407,Guaporé/RS
4104600,Capitão Leônidas Marques/PR
3145604,Oliveira/MG
1703909,Caseara/TO
3147907,Passos/MG
3155900,Rio Preto/MG
5217708,Pontalina/GO
3112059,Cantagalo/MG
2608602,Lagoa do Ouro/PE
4308409,Formigueiro/RS
3121605,Diamantina/MG
1200385,Plácido de Castro/AC
3143104,Monte Carmelo/MG
3504107,Atibaia/SP
1505502,Paragominas/PA
2607653,Itambé/PE
2919959,Maetinga/BA
3117900,Congonhal/MG
2604304,Cedro/PE
2702603,Feira Grande/AL
1717206,Piraquê/TO
3522703,Itápolis/SP
2601904,Bezerros/PE
4125100,São João do Triunfo/PR
4120606,Prudentópolis/PR
2513158,Santa Cecília/PB
4117206,Nova Olímpia/PR
2909802,Cruz das Almas/BA
4120309,Porto Vitória/PR
4108700,Grandes Rios/PR
2804458,Nossa Senhora Aparecida/SE
3552205,Sorocaba/SP
3200201,Alegre/ES
2209971,São João do Arraial/PI
1718204,Porto Nacional/TO
4111209,Itapejara d'Oeste/PR
4118204,Paranaguá/PR
4111902,Jaguapitã/PR
3139706,Maravilhas/MG
2301901,Barbalha/CE
2102754,Capinzal do Norte/MA
4323705,Vista Gaúcha/RS
3503406,Arealva/SP
4126207,Sapopema/PR
4105201,Cerro Azul/PR
5108402,Várzea Grande/MT
2304954,Guaiúba/CE
4100707,Alto Piquiri/PR
4109757,Ibema/PR
3509601,Campo Limpo Paulista/SP
3144102,Muzambinho/MG
2907004,Cardeal da Silva/BA
1303601,Santa Isabel do Rio Negro/AM
4113700,Londrina/PR
2515708,Serra Grande/PB
3552908,Taciba/SP
5218607,Rialma/GO
4314407,Pelotas/RS
3508603,Cachoeira Paulista/SP
4312757,Nova Alvorada/RS
3165503,Sardoá/MG
3546405,Santa Cruz do Rio Pardo/SP
3536570,Paulistânia/SP
2208809,Regeneração/PI
3526902,Limeira/SP
3156452,Rosário da Limeira/MG
5220702,Sítio d'Abadia/GO
5006606,Ponta Porã/MS
4202404,Blumenau/SC
3157005,Salinas/MG
2911402,Glória/BA
3111903,Cana Verde/MG
5209952,Indiara/GO
2506400,Gurinhém/PB
2303709,Caucaia/CE
1200807,Porto Acre/AC
3100104,Abadia dos Dourados/MG
3514809,Eldorado/SP
1101302,Mirante da Serra/RO
2512788,Riacho de Santo Antônio/PB
4307401,Esmeralda/RS
5201603,Araçu/GO
4316105,Ronda Alta/RS
3164605,São Sebastião do Oeste/MG
2208502,Porto/PI
2206951,Novo Santo Antônio/PI
2502706,Borborema/PB
3119807,Córrego Danta/MG
2614709,Tacaimbó/PE
3162450,São João das Missões/MG
4115200,Maringá/PR
2313203,Tamboril/CE
1501402,Belém/PA
3506409,Bilac/SP
2929404,São Miguel das Matas/BA
2603504,Camocim de São Félix/PE
5106208,Nova Brasilândia/MT
5107958,Tangará da Serra/MT
2313351,Tejuçuoca/CE
2500106,Água Branca/PB
3553807,Taquarituba/SP
3144607,Nepomuceno/MG
2112704,Vargem Grande/MA
2207793,Pau D'Arco do Piauí/PI
4311775,Maquiné/RS
4309902,Ibiraiaras/RS
2109270,Presidente Sarney/MA
2804904,Pacatuba/SE
1716653,Pequizeiro/TO
4311502,Lavras do Sul/RS
5218102,Portelândia/GO
1711902,Lagoa da Confusão/TO
4113809,Lupionópolis/PR
4112801,Joaquim Távora/PR
3532504,Neves Paulista/SP
3556404,Vargem Grande do Sul/SP
4322509,Vacaria/RS
4127304,Terra Rica/PR
4318903,São Luiz Gonzaga/RS
2910206,Dom Macedo Costa/BA
2929909,Seabra/BA
5105580,Marcelândia/MT
2310852,Pindoretama/CE
4115739,Mato Rico/PR
2917300,Ituberá/BA
3140902,Matipó/MG
4121901,Ribeirão do Pinhal/PR
3502606,Aparecida d'Oeste/SP
1507003,Santo Antônio do Tauá/PA
4311304,Lagoa Vermelha/RS
3115409,Catas Altas da Noruega/MG
2615300,Timbaúba/PE
3123106,Dores de Guanhães/MG
1713809,Palmeiras do Tocantins/TO
2411403,Santana do Matos/RN
3168200,Tapiraí/MG
2600807,Altinho/PE
4317251,Santa Tereza/RS
5213509,Monte Alegre de Goiás/GO
5107800,Santo Antônio do Leverger/MT
5007208,Rio Brilhante/MS
2911105,Formosa do Rio Preto/BA
2509057,Marcação/PB
2928604,Santo Amaro/BA
5203906,Buriti Alegre/GO
4311239,Lagoa Bonita do Sul/RS
2511905,Pitimbu/PB
4110508,Ipiranga/PR
1100155,Ouro Preto do Oeste/RO
3203809,Muqui/ES
4319901,Sapiranga/RS
3128808,Guidoval/MG
5217302,Pirenópolis/GO
4321436,Terra de Areia/RS
3166808,Serra do Salitre/MG
4215554,Santa Helena/SC
5220504,Serranópolis/GO
3546801,Santa Isabel/SP
4318804,São Lourenço do Sul/RS
3530409,Mirassolândia/SP
2111300,São Luís/MA
3148756,Pedra Bonita/MG
2202539,Caraúbas do Piauí/PI
3153707,Quartel Geral/MG
1200708,Xapuri/AC
3157658,Santa Helena de Minas/MG
4306379,Dilermando de Aguiar/RS
3203320,Marataízes/ES
2607000,Inajá/PE
1302009,Itapiranga/AM
1100015,Alta Floresta D'Oeste/RO
5207105,Diorama/GO
3503505,Areias/SP
4301305,Arroio Grande/RS
3127339,Gameleiras/MG
2308708,Morada Nova/CE
4321808,Três de Maio/RS
5209903,Iaciara/GO
2411601,São Bento do Norte/RN
3133501,Itapecerica/MG
2404507,Guamaré/RN
3537602,Peruíbe/SP
2509800,Mulungu/PB
3130309,Iguatama/MG
2615706,Triunfo/PE
3503901,Arujá/SP
4321907,Três Passos/RS
3101706,Almenara/MG
2914208,Irajuba/BA
2408607,Paraná/RN
2707008,Pindoba/AL
2922607,Nilo Peçanha/BA
3506805,Bocaina/SP
3102050,Alto Caparaó/MG
3202256,Governador Lindenberg/ES
3547650,Santa Salete/SP
2203859,Floresta do Piauí/PI
3136405,Joaquim Felício/MG
2510303,Nova Palmeira/PB
2901205,Anagé/BA
3502804,Araçatuba/SP
4120655,Quarto Centenário/PR
2307254,Jijoca de Jericoacoara/CE
2301307,Araripe/CE
4120002,Porecatu/PR
1300680,Boa Vista do Ramos/AM
4304622,Capão Bonito do Sul/RS
3118205,Conquista/MG
3108255,Bonito de Minas/MG
4301701,Barão de Cotegipe/RS
2511509,Pilar/PB
2908002,Coaraci/BA
3171600,Virgem da Lapa/MG
4214706,Rio dos Cedros/SC
5106109,Nossa Senhora do Livramento/MT
1100502,Novo Horizonte do Oeste/RO
5103056,Cláudia/MT
4208104,Itaiópolis/SC
2201507,Batalha/PI
2203206,Curimatá/PI
5207501,Estrela do Norte/GO
4319372,São Pedro do Butiá/RS
2919058,Lajedo do Tabocal/BA
4103024,Boa Esperança do Iguaçu/PR
4314787,Ponte Preta/RS
2301000,Aquiraz/CE
4109005,Guapirama/PR
1600212,Cutias/AP
3541208,Presidente Bernardes/SP
3160504,Santo Antônio do Rio Abaixo/MG
5209937,Inaciolândia/GO
3539103,Pirapora do Bom Jesus/SP
2306256,Itaitinga/CE
3524402,Jacareí/SP
5208004,Formosa/GO
1707405,Esperantina/TO
2928901,São Desidério/BA
3130002,Ibituruna/MG
1304104,Tapauá/AM
2924058,Pé de Serra/BA
2805307,Pirambu/SE
3513850,Dirce Reis/SP
3109808,Cachoeira Dourada/MG
4219101,Vargeão/SC
3116100,Chapada do Norte/MG
3549953,São Lourenço da Serra/SP
4100202,Adrianópolis/PR
4113403,Leópolis/PR
2204709,Inhuma/PI
4312427,Mormaço/RS
2305308,Ibiapina/CE
2925253,Ponto Novo/BA
3536604,Paulo de Faria/SP
2513943,São Domingos do Cariri/PB
2909208,Coronel João Sá/BA
2313708,Umari/CE
5215702,Palmeiras de Goiás/GO
4305306,Chapada/RS
3106903,Bicas/MG
3203346,Marechal Floriano/ES
2609105,Machados/PE
3526100,Juquiá/SP
4214904,Rio Fortuna/SC
3102803,Andrelândia/MG
4204707,Cunha Porã/SC
3115359,Catas Altas/MG
4104501,Capanema/PR
4207908,Irineópolis/SC
3302270,Japeri/RJ
3544806,Sales/SP
2708600,São Miguel dos Campos/AL
1300086,Anamã/AM
3513603,Cunha/SP
1703800,Buriti do Tocantins/TO
2801405,Carira/SE
4302451,Boqueirão do Leão/RS
2102804,Carolina/MA
2605707,Floresta/PE
2409100,Passa e Fica/RN
3304128,Quatis/RJ
4315008,Porto Lucena/RS
3522406,Itapeva/SP
3143500,Morada Nova de Minas/MG
3132800,Itambé do Mato Dentro/MG
5222005,Vianópolis/GO
3510500,Caraguatatuba/SP
2924900,Planaltino/BA
3125002,Ewbank da Câmara/MG
2915106,Itagi/BA
2702900,Girau do Ponciano/AL
3152170,Ponto dos Volantes/MG
2210904,Socorro do Piauí/PI
5103254,Colniza/MT
4125506,São José dos Pinhais/PR
2208403,Piripiri/PI
2924702,Piripá/BA
2508109,Lagoa/PB
3539707,Platina/SP
4201406,Araranguá/SC
3114907,Casa Grande/MG
3155702,Rio Piracicaba/MG
3166105,Senhora do Porto/MG
1506401,Santa Cruz do Arari/PA
4124020,Santa Tereza do Oeste/PR
4208906,Jaraguá do Sul/SC
4209003,Joaçaba/SC
3203007,Iúna/ES
2102150,Brejo de Areia/MA
2613800,São Vicente Férrer/PE
2602902,Cabo de Santo Agostinho/PE
4320354,Sentinela do Sul/RS
4208005,Itá/SC
2800209,Aquidabã/SE
2513653,Joca Claudino/PB
4126108,São Tomé/PR
2925303,Porto Seguro/BA
2514305,São José de Caiana/PB
5214606,Niquelândia/GO
1703891,Carrasco Bonito/TO
2409803,Pedro Velho/RN
2515302,Sapé/PB
2100402,Altamira do Maranhão/MA
2915601,Itamaraju/BA
4315305,Quaraí/RS
3200805,Baixo Guandu/ES
3539806,Poá/SP
2929602,Sapeaçu/BA
2907707,Chorrochó/BA
2305654,Ipaporanga/CE
2303105,Cariré/CE
4302055,Benjamin Constant do Sul/RS
3115201,Conceição da Barra de Minas/MG
1600535,Porto Grande/AP
5101852,Bom Jesus do Araguaia/MT
3548609,São Bento do Sapucaí/SP
2311231,Potiretama/CE
4305132,Cerro Branco/RS
4320677,Sinimbu/RS
2307908,Martinópole/CE
4212205,Papanduva/SC
4315321,Quevedos/RS
3170701,Varginha/MG
2611002,Petrolândia/PE
3105202,Bandeira/MG
2917508,Jacobina/BA
3524006,Itupeva/SP
4118105,Paranacity/PR
4201703,Ascurra/SC
3168606,Teófilo Otoni/MG
3165800,Senador José Bento/MG
5007695,São Gabriel do Oeste/MS
2807204,Siriri/SE
4123956,Santa Mônica/PR
3305406,Sapucaia/RJ
2801108,Canhoba/SE
4118402,Paranavaí/PR
3106705,Betim/MG
3538105,Pindorama/SP
1507474,São João de Pirabas/PA
3113909,Carmo da Cachoeira/MG
1700400,Almas/TO
4207304,Imbituba/SC
2204006,Francinópolis/PI
4107306,Doutor Camargo/PR
5206503,Cromínia/GO
2927408,Salvador/BA
2900603,Aiquara/BA
5200100,Abadiânia/GO
3515152,Engenheiro Coelho/SP
3540200,Pontal/SP
3130556,Imbé de Minas/MG
1715259,Novo Jardim/TO
5210208,Iporá/GO
2408102,Natal/RN
4313409,Novo Hamburgo/RS
2108009,Pastos Bons/MA
3303104,Natividade/RJ
4216305,São João Batista/SC
2400505,Alexandria/RN
3152501,Pouso Alegre/MG
1707306,Dueré/TO
2300101,Abaiara/CE
3518008,Guarani d'Oeste/SP
5211602,Ivolândia/GO
3202454,Ibatiba/ES
2614600,Tabira/PE
2209104,Santa Cruz do Piauí/PI
4318465,São José do Herval/RS
3523008,Itapura/SP
2921054,Matina/BA
3154457,Riachinho/MG
3546900,Santa Lúcia/SP
4117255,Nova Prata do Iguaçu/PR
3547908,Santo Antônio da Alegria/SP
4126405,Sertaneja/PR
4215802,São Bento do Sul/SC
3151206,Pirapora/MG
2604601,Condado/PE
2907905,Cipó/BA
3302601,Mangaratiba/RJ
3136520,José Gonçalves de Minas/MG
2606309,Granito/PE
3122355,Divisa Alegre/MG
2606804,Igarassu/PE
2109403,Primeira Cruz/MA
4107652,Fazenda Rio Grande/PR
5220058,São João da Paraúna/GO
3535804,Paranapanema/SP
3154309,Resplendor/MG
3137205,Lagoa da Prata/MG
4215679,Santa Terezinha/SC
2201770,Boa Hora/PI
3505609,Barrinha/SP
4210803,Meleiro/SC
4207601,Ipira/SC
4301958,Barra Funda/RS
1508357,Vitória do Xingu/PA
4309605,Horizontina/RS
2409605,Pedra Preta/RN
2404101,Galinhos/RN
2607406,Itacuruba/PE
3530300,Mirassol/SP
3121902,Divinésia/MG
3132404,Itajubá/MG
1710706,Itaguatins/TO
3140159,Mário Campos/MG
2931509,Teofilândia/BA
4316956,Santa Maria do Herval/RS
5205513,Cocalzinho de Goiás/GO
4123303,Santa Cruz de Monte Castelo/PR
2928703,Santo Antônio de Jesus/BA
4120333,Prado Ferreira/PR
4128625,Alto Paraíso/PR
3146008,Ouro Fino/MG
4211876,Paial/SC
3112208,Capela Nova/MG
4309555,Harmonia/RS
2606002,Garanhuns/PE
5104807,Jaciara/MT
3144805,Nova Lima/MG
4310439,Ipê/RS
2933257,Vereda/BA
3134103,Itueta/MG
3138104,Lassance/MG
1702703,Aurora do Tocantins/TO
4318457,São José das Missões/RS
3144003,Mutum/MG
4106308,Corbélia/PR
3159605,Santa Rita do Sapucaí/MG
2402808,Coronel Ezequiel/RN
4124400,Santo Antônio do Sudoeste/PR
2925758,Presidente Tancredo Neves/BA
5004007,Glória de Dourados/MS
3534005,Onda Verde/SP
3146602,Paiva/MG
2922508,Nazaré/BA
1502806,Curralinho/PA
3303500,Nova Iguaçu/RJ
2707701,Rio Largo/AL
3105707,Barra Longa/MG
3556305,Valparaíso/SP
4216255,São João do Oeste/SC
3549805,São José do Rio Preto/SP
3200607,Aracruz/ES
2204600,Hugo Napoleão/PI
2708204,São Brás/AL
3529500,Mendonça/SP
4219309,Videira/SC
4218509,Treze Tílias/SC
2106359,Marajá do Sena/MA
3151503,Piumhi/MG
3104452,Aricanduva/MG
3150703,Pirajuba/MG
3107307,Bocaiúva/MG
2502805,Brejo do Cruz/PB
3535507,Paraguaçu Paulista/SP
2110906,São Francisco do Maranhão/MA
5215009,Nova Veneza/GO
3512209,Conchal/SP
3140704,Mateus Leme/MG
2111706,São Vicente Ferrer/MA
1600303,Macapá/AP
5105234,Lambari D'Oeste/MT
3555505,Ubirajara/SP
1703073,Barra do Ouro/TO
3533254,Novais/SP
2101301,Bacuri/MA
2202208,Campo Maior/PI
4206504,Guaramirim/SC
2933109,Várzea do Poço/BA
4121109,Quinta do Sol/PR
2302206,Beberibe/CE
2517001,Umbuzeiro/PB
2207801,Paulistana/PI
2900801,Alcobaça/BA
4314100,Passo Fundo/RS
3113503,Carbonita/MG
1500701,Anajás/PA
4111308,Itaúna do Sul/PR
4103404,Cafeara/PR
2101731,Belágua/MA
4300471,Almirante Tamandaré do Sul/RS
2404200,Goianinha/RN
4316204,Rondinha/RS
4105300,Céu Azul/PR
3128501,Guarará/MG
2905008,Caculé/BA
3172103,Volta Grande/MG
4126272,Saudade do Iguaçu/PR
3203130,João Neiva/ES
3125101,Extrema/MG
2930808,Souto Soares/BA
1720978,Talismã/TO
2910602,Esplanada/BA
4321956,Trindade do Sul/RS
2303402,Carnaubal/CE
1504422,Marituba/PA
2515500,Serra Branca/PB
2513703,Santa Rita/PB
3140001,Mariana/MG
3143153,Monte Formoso/MG
3100401,Acaiaca/MG
1720002,Santa Terezinha do Tocantins/TO
2931350,Teixeira de Freitas/BA
3148202,Patrocínio do Muriaé/MG
3512605,Coronel Macedo/SP
2613305,São Joaquim do Monte/PE
2800100,Amparo de São Francisco/SE
3171154,Vermelho Novo/MG
3507407,Borborema/SP
2111409,São Luís Gonzaga do Maranhão/MA
2917201,Ituaçu/BA
5107040,Primavera do Leste/MT
2907608,Central/BA
5210562,Itaguari/GO
3532207,Narandiba/SP
2310704,Pentecoste/CE
2404903,Itaú/RN
3108552,Brasilândia de Minas/MG
2402402,Carnaúba dos Dantas/RN
3552403,Sumaré/SP
5212105,Joviânia/GO
5221080,Teresina de Goiás/GO
2900306,Acajutiba/BA
2913705,Inhambupe/BA
2104057,Estreito/MA
4217501,Seara/SC
2616001,Venturosa/PE
5218904,Rubiataba/GO
3305000,São João da Barra/RJ
2202455,Capitão Gervásio Oliveira/PI
3300308,Barra do Piraí/RJ
2202307,Canto do Buriti/PI
2905404,Cairu/BA
2201606,Beneditinos/PI
2903003,Barra do Mendes/BA
2504405,Conceição/PB
2101905,Bequimão/MA
2516151,Sossêgo/PB
2109007,Porto Franco/MA
1700350,Aliança do Tocantins/TO
4305439,Chuí/RS
2310506,Pedra Branca/CE
2901700,Antônio Cardoso/BA
1503044,Floresta do Araguaia/PA
3517604,Guapiara/SP
3545308,Salto de Pirapora/SP
2103257,Cidelândia/MA
2906899,Caraíbas/BA
2703007,Ibateguara/AL
3130101,Igarapé/MG
3537008,Pedregulho/SP
2512309,Princesa Isabel/PB
3109907,Caetanópolis/MG
3303906,Petrópolis/RJ
3112505,Capim Branco/MG
3165008,São Tiago/MG
5203104,Baliza/GO
3542503,Reginópolis/SP
3504206,Auriflama/SP
3507001,Boituva/SP
3549300,São João do Pau d'Alho/SP
3171709,Virgínia/MG
3148103,Patrocínio/MG
3545407,Salto Grande/SP
2414209,Tibau do Sul/RN
3143906,Muriaé/MG
1300631,Beruri/AM
3149804,Perdizes/MG
5101209,Araguainha/MT
3170503,Urucânia/MG
3524303,Jaboticabal/SP
2302800,Canindé/CE
2308906,Morrinhos/CE
3530805,Mogi Mirim/SP
3120201,Cristais/MG
2700904,Belo Monte/AL
4206108,Grão Pará/SC
2500809,Araçagi/PB
3125952,Fervedouro/MG
3165404,Sapucaí-Mirim/MG
3163102,São José da Varginha/MG
2307304,Juazeiro do Norte/CE
2909109,Coribe/BA
2208858,Riacho Frio/PI
2921500,Monte Santo/BA
4314506,Pinheiro Machado/RS
4316436,Saldanha Marinho/RS
4312153,Mato Leitão/RS
2105658,Junco do Maranhão/MA
2707800,Roteiro/AL
4301404,Arvorezinha/RS
4316303,Roque Gonzales/RS
5213400,Moiporá/GO
2408300,Nova Cruz/RN
3302007,Itaguaí/RJ
2407302,Marcelino Vieira/RN
2924207,Pedro Alexandre/BA
3505906,Batatais/SP
1701051,Angico/TO
2202083,Cajueiro da Praia/PI
3501004,Altinópolis/SP
2926301,Riachão do Jacuípe/BA
1303809,São Gabriel da Cachoeira/AM
2704104,Lagoa da Canoa/AL
3147105,Pará de Minas/MG
3168002,Taiobeiras/MG
1710904,Itapiratins/TO
4304903,Casca/RS
2507903,Juripiranga/PB
1720903,Taguatinga/TO
3537503,Pereiras/SP
2604502,Chã Grande/PE
2606903,Iguaracy/PE
3530201,Mirante do Paranapanema/SP
2501203,Areial/PB
1505304,Oriximiná/PA
4309159,Gramado Xavier/RS
3518503,Guareí/SP
3162203,São João Batista do Glória/MG
3509106,Caiuá/SP
2207553,Paquetá/PI
2403509,Espírito Santo/RN
3136579,Josenópolis/MG
3302502,Magé/RJ
3138401,Leopoldina/MG
3525201,Jarinu/SP
2411429,Santana do Seridó/RN
2112852,Vila Nova dos Martírios/MA
2805604,Porto da Folha/SE
3122405,Divisa Nova/MG
2403756,Fernando Pedroza/RN
4215687,Santa Terezinha do Progresso/SC
3543204,Ribeirão do Sul/SP
2307205,Jati/CE
4100459,Altamira do Paraná/PR
2514503,São José de Piranhas/PB
3167301,Silveirânia/MG
5216007,Panamá/GO
2607208,Ipojuca/PE
2608701,Lagoa dos Gatos/PE
3150505,Pimenta/MG
5220207,São Miguel do Araguaia/GO
4322608,Venâncio Aires/RS
3543238,Ribeirão dos Índios/SP
4322251,Tupandi/RS
4122701,Sabáudia/PR
4213708,Pouso Redondo/SC
2503605,Caiçara/PB
3537107,Pedreira/SP
1502202,Capanema/PA
5007802,Selvíria/MS
2313500,Trairi/CE
3507704,Braúna/SP
5001243,Aral Moreira/MS
3539400,Piratininga/SP
2900108,Abaíra/BA
1302900,Maués/AM
3554656,Torre de Pedra/SP
4311759,Manoel Viana/RS
4210506,Maravilha/SC
1200500,Sena Madureira/AC
2300408,Aiuaba/CE
2609808,Orocó/PE
4113452,Lindoeste/PR
3106606,Bertópolis/MG
2908903,Coração de Maria/BA
4304358,Candiota/RS
4127601,Tijucas do Sul/PR
3548500,Santos/SP
2413805,Taboleiro Grande/RN
5214051,Mundo Novo/GO
2209377,Santa Rosa do Piauí/PI
2514453,São José dos Ramos/PB
3529906,Miracatu/SP
2101806,Benedito Leite/MA
2511301,Piancó/PB
3113206,Carandaí/MG
4206801,Ibicaré/SC
1718758,Rio Sono/TO
4103222,Bom Sucesso do Sul/PR
2914703,Itaberaba/BA
2304004,Coreaú/CE
2919603,Macajuba/BA
2802205,Feira Nova/SE
5209101,Goiatuba/GO
4305371,Charrua/RS
2310902,Piquet Carneiro/CE
3158409,Santana de Cataguases/MG
3126752,Franciscópolis/MG
1506906,Santarém Novo/PA
2516706,Teixeira/PB
4305801,Constantina/RS
2806503,Santa Rosa de Lima/SE
2109106,Presidente Dutra/MA
2921302,Milagres/BA
4107702,Fênix/PR
3302403,Macaé/RJ
3119609,Coronel Pacheco/MG
1701903,Araguacema/TO
3522208,Itapecerica da Serra/SP
3524907,Jambeiro/SP
2414100,Tenente Ananias/RN
2206704,Nazaré do Piauí/PI
2924009,Paulo Afonso/BA
3549607,São José do Barreiro/SP
2604155,Casinhas/PE
2110104,Santa Quitéria do Maranhão/MA
4116604,Nova América da Colina/PR
3171501,Mathias Lobato/MG
2209203,Santa Filomena/PI
2310308,Parambu/CE
3169000,Tocantins/MG
1400050,Alto Alegre/RR
3145802,Onça de Pitangui/MG
2508406,Lastro/PB
4305447,Chuvisca/RS
5205497,Cidade Ocidental/GO
3116605,Cláudio/MG
2514404,São José de Espinharas/PB
3120508,Cristina/MG
2931301,Tapiramutá/BA
2207355,Pajeú do Piauí/PI
4217956,Tigrinhos/SC
2612307,Saloá/PE
5222302,Vila Propício/GO
1200138,Bujari/AC
3152907,Pratápolis/MG
1504000,Limoeiro do Ajuru/PA
3107406,Bom Despacho/MG
1200450,Senador Guiomard/AC
1508407,Xinguara/PA
3150406,Piedade dos Gerais/MG
2504207,Catingueira/PB
5007505,Rochedo/MS
2205557,Lagoa Alegre/PI
4204350,Cordilheira Alta/SC
2702405,Delmiro Gouveia/AL
5104203,Guiratinga/MT
2504108,Carrapateira/PB
1400233,Caroebe/RR
2914307,Iramaia/BA
3139201,Malacacheta/MG
4321006,Tapera/RS
1600204,Calçoene/AP
3156809,Sabinópolis/MG
4205209,Erval Velho/SC
2309904,Pacujá/CE
5214804,Nova Aurora/GO
4202602,Bom Retiro/SC
3139607,Mantena/MG
4100103,Abatiá/PR
1706100,Cristalândia/TO
2613008,São Bento do Una/PE
2600203,Afrânio/PE
2927804,Santa Cruz da Vitória/BA
2612604,Santa Maria da Boa Vista/PE
3103405,Araçuaí/MG
2209856,São João da Canabrava/PI
5104559,Itaúba/MT
4311270,Lagoa dos Três Cantos/RS
2309003,Mucambo/CE
3136108,Joanésia/MG
5107180,Ribeirão Cascalheira/MT
3204252,Ponto Belo/ES
4120200,Porto Rico/PR
5216908,Pilar de Goiás/GO
4322707,Vera Cruz/RS
3534500,Oscar Bressane/SP
2921104,Medeiros Neto/BA
5203559,Bonfinópolis/GO
5005103,Jateí/MS
2304657,Graça/CE
3107604,Bom Jesus da Penha/MG
4300059,Água Santa/RS
2802502,General Maynard/SE
3138609,Lima Duarte/MG
2616209,Vertentes/PE
4103800,Cambira/PR
2611804,Ribeirão/PE
4322186,Tupanci do Sul/RS
3158201,Santa Maria do Suaçuí/MG
2408003,Mossoró/RN
2910800,Feira de Santana/BA
4117271,Nova Tebas/PR
2703601,Japaratinga/AL
1400209,Caracaraí/RR
3120409,Cristiano Otoni/MG
4216602,São José/SC
4110003,Iguaraçu/PR
3115474,Catuti/MG
3165305,São Vicente de Minas/MG
3130408,Ijaci/MG
2513307,Santa Helena/PB
3151404,Pitangui/MG
2107456,Olinda Nova do Maranhão/MA
3120870,Curral de Dentro/MG
3204807,São José do Calçado/ES
4320859,Tabaí/RS
2610301,Paranatama/PE
3520806,Inúbia Paulista/SP
2301802,Baixio/CE
2103554,Conceição do Lago-Açu/MA
5219605,Santa Tereza de Goiás/GO
2930774,Sobradinho/BA
2910776,Feira da Mata/BA
4113601,Lobato/PR
2932200,Ubaitaba/BA
3116308,Cipotânea/MG
5108907,Nova Maringá/MT
2929255,São Gabriel/BA
3538204,Pinhalzinho/SP
2901007,Amargosa/BA
5005707,Naviraí/MS
1700251,Abreulândia/TO
3540903,Pradópolis/SP
2404606,Ielmo Marinho/RN
2701100,Branquinha/AL
4117057,Nova Laranjeiras/PR
2410504,Rafael Fernandes/RN
4101309,Antônio Olinto/PR
5107883,Serra Nova Dourada/MT
2110401,São Benedito do Rio Preto/MA
3140308,Marliéria/MG
3108800,Braúnas/MG
3305604,Silva Jardim/RJ
3203403,Mimoso do Sul/ES
2802700,Ilha das Flores/SE
3512100,Colômbia/SP
2804805,Nossa Senhora do Socorro/SE
1503705,Itupiranga/PA
2930006,Sebastião Laranjeiras/BA
3500303,Aguaí/SP
2305506,Iguatu/CE
2505006,Cubati/PB
2923902,Pau Brasil/BA
3136652,Juatuba/MG
3160405,Santo Antônio do Monte/MG
1715705,Palmeirante/TO
2803203,Itaporanga d'Ajuda/SE
2501534,Baraúna/PB
4123824,Santa Lúcia/PR
2915304,Itagimirim/BA
4211256,Morro Grande/SC
2608800,Lajedo/PE
3154507,Riacho dos Machados/MG
4218350,Treviso/SC
3507753,Brejo Alegre/SP
3304524,Rio das Ostras/RJ
3156502,Rubelita/MG
5003751,Eldorado/MS
2918555,Jussari/BA
4202909,Brusque/SC
3524204,Jaborandi/SP
4108007,Florestópolis/PR
5100250,Alta Floresta/MT
3119906,Córrego do Bom Jesus/MG
3200359,Alto Rio Novo/ES
3142254,Miravânia/MG
3159308,Santa Rita de Jacutinga/MG
3149150,Pedras de Maria da Cruz/MG
3300803,Cachoeiras de Macacu/RJ
4317954,Santo Expedito do Sul/RS
2204907,Isaías Coelho/PI
2310803,Pereiro/CE
3157278,Santa Bárbara do Monte Verde/MG
3136504,Jordânia/MG
4101853,Ariranha do Ivaí/PR
4106704,Cruzeiro do Sul/PR
1713957,Muricilândia/TO
2600401,Água Preta/PE
5202601,Aurilândia/GO
3205101,Viana/ES
3516507,Gabriel Monteiro/SP
3140803,Matias Barbosa/MG
1505551,Pau D'Arco/PA
2706307,Palmeira dos Índios/AL
2411007,Rodolfo Fernandes/RN
1501303,Barcarena/PA
4322533,Vale do Sol/RS
4118501,Pato Branco/PR
2922201,Muniz Ferreira/BA
4311122,Jaquirana/RS
5006275,Paraíso das Águas/MS
3168309,Taquaraçu de Minas/MG
4312104,Mata/RS
3544905,Sales Oliveira/SP
4128401,Uraí/PR
3507100,Bom Jesus dos Perdões/SP
2930766,Sítio do Quinto/BA
4313375,Nova Santa Rita/RS
3162708,São João do Paraíso/MG
1502939,Dom Eliseu/PA
3134806,Jacuí/MG
4317558,Santo Antônio do Palma/RS
4116950,Nova Esperança do Sudoeste/PR
2904803,Caatiba/BA
2107357,Nova Olinda do Maranhão/MA
4309571,Herveiras/RS
3550605,São Roque/SP
3521002,Iperó/SP
3523107,Itaquaquecetuba/SP
2509602,Monte Horebe/PB
1501253,Bannach/PA
3300407,Barra Mansa/RJ
5300108,Brasília/DF
3527702,Luiziânia/SP
3552809,Taboão da Serra/SP
3104502,Arinos/MG
1400506,São João da Baliza/RR
3505005,Barão de Antonina/SP
2925600,Presidente Dutra/BA
2306900,Jaguaribe/CE
5106265,Novo Mundo/MT
2701605,Canapi/AL
3540507,Porangaba/SP
3501152,Alumínio/SP
3503000,Aramina/SP
2109601,Rosário/MA
1300409,Barcelos/AM
1718899,Santa Rita do Tocantins/TO
1504703,Moju/PA
4322400,Uruguaiana/RS
2509370,Mato Grosso/PB
4106605,Cruzeiro do Oeste/PR
1304260,Uarini/AM
3147501,Passabém/MG
5204953,Campos Verdes/GO
2913606,Ilhéus/BA
2512200,Prata/PB
4306809,Encantado/RS
2703304,Inhapi/AL
1200054,Assis Brasil/AC
1716307,Pau D'Arco/TO
2929305,São Gonçalo dos Campos/BA
4309753,Ibarama/RS
2608404,Jurema/PE
2413003,São Vicente/RN
4318432,São João do Polêsine/RS
2920452,Mansidão/BA
4126900,Tapira/PR
2615201,Terra Nova/PE
5007901,Sidrolândia/MS
2101509,Barão de Grajaú/MA
2312106,Santana do Cariri/CE
3512803,Cosmópolis/SP
2305704,Ipaumirim/CE
4312351,Montauri/RS
5207907,Flores de Goiás/GO
2924306,Piatã/BA
3133808,Itaúna/MG
4308003,Faxinal do Soturno/RS
1718709,Rio dos Bois/TO
3531100,Mongaguá/SP
2105203,Igarapé Grande/MA
2300606,Altaneira/CE
2308609,Monsenhor Tabosa/CE
3543402,Ribeirão Preto/SP
1506351,Santa Bárbara do Pará/PA
5213103,Mineiros/GO
2506608,Ibiara/PB
3142205,Miraí/MG
4219150,Vargem/SC
2706448,Paripueira/AL
4202800,Braço do Norte/SC
2500775,Aparecida/PB
4108551,Godoy Moreira/PR
4323408,Vila Maria/RS
3169208,Tombos/MG
4309506,Guarani das Missões/RS
4219002,Urussanga/SC
2602605,Brejo da Madre de Deus/PE
5213905,Mossâmedes/GO
1500305,Afuá/PA
5210802,Itajá/GO
2210508,São Pedro do Piauí/PI
4128609,Verê/PR
3201209,Cachoeiro de Itapemirim/ES
4203956,Capivari de Baixo/SC
4307609,Estância Velha/RS
1706001,Couto Magalhães/TO
4315404,Redentora/RS
2614857,Tamandaré/PE
2602704,Buenos Aires/PE
2207108,Olho D'Água do Piauí/PI
5218706,Rianápolis/GO
3132503,Itamarandiba/MG
3149101,Pedralva/MG
3553500,Tapiraí/SP
2908408,Conceição do Coité/BA
4303673,Campestre da Serra/RS
3126703,Francisco Sá/MG
2804706,Nossa Senhora de Lourdes/SE
3202207,Fundão/ES
3519709,Ibiúna/SP
3147808,Passa Vinte/MG
2803104,Itabi/SE
2907301,Castro Alves/BA
2502102,Boa Ventura/PB
3205010,Sooretama/ES
3167608,Simonésia/MG
3509502,Campinas/SP
3103900,Araújos/MG
1702000,Araguaçu/TO
2408508,Ouro Branco/RN
4315552,Rio dos Índios/RS
4104402,Cândido de Abreu/PR
3133303,Itaobim/MG
3163003,São José da Safira/MG
4120853,Quatro Pontes/PR
2205409,Joaquim Pires/PI
2504033,Capim/PB
5100805,Apiacás/MT
1301902,Itacoatiara/AM
2100832,Apicum-Açu/MA
2309508,Orós/CE
3546702,Santa Gertrudes/SP
3167103,Serro/MG
3153202,Presidente Juscelino/MG
4313300,Nova Prata/RS
5212303,Leopoldo de Bulhões/GO
2915007,Itaeté/BA
3150901,Piranguçu/MG
3534609,Osvaldo Cruz/SP
3147709,Passa Tempo/MG
4304614,Canudos do Vale/RS
3134301,Itumirim/MG
3119104,Corinto/MG
2304277,Ereré/CE
3505203,Bariri/SP
2605509,Ferreiros/PE
4205902,Gaspar/SC
3506904,Bofete/SP
3162500,São João del Rei/MG
4104006,Campina Grande do Sul/PR
2704005,Junqueiro/AL
5222054,Vicentinópolis/GO
2202406,Capitão de Campos/PI
5103601,Dom Aquino/MT
5003801,Fátima do Sul/MS
2514206,São José da Lagoa Tapada/PB
3522307,Itapetininga/SP
3554409,Terra Roxa/SP
2513208,Santa Cruz/PB
2607109,Ingazeira/PE
5208707,Goiânia/GO
2412302,São José do Campestre/RN
2804508,Nossa Senhora da Glória/SE
4312252,Minas do Leão/RS
3536109,Pardinho/SP
2931103,Tanquinho/BA
1500131,Abel Figueiredo/PA
4121307,Rancho Alegre/PR
3148806,Pedra do Anta/MG
1100403,Alto Paraíso/RO
5200134,Acreúna/GO
4102703,Barra do Jacaré/PR
4313904,Panambi/RS
3112901,Caputira/MG
3106309,Belo Oriente/MG
2208650,Queimada Nova/PI
3158706,Santana do Garambéu/MG
2706604,Paulo Jacinto/AL
4202537,Bom Jesus/SC
1504208,Marabá/PA
3117836,Cônego Marinho/MG
2919108,Lamarão/BA
4107520,Esperança Nova/PR
1701002,Ananás/TO
3523503,Itatinga/SP
3106804,Bias Fortes/MG
4117909,Palotina/PR
2917904,Jandaíra/BA
2307007,Jaguaruana/CE
2305407,Icó/CE
5219506,Santa Rosa de Goiás/GO
1301605,Fonte Boa/AM
2513604,Santana dos Garrotes/PB
3201605,Conceição da Barra/ES
3164001,São Pedro dos Ferros/MG
2105708,Lago da Pedra/MA
2609154,Manari/PE
3535408,Panorama/SP
2210052,São José do Divino/PI
3146701,Palma/MG
2208106,Pimenteiras/PI
5215801,Palmelo/GO
2925204,Pojuca/BA
3158508,Santana de Pirapama/MG
2307601,Limoeiro do Norte/CE
3512902,Cosmorama/SP
3141405,Medina/MG
2802908,Itabaiana/SE
2300200,Acaraú/CE
2507309,Jacaraú/PB
2412609,São Paulo do Potengi/RN
5102686,Campos de Júlio/MT
4301750,Barão do Triunfo/RS
4207858,Irati/SC
4211892,Painel/SC
5107404,São Pedro da Cipa/MT
5107768,Santa Rita do Trivelato/MT
3506706,Boa Esperança do Sul/SP
2310258,Paraipaba/CE
4208807,Jaguaruna/SC
3112307,Capelinha/MG
4300505,Alpestre/RS
2410207,Portalegre/RN
2924405,Pilão Arcado/BA
4202008,Balneário Camboriú/SC
2601508,Belém de Maria/PE
4311981,Mariana Pimentel/RS
4306072,Cristal do Sul/RS
4302709,Butiá/RS
2921807,Mortugaba/BA
3138005,Laranjal/MG
1200179,Capixaba/AC
3544301,Roseira/SP
3556008,Urupês/SP
4214409,Rio das Antas/SC
5005681,Mundo Novo/MS
2313807,Uruburetama/CE
1703602,Brasilândia do Tocantins/TO
2918209,Jiquiriçá/BA
2309102,Mulungu/CE
4204103,Caxambu do Sul/SC
4108502,General Carneiro/PR
5002100,Bela Vista/MS
2904100,Boquira/BA
3538501,Piquete/SP
2107209,Nina Rodrigues/MA
4307831,Eugênio de Castro/RS
3136900,Juruaia/MG
1722081,Wanderlândia/TO
4121802,Ribeirão Claro/PR
2516904,Uiraúna/PB
4107546,Espigão Alto do Iguaçu/PR
2112233,Trizidela do Vale/MA
2108454,Peritoró/MA
2904209,Botuporã/BA
2916203,Itapé/BA
4313805,Palmitinho/RS
3170206,Uberlândia/MG
3505807,Bastos/SP
3135308,Japaraíba/MG
4319802,São Vicente do Sul/RS
2611606,Recife/PE
3303609,Paracambi/RJ
4321709,Três Coroas/RS
1711803,Juarina/TO
3518909,Guzolândia/SP
3547502,Santa Rita do Passa Quatro/SP
2101970,Boa Vista do Gurupi/MA
4103453,Cafelândia/PR
2504157,Casserengue/PB
3554805,Tremembé/SP
3204054,Pedro Canário/ES
2509339,Matinhas/PB
3116902,Comendador Gomes/MG
4201604,Arroio Trinta/SC
3167509,Simão Pereira/MG
3137007,Ladainha/MG
2205540,Lagoinha do Piauí/PI
3145356,Novo Oriente de Minas/MG
5209408,Guarani de Goiás/GO
3302452,Macuco/RJ
3117702,Conceição do Rio Verde/MG
5219100,Santa Bárbara de Goiás/GO
2506103,Fagundes/PB
4109302,Guaraniaçu/PR
3124401,Espírito Santo do Dourado/MG
3141009,Mato Verde/MG
2929370,São José do Jacuípe/BA
4300034,Aceguá/RS
3519402,Ibirá/SP
3514106,Dois Córregos/SP
2923506,Palmeiras/BA
4209706,Lebon Régis/SC
4217808,Taió/SC
4215109,Rodeio/SC
4323457,Vila Nova do Sul/RS
2412401,São José do Seridó/RN
2209302,Santa Luz/PI
5215256,Novo Planalto/GO
3123205,Dores do Indaiá/MG
4300703,Anta Gorda/RS
1302504,Manacapuru/AM
2313906,Uruoca/CE
3537404,Pereira Barreto/SP
4209508,Laurentino/SC
2210409,São Miguel do Tapuio/PI
2106672,Milagres do Maranhão/MA
3126604,Francisco Dumont/MG
5205521,Colinas do Sul/GO
4319158,São Miguel das Missões/RS
3101607,Alfenas/MG
4206751,Ibiam/SC
1505205,Oeiras do Pará/PA
2608305,Jupi/PE
2304103,Crateús/CE
2310001,Palhano/CE
5201306,Anicuns/GO
5208608,Goianésia/GO
4117800,Palmital/PR
2405900,João Dias/RN
2103158,Centro do Guilherme/MA
2112506,Tutóia/MA
3135100,Janaúba/MG
2108108,Paulo Ramos/MA
2401909,Caiçara do Rio do Vento/RN
2924603,Pindobaçu/BA
4113205,Lapa/PR
2901106,Amélia Rodrigues/BA
2501401,Baía da Traição/PB
4321626,Travesseiro/RS
3156007,Rio Vermelho/MG
5103908,General Carneiro/MT
4111506,Ivaiporã/PR
5204805,Campo Alegre de Goiás/GO
1100940,Cujubim/RO
2930204,Sento Sé/BA
3129905,Ibitiúra de Minas/MG
4203303,Campo Alegre/SC
2100105,Afonso Cunha/MA
3550407,São Pedro/SP
2412500,São Miguel/RN
2111102,São João dos Patos/MA
2926905,Rio do Pires/BA
3204104,Pinheiros/ES
5107297,São José do Povo/MT
3157203,Santa Bárbara/MG
2917409,Jacaraci/BA
4307708,Esteio/RS
1503077,Garrafão do Norte/PA
4304200,Candelária/RS
2802007,Divina Pastora/SE
2410256,Porto do Mangue/RN
5205406,Ceres/GO
1503606,Itaituba/PA
5212501,Luziânia/GO
4123808,Santa Izabel do Oeste/PR
4209607,Lauro Müller/SC
2109759,Santa Filomena do Maranhão/MA
2101350,Bacurituba/MA
3555109,Tupi Paulista/SP
2513968,São Domingos/PB
2305357,Icapuí/CE
2918704,Lafaiete Coutinho/BA
1707553,Fátima/TO
4113304,Laranjeiras do Sul/PR
2204204,Francisco Santos/PI
2202075,Cajazeiras do Piauí/PI
2912806,Ibirapuã/BA
3104809,Augusto de Lima/MG
3103504,Araguari/MG
2411502,Santo Antônio/RN
2504009,Campina Grande/PB
5001102,Aquidauana/MS
5211701,Jandaia/GO
5108600,Vila Rica/MT
2505105,Cuité/PB
5103957,Glória D'Oeste/MT
4122107,Rio Bom/PR
5221403,Trindade/GO
2926103,Retirolândia/BA
3202108,Ecoporanga/ES
2930709,Simões Filho/BA
3157807,Santa Luzia/MG
3127370,Goiabeira/MG
3533502,Novo Horizonte/SP
4100509,Altônia/PR
3155207,Rio Espera/MG
3158003,Santa Maria de Itabira/MG
3109303,Buritis/MG
4213104,Piratuba/SC
4112207,Janiópolis/PR
4318440,São Jorge/RS
3143609,Morro da Garça/MG
3528304,Magda/SP
2100055,Açailândia/MA
2414159,Tenente Laurentino Cruz/RN
4119657,Pitangueiras/PR
3132107,Itacarambi/MG
4102901,Bituruna/PR
4105409,Chopinzinho/PR
5107941,Tabaporã/MT
2513000,Salgadinho/PB
4322806,Veranópolis/RS
4308458,Fortaleza dos Valos/RS
3117108,Conceição da Aparecida/MG
3503109,Arandu/SP
4115507,Marumbi/PR
4314753,Poço das Antas/RS
3529401,Mauá/SP
2512507,Queimadas/PB
4104303,Campo Mourão/PR
2103307,Codó/MA
3133006,Itamonte/MG
3114303,Carmo do Paranaíba/MG
3127800,Grão Mogol/MG
3159803,Santa Vitória/MG
2803500,Lagarto/SE
2400802,Angicos/RN
3135357,Japonvar/MG
4205100,Dona Emma/SC
4312138,Mato Castelhano/RS
4105508,Cianorte/PR
2501807,Bayeux/PB
2414753,Venha-Ver/RN
3148905,Pedra do Indaiá/MG
3503802,Artur Nogueira/SP
2500734,Amparo/PB
5210307,Israelândia/GO
4200556,Águas Frias/SC
3518602,Guariba/SP
2612554,Santa Filomena/PE
3110707,Cambuquira/MG
4211454,Nova Itaberaba/SC
3512001,Colina/SP
3525854,Jumirim/SP
2906303,Canavieiras/BA
3126307,Fortaleza de Minas/MG
4301859,Barra do Guarita/RS
3537701,Piacatu/SP
1502152,Canaã dos Carajás/PA
2109700,Sambaíba/MA
4114005,Mamborê/PR
3129103,Gurinhatã/MG
3545506,Sandovalina/SP
2931202,Taperoá/BA
4110201,Inácio Martins/PR
5208509,Goiandira/GO
2204154,Francisco Macedo/PI
2105807,Lago do Junco/MA
2708956,Senador Rui Palmeira/AL
2203453,Dom Inocêncio/PI
2305266,Ibaretama/CE
4122909,Salto do Itararé/PR
2207959,Nova Santa Rita/PI
3304755,São Francisco de Itabapoana/RJ
2304509,Frecheirinha/CE
4202156,Belmonte/SC
2301208,Aracoiaba/CE
2911659,Guajeru/BA
5203203,Barro Alto/GO
5005004,Jardim/MS
3551405,Serra Azul/SP
3105608,Barbacena/MG
4106555,Corumbataí do Sul/PR
3169356,Três Marias/MG
2906105,Canápolis/BA
3145059,Nova Porteirinha/MG
2107803,Parnarama/MA
4106209,Contenda/PR
4322350,União da Serra/RS
4214607,Rio do Oeste/SC
3536703,Pederneiras/SP
4310652,Itati/RS
3131307,Ipatinga/MG
3555307,Turmalina/SP
4308300,Fontoura Xavier/RS
4117008,Nova Fátima/PR
2210938,Sussuapara/PI
2909604,Crisópolis/BA
1503200,Igarapé-Açu/PA
5106828,Porto Esperidião/MT
3511409,Cerqueira César/SP
3507209,Borá/SP
2925808,Queimadas/BA
1400407,Normandia/RR
2104701,Graça Aranha/MA
2706109,Ouro Branco/AL
2111953,Sucupira do Riachão/MA
2615805,Tupanatinga/PE
3102407,Alvorada de Minas/MG
3301702,Duque de Caxias/RJ
4216107,São Domingos/SC
4208203,Itajaí/SC
4322558,Vanini/RS
4304705,Carazinho/RS
1101104,Itapuã do Oeste/RO
2705101,Matriz de Camaragibe/AL
4215455,Sangão/SC
1506005,Prainha/PA
3153509,Alto Jequitibá/MG
2209609,São Félix do Piauí/PI
4123204,Santa Cecília do Pavão/PR
2302701,Campos Sales/CE
5106232,Nova Olímpia/MT
4123402,Santa Fé/PR
2707503,Porto Real do Colégio/AL
4122305,Rio Negro/PR
3163508,São José do Jacuri/MG
4307815,Estrela Velha/RS
3552007,Silveiras/SP
3130705,Indianópolis/MG
2101772,Bela Vista do Maranhão/MA
2414506,Umarizal/RN
5008008,Terenos/MS
5106216,Nova Canaã do Norte/MT
4107603,Faxinal/PR
2401404,Baía Formosa/RN
4123501,Santa Helena/PR
2601052,Araçoiaba/PE
2930907,Tabocas do Brejo Velho/BA
3525904,Jundiaí/SP
2705705,Olho d'Água das Flores/AL
2311405,Quixeramobim/CE
3142007,Mirabela/MG
3125408,Felício dos Santos/MG
4302303,Bom Jesus/RS
2412005,São Gonçalo do Amarante/RN
1507953,Tailândia/PA
4103479,Cafezal do Sul/PR
3515657,Fernão/SP
4112504,Jardim Alegre/PR
5106703,Ponte Branca/MT
5000609,Amambai/MS
4103909,Campina da Lagoa/PR
2909703,Cristópolis/BA
2920908,Mascote/BA
2402006,Caicó/RN
5212006,Jaupaci/GO
5106422,Peixoto de Azevedo/MT
3521101,Ipeúna/SP
2407609,Messias Targino/RN
4304606,Canoas/RS
2111763,Senador La Rocque/MA
3300209,Araruama/RJ
2107100,Morros/MA
4115853,Mercedes/PR
3500600,Águas de São Pedro/SP
2209559,São Braz do Piauí/PI
2401206,Arês/RN
2413201,Senador Georgino Avelino/RN
2400307,Afonso Bezerra/RN
3301009,Campos dos Goytacazes/RJ
2312304,São Benedito/CE
4218806,Turvo/SC
4114500,Manoel Ribas/PR
3170305,Umburatiba/MG
4318408,São Jerônimo/RS
2311900,Saboeiro/CE
1200351,Marechal Thaumaturgo/AC
2702702,Feliz Deserto/AL
2919306,Lençóis/BA
1502608,Colares/PA
2605004,Cupira/PE
3538808,Piraju/SP
4125209,São Jorge d'Oeste/PR
3542206,Rancharia/SP
4108650,Goioxim/PR
3155108,Rio do Prado/MG
3116209,Chiador/MG
3523701,Itirapuã/SP
4125902,São Pedro do Paraná/PR
3525300,Jaú/SP
5220405,São Simão/GO
2804003,Maruim/SE
2203255,Curralinhos/PI
3137601,Lagoa Santa/MG
2211308,Valença do Piauí/PI
5007307,Rio Negro/MS
4300208,Ajuricaba/RS
4200200,Agrolândia/SC
2505204,Cuitegi/PB
2613701,São Lourenço da Mata/PE
1302702,Manicoré/AM
1504752,Mojuí dos Campos/PA
4107900,Floresta/PR
4205191,Ermo/SC
2205250,Jardim do Mulato/PI
4102109,Astorga/PR
1715507,Oliveira de Fátima/TO
3153905,Raposos/MG
2703809,Joaquim Gomes/AL
2111722,Satubinha/MA
5205208,Caturaí/GO
4211207,Morro da Fumaça/SC
1713700,Monte Santo do Tocantins/TO
4112900,Jundiaí do Sul/PR
4101408,Apucarana/PR
3122504,Dom Cavati/MG
3162252,São João da Lagoa/MG
4104204,Campo Largo/PR
2112605,Urbano Santos/MA
1505494,Palestina do Pará/PA
2205516,Juazeiro do Piauí/PI
4323507,Vista Alegre/RS
2902302,Aratuípe/BA
5101704,Barra do Bugres/MT
5103858,Gaúcha do Norte/MT
4318507,São José do Norte/RS
2925907,Quijingue/BA
3535606,Paraibuna/SP
4124707,São Jerônimo da Serra/PR
3305307,São Sebastião do Alto/RJ
2601805,Betânia/PE
4107850,Flor da Serra do Sul/PR
1506161,Rio Maria/PA
2910503,Entre Rios/BA
4206652,Guatambú/SC
5103700,Feliz Natal/MT
2205458,Joca Marques/PI
4108957,Guamiranga/PR
1716505,Pedro Afonso/TO
2929701,Sátiro Dias/BA
1505007,Nova Timboteua/PA
2110807,São Félix de Balsas/MA
4112959,Juranda/PR
5214879,Nova Iguaçu de Goiás/GO
3118007,Congonhas/MG
3165909,Senador Modestino Gonçalves/MG
4211652,Novo Horizonte/SC
3541653,Quadra/SP
2900405,Água Fria/BA
5002704,Campo Grande/MS
5206701,Damianópolis/GO
2612471,Santa Cruz da Baixa Verde/PE
2506202,Frei Martinho/PB
4200051,Abdon Batista/SC
4303806,Campinas do Sul/RS
4321105,Tapes/RS
3203205,Linhares/ES
3120003,Córrego Novo/MG
4314076,Passo do Sobrado/RS
2912004,Ibiassucê/BA
3306206,Vassouras/RJ
3116803,Coluna/MG
3544707,Sagres/SP
3522802,Itaporanga/SP
5221007,Taquaral de Goiás/GO
3519253,Iaras/SP
5201108,Anápolis/GO
4317103,Sant'Ana do Livramento/RS
4314068,Passa Sete/RS
3101904,Alpinópolis/MG
2607505,Itaíba/PE
4312476,Morro Reuter/RS
3164308,São Roque de Minas/MG
2902104,Araci/BA
2403202,Doutor Severiano/RN
3541604,Promissão/SP
2313302,Tauá/CE
3200904,Barra de São Francisco/ES
2512101,Pombal/PB
2401701,Bom Jesus/RN
4319000,São Marcos/RS
3555604,Uchoa/SP
4307104,Herval/RS
3527306,Louveira/SP
2105476,Jenipapo dos Vieiras/MA
1505403,Ourém/PA
2700300,Arapiraca/AL
4320552,Sertão Santana/RS
5214903,Nova Roma/GO
4305108,Caxias do Sul/RS
2203305,Demerval Lobão/PI
4309308,Guaíba/RS
4107405,Enéas Marques/PR
5007109,Ribas do Rio Pardo/MS
3120300,Cristália/MG
3134202,Ituiutaba/MG
4103057,Boa Vista da Aparecida/PR
3115508,Caxambu/MG
2507200,Itatuba/PB
3305505,Saquarema/RJ
4118006,Paraíso do Norte/PR
2304707,Granja/CE
3125606,Felisburgo/MG
2112001,Tasso Fragoso/MA
4305116,Centenário/RS
3539608,Planalto/SP
2307809,Marco/CE
4320503,Sertão/RS
3548005,Santo Antônio de Posse/SP
3514304,Dourado/SP
2501500,Bananeiras/PB
3547601,Santa Rosa de Viterbo/SP
3102506,Amparo do Serra/MG
4312377,Monte Alegre dos Campos/RS
3146909,Papagaios/MG
2509107,Mari/PB
3504800,Bálsamo/SP
5107602,Rondonópolis/MT
4121752,Reserva do Iguaçu/PR
5216809,Petrolina de Goiás/GO
5102850,Castanheira/MT
2507408,Jericó/PB
4307500,Espumoso/RS
4209409,Laguna/SC
1507961,Terra Alta/PA
1719004,Santa Tereza do Tocantins/TO
3507506,Botucatu/SP
2507002,Itaporanga/PB
2204105,Francisco Ayres/PI
2414803,Vera Cruz/RN
1716703,Colméia/TO
1720200,São Miguel do Tocantins/TO
5205307,Cavalcante/GO
4126009,São Sebastião da Amoreira/PR
3555000,Tupã/SP
2603009,Cabrobó/PE
2517209,Vieirópolis/PB
1302306,Jutaí/AM
2911907,Iaçu/BA
1501006,Aveiro/PA
2500577,Algodão de Jandaíra/PB
2305803,Ipu/CE
3516804,Gastão Vidigal/SP
2804102,Moita Bonita/SE
5217401,Pires do Rio/GO
3512407,Cordeirópolis/SP
2602308,Bonito/PE
2108306,Penalva/MA
4306007,Crissiumal/RS
4310553,Itacurubi/RS
2515609,Serra da Raiz/PB
3545001,Salesópolis/SP
3533205,Nova Independência/SP
5002159,Bodoquena/MS
2908200,Conceição da Feira/BA
5211008,Itapirapuã/GO
3104403,Argirita/MG
1715002,Nova Rosalândia/TO
4207502,Indaial/SC
1303007,Nhamundá/AM
5208301,Divinópolis de Goiás/GO
3545803,Santa Bárbara d'Oeste/SP
1600808,Vitória do Jari/AP
3300951,Comendador Levy Gasparian/RJ
4217154,São Miguel da Boa Vista/SC
5206206,Cristalina/GO
4111704,Jaboti/PR
5218508,Quirinópolis/GO
5108204,Torixoréu/MT
4306700,Dona Francisca/RS
2311504,Quixeré/CE
2508307,Lagoa Seca/PB
2505238,Cuité de Mamanguape/PB
3109253,Bugre/MG
4312906,Nova Bassano/RS
3503703,Ariranha/SP
2702801,Flexeiras/AL
4124905,São João do Caiuá/PR
2104602,Governador Eugênio Barros/MA
2612802,Santa Terezinha/PE
3551207,Sarutaiá/SP
5200308,Alexânia/GO
4303905,Campo Bom/RS
4316477,Salvador das Missões/RS
3124609,Estrela Dalva/MG
2109502,Riachão/MA
2801702,Cristinápolis/SE
2914604,Irecê/BA
1400472,Rorainópolis/RR
3556909,Vista Alegre do Alto/SP
1300060,Amaturá/AM
1715101,Novo Acordo/TO
4317707,Santo Antônio das Missões/RS
3136603,Nova União/MG
4120358,Pranchita/PR
4303202,Cacique Doble/RS
4313102,Nova Palma/RS
4115457,Marquinho/PR
5205000,Carmo do Rio Verde/GO
2108207,Pedreiras/MA
4118808,Peabiru/PR
3148707,Pedra Azul/MG
2206100,Matias Olímpio/PI
2108256,Pedro do Rosário/MA
3127107,Frutal/MG
1507409,São Francisco do Pará/PA
3506102,Bebedouro/SP
3162559,São João do Manhuaçu/MG
4207809,Irani/SC
2304459,Fortim/CE
2705606,Novo Lino/AL
3531902,Morro Agudo/SP
1100452,Buritis/RO
5101407,Aripuanã/MT
4305009,Catuípe/RS
3201407,Castelo/ES
4307559,Estação/RS
3104106,Arceburgo/MG
3100500,Açucena/MG
3164472,São Sebastião do Anta/MG
2920007,Maiquinique/BA
3170750,Varjão de Minas/MG
2111078,São João do Soter/MA
2704708,Marechal Deodoro/AL
4113007,Jussara/PR
2513984,São Francisco/PB
3537909,Pilar do Sul/SP
2612406,Sanharó/PE
2106375,Maranhãozinho/MA
5221700,Uruana/GO
5004106,Guia Lopes da Laguna/MS
3529609,Meridiano/SP
2916807,Itarantim/BA
3204351,Rio Bananal/ES
1506708,Santana do Araguaia/PA
4218707,Tubarão/SC
3532801,Nova Aliança/SP
4114401,Mangueirinha/PR
1503507,Irituia/PA
3519204,Iacri/SP
2503308,Cachoeira dos Índios/PB
2500403,Alagoa Nova/PB
1700301,Aguiarnópolis/TO
2407252,Major Sales/RN
4103107,Bocaiúva do Sul/PR
3554706,Torrinha/SP
3135506,Jequeri/MG
5211909,Jataí/GO
3170529,Urucuia/MG
3553104,Taiaçu/SP
2205524,Júlio Borges/PI
4124103,Santo Antônio da Platina/PR
1600402,Mazagão/AP
2306108,Irauçuba/CE
4314159,Paverama/RS
3520426,Ilha Comprida/SP
2609204,Maraial/PE
2405207,Janduís/RN
3132008,Itacambira/MG
1702554,Augustinópolis/TO
2202554,Caridade do Piauí/PI
3136207,João Monlevade/MG
3548104,Santo Antônio do Jardim/SP
3528106,Macaubal/SP
3119401,Coronel Fabriciano/MG
3553906,Tarabai/SP
5219209,Santa Cruz de Goiás/GO
4308656,Garruchos/RS
4217303,Saudades/SC
2702553,Estrela de Alagoas/AL
3537800,Piedade/SP
2201739,Betânia do Piauí/PI
2506806,Ingá/PB
2207702,Parnaíba/PI
4313391,Novo Cabrais/RS
2603603,Camutanga/PE
2406502,Lagoa Nova/RN
3546207,Santa Cruz da Conceição/SP
4315701,Rio Pardo/RS
3140530,Martins Soares/MG
4320651,Silveira Martins/RS
4310801,Ivoti/RS
3550100,São Manuel/SP
1507151,São Domingos do Araguaia/PA
4321329,Taquaruçu do Sul/RS
1301852,Iranduba/AM
4321477,Tiradentes do Sul/RS
3554953,Tuiuti/SP
4200309,Agronômica/SC
3161106,São Francisco/MG
4216503,São Joaquim/SC
3520103,Igarapava/SP
3202553,Ibitirama/ES
4308052,Faxinalzinho/RS
2208601,Prata do Piauí/PI
2208007,Picos/PI
4123006,Salto do Lontra/PR
3162104,São Gotardo/MG
4212601,Peritiba/SC
4318051,São Domingos do Sul/RS
3536406,Paulicéia/SP
2310407,Paramoti/CE
5004809,Japorã/MS
4108304,Foz do Iguaçu/PR
3523404,Itatiba/SP
2514602,São José do Bonfim/PB
5201702,Aragarças/GO
4305934,Coronel Pilar/RS
2513505,Santana de Mangueira/PB
2502904,Brejo dos Santos/PB
2708501,São Luís do Quitunde/AL
3509908,Cananéia/SP
4310702,Itatiba do Sul/RS
1501907,Bujaru/PA
4202305,Biguaçu/SC
5002605,Camapuã/MS
1200013,Acrelândia/AC
3143203,Monte Santo de Minas/MG
3169604,Tupaciguara/MG
4213609,Porto União/SC
3535101,Palmares Paulista/SP
2601003,Angelim/PE
4118857,Perobal/PR
5201454,Aparecida do Rio Doce/GO
5208400,Goianápolis/GO
3525508,Joanópolis/SP
2928109,Santa Maria da Vitória/BA
3525607,João Ramalho/SP
3506003,Bauru/SP
2705507,Murici/AL
5103452,Denise/MT
1505486,Pacajá/PA
5000708,Anastácio/MS
2601102,Araripina/PE
4212056,Palmeira/SC
2202109,Campinas do Piauí/PI
3118304,Conselheiro Lafaiete/MG
1504307,Maracanã/PA
2311603,Redenção/CE
3146750,Palmópolis/MG
2803807,Malhada dos Bois/SE
2300150,Acarape/CE
4209904,Lontras/SC
2505352,Damião/PB
1200302,Feijó/AC
3108909,Brazópolis/MG
2201408,Barro Duro/PI
3550209,São Miguel Arcanjo/SP
3146305,Padre Paraíso/MG
4205407,Florianópolis/SC
1502855,Curuá/PA
3101631,Alfredo Vasconcelos/MG
2612901,São Benedito do Sul/PE
5107065,Querência/MT
3145109,Nova Resende/MG
3528403,Mairinque/SP
4118600,Paula Freitas/PR
2933208,Vera Cruz/BA
3512308,Conchas/SP
2206407,Monsenhor Gil/PI
2311959,Salitre/CE
3168051,Taparuba/MG
2404408,Grossos/RN
1703842,Campos Lindos/TO
2503555,Cacimbas/PB
2701209,Cacimbinhas/AL
2201309,Barreiras do Piauí/PI
5216403,Paraúna/GO
2903805,Boa Vista do Tupim/BA
3158607,Santana do Deserto/MG
2304350,Forquilha/CE
5220454,Senador Canedo/GO
3161601,São Geraldo da Piedade/MG
2902054,Araçás/BA
3122801,Dom Viçoso/MG
2200301,Alto Longá/PI
3169802,Turvolândia/MG
3126901,Frei Inocêncio/MG
1508308,Viseu/PA
3114006,Carmo da Mata/MG
2910727,Eunápolis/BA
5100409,Alto Garças/MT
1716109,Paraíso do Tocantins/TO
5101258,Araputanga/MT
4306601,Dom Pedrito/RS
3543501,Riversul/SP
3155603,Rio Pardo de Minas/MG
2507804,Junco do Seridó/PB
4107256,Douradina/PR
2201051,Assunção do Piauí/PI
5108857,Nova Marilândia/MT
2409704,Pedro Avelino/RN
5204706,Campinorte/GO
1500859,Anapu/PA
5221502,Turvânia/GO
2512754,Riachão do Bacamarte/PB
4316972,Santa Margarida do Sul/RS
5105622,Mirassol d'Oeste/MT
1717909,Ponte Alta do Tocantins/TO
3171006,Vazante/MG
3146552,Pai Pedro/MG
3530102,Mirandópolis/SP
3102308,Alvinópolis/MG
3528858,Marapoama/SP
3550902,São Simão/SP
3149952,Periquito/MG
4207684,Ipuaçu/SC
4301636,Balneário Pinhal/RS
2403004,Cruzeta/RN
4216206,São Francisco do Sul/SC
3547403,Santa Rita d'Oeste/SP
3142700,Montalvânia/MG
3161304,São Francisco de Sales/MG
2103174,Centro Novo do Maranhão/MA
4305207,Cerro Largo/RS
3544202,Riolândia/SP
1501956,Cachoeira do Piriá/PA
2100709,Anajatuba/MA
3137502,Lagoa Formosa/MG
3205002,Serra/ES
4323770,Westfália/RS
3518859,Guatapará/SP
3515129,Emilianópolis/SP
2107902,Passagem Franca/MA
2407500,Maxaranguape/RN
2502607,Igaracy/PB
3136306,João Pinheiro/MG
2204550,Guaribas/PI
4204806,Curitibanos/SC
2516300,Sumé/PB
3532306,Natividade da Serra/SP
4107736,Fernandes Pinheiro/PR
4212270,Passos Maia/SC
2922300,Muritiba/BA
3129004,Guiricema/MG
2905909,Campo Alegre de Lourdes/BA
3165537,Sarzedo/MG
3170800,Várzea da Palma/MG
3127404,Gonçalves/MG
4316808,Santa Cruz do Sul/RS
3553856,Taquarivaí/SP
3138708,Luminárias/MG
3534906,Pacaembu/SP
2932705,Uruçuca/BA
3508702,Caconde/SP
3555703,União Paulista/SP
4119905,Ponta Grossa/PR
2700102,Água Branca/AL
2603926,Carnaubeira da Penha/PE
2903235,Barro Alto/BA
3110400,Camacho/MG
3137700,Lajinha/MG
2926707,Rio de Contas/BA
2918506,Jussara/BA
2405504,Jardim de Angicos/RN
4301057,Arroio do Sal/RS
3203353,Marilândia/ES
3129509,Ibiá/MG
2402709,Cerro Corá/RN
3511300,Cedral/SP
4308250,Floriano Peixoto/RS
2902005,Aracatu/BA
1709005,Goiatins/TO
1718550,Riachinho/TO
2403103,Currais Novos/RN
3519055,Holambra/SP
3136702,Juiz de Fora/MG
5212055,Jesúpolis/GO
5105606,Matupá/MT
4309258,Guabiju/RS
3515194,Espírito Santo do Turvo/SP
3160009,Santo Antônio do Aventureiro/MG
4126652,Sulina/PR
3557154,Zacarias/SP
2205706,Luís Correia/PI
2208304,Piracuruca/PI
3135407,Jeceaba/MG
5107248,Santa Carmem/MT
3100807,Aguanil/MG
5106778,Porto Alegre do Norte/MT
5000807,Anaurilândia/MS
3201159,Brejetuba/ES
2203107,Cristino Castro/PI
5106224,Nova Mutum/MT
2611507,Quipapá/PE
2209906,São João da Serra/PI
4110953,Itaipulândia/PR
5205901,Corumbaíba/GO
2500908,Arara/PB
3303955,Pinheiral/RJ
3126000,Florestal/MG
3554102,Taubaté/SP
4320578,Sete de Setembro/RS
3523206,Itararé/SP
2110658,São Domingos do Azeitão/MA
5107701,Rosário Oeste/MT
2515971,Sobrado/PB
3102209,Alvarenga/MG
2402600,Ceará-Mirim/RN
2611408,Primavera/PE
5108303,União do Sul/MT
4315073,Porto Vera Cruz/RS
2928802,Santo Estêvão/BA
5218300,Posse/GO
5214705,Nova América/GO
4119103,Piên/PR
2202802,Conceição do Canindé/PI
1506500,Santa Izabel do Pará/PA
3136801,Juramento/MG
2927101,Rodelas/BA
2209872,São João da Fronteira/PI
4306957,Entre Rios do Sul/RS
3534757,Ouroeste/SP
1101468,Pimenteiras do Oeste/RO
2600302,Agrestina/PE
3540002,Pompéia/SP
2106805,Mirinzal/MA
1505536,Parauapebas/PA
2302057,Barroquinha/CE
2927507,Santa Bárbara/BA
3155009,Rio Doce/MG
5207402,Edéia/GO
2923035,Novo Horizonte/BA
4315131,Pouso Novo/RS
4201505,Armazém/SC
3116704,Coimbra/MG
5108006,Tapurah/MT
2111052,São João do Paraíso/MA
2611705,Riacho das Almas/PE
4300455,Alegria/RS
2513802,Santa Teresinha/PB
4314472,Pinhal Grande/RS
4211405,Nova Erechim/SC
1507508,São João do Araguaia/PA
5003702,Dourados/MS
1709302,Guaraí/TO
4126678,Tamarana/PR
5003488,Dois Irmãos do Buriti/MS
2911204,Gandu/BA
3161502,São Geraldo/MG
2303204,Caririaçu/CE
1500958,Aurora do Pará/PA
3540804,Potirendaba/SP
2205276,Jatobá do Piauí/PI
3520707,Indiaporã/SP
3122454,Divisópolis/MG
2106003,Lima Campos/MA
3152808,Prata/MG
4315156,Progresso/RS
3159506,Santa Rita do Itueto/MG
2605152,Dormentes/PE
2209500,Santo Inácio do Piauí/PI
3119955,Córrego Fundo/MG
3538006,Pindamonhangaba/SP
4308904,Getúlio Vargas/RS
2202251,Canavieira/PI
4213005,Pinheiro Preto/SC
3556107,Valentim Gentil/SP
3549003,São Francisco/SP
3128253,Guaraciama/MG
1712504,Marianópolis do Tocantins/TO
2909000,Cordeiros/BA
4322152,Tunas/RS
3125309,Faria Lemos/MG
2615904,Tuparetama/PE
5107206,Rio Branco/MT
3543006,Ribeirão Branco/SP
3162807,São João Evangelista/MG
2201988,Brejo do Piauí/PI
3300936,Carapebus/RJ
1400027,Amajari/RR
2610103,Palmeirina/PE
2404002,Frutuoso Gomes/RN
5205471,Chapadão do Céu/GO
2708402,São José da Tapera/AL
2310209,Paracuru/CE
2102507,Cajari/MA
4300877,Araricá/RS
2303931,Choró/CE
4323358,Vila Lângaro/RS
2405009,Jaçanã/RN
2110856,São Francisco do Brejão/MA
1712454,Luzinópolis/TO
3104304,Areado/MG
2910859,Filadélfia/BA
3548302,Santo Expedito/SP
4112306,Japira/PR
3100203,Abaeté/MG
3110905,Campanha/MG
3116506,Claro dos Poções/MG
3519808,Icém/SP
1505031,Novo Progresso/PA
4108320,Francisco Alves/PR
3535903,Paranapuã/SP
2209708,São Francisco do Piauí/PI
2104909,Guimarães/MA
4314464,Pinhal da Serra/RS
2500536,Alcantil/PB
3554201,Tejupá/SP
4108908,Guairaçá/PR
4208302,Itapema/SC
3144409,Natércia/MG
2902609,Baixa Grande/BA
2411205,Santa Cruz/RN
3154408,Ressaquinha/MG
4202438,Bocaina do Sul/SC
3201803,Divino de São Lourenço/ES
2903409,Belmonte/BA
2402105,Campo Redondo/RN
3502903,Araçoiaba da Serra/SP
4308508,Frederico Westphalen/RS
4117701,Palmeira/PR
3528007,Macatuba/SP
2917607,Jaguaquara/BA
4203154,Calmon/SC
3147204,Paraguaçu/MG
2204402,Gilbués/PI
4120150,Porto Barreiro/PR
2703700,Jaramataia/AL
3503307,Araras/SP
3507902,Brotas/SP
3515301,Estrela do Norte/SP
2806107,Rosário do Catete/SE
2111748,Senador Alexandre Costa/MA
1707108,Divinópolis do Tocantins/TO
1100254,Presidente Médici/RO
3541406,Presidente Prudente/SP
4319711,São Valentim do Sul/RS
4312617,Muitos Capões/RS
3150307,Piedade do Rio Grande/MG
2407005,Luís Gomes/RN
2613503,São José do Belmonte/PE
3144706,Nova Era/MG
3546603,Santa Fé do Sul/SP
3515186,Espírito Santo do Pinhal/SP
2103901,Duque Bacelar/MA
3123007,Dores de Campos/MG
2100303,Aldeias Altas/MA
2307502,Lavras da Mangabeira/CE
4321469,Tio Hugo/RS
2903508,Belo Campo/BA
4103206,Bom Sucesso/PR
2101202,Bacabal/MA
2412203,São José de Mipibu/RN
3144904,Nova Módica/MG
1501204,Baião/PA
5107792,Santo Antônio do Leste/MT
5202353,Arenópolis/GO
2922854,Nova Redenção/BA
4314902,Porto Alegre/RS
5210901,Itapaci/GO
4101606,Arapoti/PR
5000906,Antônio João/MS
3135902,Jesuânia/MG
2914653,Itabela/BA
4214151,Princesa/SC
3301157,Cardoso Moreira/RJ
2105906,Lago Verde/MA
2506905,Itabaiana/PB
4115705,Matinhos/PR
4107207,Dois Vizinhos/PR
2515807,Serra Redonda/PB
4119400,Piraí do Sul/PR
5207535,Faina/GO
3204906,São Mateus/ES
1701101,Aparecida do Rio Negro/TO
5003900,Figueirão/MS
5203500,Bom Jesus de Goiás/GO
3127388,Goianá/MG
2516102,Soledade/PB
2800407,Arauá/SE
2400703,Alto do Rodrigues/RN
5100201,Água Boa/MT
2503407,Cacimba de Areia/PB
3514502,Duartina/SP
3527900,Lutécia/SP
2707107,Piranhas/AL
2803401,Japoatã/SE
3517208,Guaiçara/SP
4108452,Foz do Jordão/PR
3127909,Grupiara/MG
2409407,Pau dos Ferros/RN
2512903,Rio Tinto/PB
2403806,Florânia/RN
4216909,São Lourenço do Oeste/SC
3159407,Santa Rita de Ibitipoca/MG
3534708,Ourinhos/SP
2206506,Monsenhor Hipólito/PI
3168903,Tiros/MG
3112703,Capitão Enéas/MG
2805901,Riachuelo/SE
3502101,Andradina/SP
4126355,Serranópolis do Iguaçu/PR
4107751,Figueira/PR
2610905,Pesqueira/PE
1301704,Humaitá/AM
5007976,Taquarussu/MS
4321501,Torres/RS
4300851,Arambaré/RS
3555901,Uru/SP
2603454,Camaragibe/PE
2205151,Jacobina do Piauí/PI
2104552,Governador Edison Lobão/MA
3167905,Tabuleiro/MG
1300607,Benjamin Constant/AM
2513109,Salgado de São Félix/PB
3509254,Cajati/SP
3117801,Conceição dos Ouros/MG
3117603,Conceição do Pará/MG
5200159,Adelândia/GO
2302503,Brejo Santo/CE
2104800,Grajaú/MA
2917359,Jaborandi/BA
3502705,Apiaí/SP
3104700,Ataléia/MG
4307450,Esperança do Sul/RS
2912103,Ibicaraí/BA
3543808,Rinópolis/SP
4203808,Canoinhas/SC
2615607,Trindade/PE
1100072,Corumbiara/RO
2610004,Palmares/PE
3108008,Bom Sucesso/MG
4308433,Forquetinha/RS
1506559,Santa Luzia do Pará/PA
5108501,Vera/MT
4316907,Santa Maria/RS
4315453,Relvado/RS
3145372,Novorizonte/MG
4125407,São José da Boa Vista/PR
2200806,Antônio Almeida/PI
2100907,Araioses/MA
3529708,Miguelópolis/SP
2201929,Bonfim do Piauí/PI
2304251,Cruz/CE
2207603,Parnaguá/PI
2106508,Matinha/MA
3304557,Rio de Janeiro/RJ
2211001,Teresina/PI
2206753,Nossa Senhora de Nazaré/PI
4110078,Imbaú/PR
3305752,Tanguá/RJ
3517307,Guaimbê/SP
3149408,Pedro Teixeira/MG
4105003,Catanduvas/PR
3525805,Júlio Mesquita/SP
3521903,Itajobi/SP
4311130,Jari/RS
1507607,São Miguel do Guamá/PA
4128203,União da Vitória/PR
2607901,Jaboatão dos Guararapes/PE
3532058,Motuca/SP
4306973,Erebango/RS
4304630,Capão da Canoa/RS
4124806,São João/PR
3205036,Vargem Alta/ES
3146503,Pains/MG
4210407,Maracajá/SC
1702208,Araguatins/TO
2605608,Flores/PE
3135605,Jequitaí/MG
4215406,Salto Veloso/SC
3108305,Borda da Mata/MG
4314001,Paraí/RS
4203709,Canelinha/SC
5102603,Campinápolis/MT
1506583,Santa Maria das Barreiras/PA
2807402,Tobias Barreto/SE
2509156,Marizópolis/PB
4210035,Luzerna/SC
2921450,Mirante/BA
4300307,Alecrim/RS
2210953,Tamboril do Piauí/PI
5200050,Abadia de Goiás/GO
4126801,Tapejara/PR
1718303,Praia Norte/TO
4116109,Moreira Sales/PR
5203302,Bela Vista de Goiás/GO
4122172,Rio Branco do Ivaí/PR
3520301,Iguape/SP
3114501,Carmópolis de Minas/MG
2933174,Varzedo/BA
4314175,Pedras Altas/RS
2608057,Jatobá/PE
2202505,Caracol/PI
3303005,Miracema/RJ
2205359,João Costa/PI
2207306,Paes Landim/PI
3145505,Olímpio Noronha/MG
3167806,Soledade de Minas/MG
4205803,Garuva/SC
5213772,Montividiu do Norte/GO
3144508,Nazareno/MG
2915809,Itambé/BA
3532827,Nova Campina/SP
3167400,Silvianópolis/MG
5204300,Caçu/GO
2918902,Lajedão/BA
3524600,Jacupiranga/SP
2509503,Montadas/PB
2109908,Santa Inês/MA
1718501,Recursolândia/TO
2104651,Governador Newton Bello/MA
4101200,Antonina/PR
3155306,Rio Manso/MG
2202851,Coronel José Dias/PI
3135209,Januária/MG
3115458,Catuji/MG
3551702,Sertãozinho/SP
3162922,São Joaquim de Bicas/MG
2516201,Sousa/PB
3201902,Domingos Martins/ES
3142809,Monte Alegre de Minas/MG
4128005,Ubiratã/PR
1721109,Tocantínia/TO
3514908,Elias Fausto/SP
3521309,Ipuã/SP
4312054,Marques de Souza/RS
2211704,Wall Ferraz/PI
1100924,Chupinguaia/RO
1500404,Alenquer/PA
2805109,Pedrinhas/SE
2510907,Paulista/PB
4127502,Tibagi/PR
1721307,Tupiratins/TO
3172004,Visconde do Rio Branco/MG
4212700,Petrolândia/SC
2414001,Tangará/RN
3111507,Campos Altos/MG
2300309,Acopiara/CE
4103370,Brasilândia do Sul/PR
2500304,Alagoa Grande/PB
2209351,Santana do Piauí/PI
4102208,Atalaia/PR
5220108,São Luís de Montes Belos/GO
3202702,Itaguaçu/ES
2103109,Cedral/MA
3111309,Campo do Meio/MG
4205704,Garopaba/SC
1100130,Machadinho D'Oeste/RO
4117453,Ouro Verde do Oeste/PR
3539301,Pirassununga/SP
2602209,Bom Jardim/PE
2914406,Iraquara/BA
5002209,Bonito/MS
5219407,Santa Rita do Araguaia/GO
2102077,Bom Lugar/MA
4217550,Serra Alta/SC
2206357,Milton Brandão/PI
1703008,Babaçulândia/TO
2313401,Tianguá/CE
3171303,Viçosa/MG
2932606,Urandi/BA
1718907,Santa Rosa do Tocantins/TO
3514403,Dracena/SP
4307005,Erechim/RS
2101004,Arari/MA
3146404,Paineiras/MG
2306306,Itapajé/CE
3106200,Belo Horizonte/MG
4307906,Farroupilha/RS
4323101,Vicente Dutra/RS
2111607,São Raimundo das Mangabeiras/MA
4310751,Ivorá/RS
3139805,Mar de Espanha/MG
2508505,Livramento/PB
3513405,Cruzeiro/SP
2309300,Nova Russas/CE
4202131,Bela Vista do Toldo/SC
2901809,Antônio Gonçalves/BA
1501758,Brejo Grande do Araguaia/PA
3128303,Guaranésia/MG
2608206,Joaquim Nabuco/PE
4112009,Jaguariaíva/PR
3539509,Pitangueiras/SP
2307635,Madalena/CE
3124807,Estrela do Sul/MG
4301602,Bagé/RS
1101005,Governador Jorge Teixeira/RO
3119203,Coroaci/MG
2203008,Cristalândia do Piauí/PI
2803906,Malhador/SE
1500107,Abaetetuba/PA
3304102,Porciúncula/RJ
3533908,Olímpia/SP
2904902,Cachoeira/BA
3303708,Paraíba do Sul/RJ
2512408,Puxinanã/PB
4212403,Pedras Grandes/SC
3171204,Vespasiano/MG
4205605,Galvão/SC
3139250,Mamonas/MG
2904704,Buerarema/BA
2501005,Araruna/PB
4204178,Cerro Negro/SC
1400282,Iracema/RR
3107109,Boa Esperança/MG
2313252,Tarrafas/CE
2925501,Prado/BA
3156700,Sabará/MG
4312609,Muçum/RS
4202875,Brunópolis/SC
2406809,Lajes Pintadas/RN
2104107,Fortaleza dos Nogueiras/MA
1721000,Palmas/TO
4309050,Glorinha/RS
4322541,Vale Real/RS
2406304,Lagoa de Pedras/RN
3118403,Conselheiro Pena/MG
5219753,Santo Antônio do Descoberto/GO
2104404,Gonçalves Dias/MA
2102705,Cantanhede/MA
4108601,Goioerê/PR
5000203,Água Clara/MS
3142502,Monjolos/MG
3204500,Santa Leopoldina/ES
2933000,Valente/BA
4321493,Toropi/RS
2404853,Itajá/RN
3126505,Francisco Badaró/MG
4107009,Curiúva/PR
2930303,Serra Dourada/BA
3204658,São Domingos do Norte/ES
3532405,Nazaré Paulista/SP
2302909,Capistrano/CE
4312807,Nova Araçá/RS
3510153,Canitar/SP
3525706,José Bonifácio/SP
5208152,Gameleira de Goiás/GO
3106408,Belo Vale/MG
3153806,Queluzito/MG
4128658,Virmond/PR
3109600,Cachoeira da Prata/MG
5217104,Piracanjuba/GO
2928208,Santana/BA
1300102,Anori/AM
2303600,Catarina/CE
3534807,Ouro Verde/SP
1503101,Gurupá/PA
4202859,Braço do Trombudo/SC
3109501,Cabo Verde/MG
2931608,Teolândia/BA
3538600,Piracaia/SP
2506509,Gurjão/PB
2406601,Lagoa Salgada/RN
3300100,Angra dos Reis/RJ
4107504,Engenheiro Beltrão/PR
2909307,Correntina/BA
3509304,Cajobi/SP
2104008,Esperantinópolis/MA
4211306,Navegantes/SC
2931400,Teodoro Sampaio/BA
2600054,Abreu e Lima/PE
3157401,Santa Cruz do Escalvado/MG
5211800,Jaraguá/GO
2409506,Pedra Grande/RN
5104500,Indiavaí/MT
2920304,Malhada de Pedras/BA
4110805,Iretama/PR
2407708,Montanhas/RN
3102852,Angelândia/MG
3135076,Jampruca/MG
3302254,Itatiaia/RJ
2913101,Ibititá/BA
1505635,Piçarra/PA
4306908,Encruzilhada do Sul/RS
4317301,Santa Vitória do Palmar/RS
3515707,Ferraz de Vasconcelos/SP
1303908,São Paulo de Olivença/AM
2917706,Jaguarari/BA
4117222,Nova Santa Rosa/PR
4302352,Bom Princípio/RS
4207403,Imbuia/SC
4108106,Flórida/PR
3116159,Chapada Gaúcha/MG
5100359,Alto Boa Vista/MT
2200400,Altos/PI
3151800,Poços de Caldas/MG
1501105,Bagre/PA
4109500,Guaraqueçaba/PR
2926657,Ribeirão do Largo/BA
2412906,São Tomé/RN
4305405,Chiapetta/RS
2507606,Juarez Távora/PB
3200300,Alfredo Chaves/ES
4209300,Lages/SC
1714302,Nazaré/TO
2926400,Riacho de Santana/BA
4311791,Maratá/RS
2916906,Itiruçu/BA
2207751,Passagem Franca do Piauí/PI
2512606,Quixaba/PB
2400109,Acari/RN
4312450,Morro Redondo/RS
3125804,Fernandes Tourinho/MG
2413508,Serrinha/RN
2606606,Ibimirim/PE
2610509,Passira/PE
4320263,Segredo/RS
3125705,Felixlândia/MG
3123700,Engenheiro Caldas/MG
4210001,Luiz Alves/SC
4103503,Califórnia/PR
3535200,Palmeira d'Oeste/SP
2106102,Loreto/MA
5219803,São Domingos/GO
5105150,Juína/MT
5218052,Porteirão/GO
2107001,Montes Altos/MA
2701506,Campo Grande/AL
3133758,Itaú de Minas/MG
4107157,Diamante D'Oeste/PR
2308302,Milagres/CE
2103802,Dom Pedro/MA
4303707,Campina das Missões/RS
3504305,Avaí/SP
3518701,Guarujá/SP
1100056,Cerejeiras/RO
3200136,Águia Branca/ES
2923001,Nova Viçosa/BA
3123601,Elói Mendes/MG
2910057,Dias d'Ávila/BA
3110608,Cambuí/MG
3544509,Rubinéia/SP
4125001,São João do Ivaí/PR
3120904,Curvelo/MG
2709152,Teotônio Vilela/AL
3545159,Saltinho/SP
1500206,Acará/PA
2111250,São José dos Basílios/MA
2303659,Catunda/CE
2933059,Várzea da Roça/BA
5104542,Itanhangá/MT
3143708,Morro do Pilar/MG
3301306,Casimiro de Abreu/RJ
4117404,Ourizona/PR
5003306,Coxim/MS
2203354,Dirceu Arcoverde/PI
3522000,Itaju/SP
4204756,Cunhataí/SC
4310538,Itaara/RS
1502772,Curionópolis/PA
3137106,Lagamar/MG
4301651,Barão/RS
2701308,Cajueiro/AL
1300706,Boca do Acre/AM
3100906,Águas Formosas/MG
4121604,Renascença/PR
1302405,Lábrea/AM
3129202,Heliodora/MG
4201273,Arabutã/SC
2207934,Pedro Laurentino/PI
3134707,Jacinto/MG
3304201,Resende/RJ
4306452,Dois Lajeados/RS
4317202,Santa Rosa/RS
4116307,Munhoz de Melo/PR
3145901,Ouro Branco/MG
3520608,Indiana/SP
4313201,Nova Petrópolis/RS
2804607,Nossa Senhora das Dores/SE
5201207,Anhanguera/GO
2301950,Barreira/CE
3149903,Perdões/MG
4202453,Bombinhas/SC
1506609,Santa Maria do Pará/PA
1101807,Vale do Paraíso/RO
4308102,Feliz/RS
2516409,Tacima/PB
4114351,Manfrinópolis/PR
2512077,Poço de José de Moura/PB
2308500,Mombaça/CE
3532157,Nantes/SP
5107776,Santa Terezinha/MT
3532009,Morungaba/SP
2700706,Batalha/AL
3543105,Ribeirão Corrente/SP
4313359,Nova Roma do Sul/RS
1300508,Barreirinha/AM
4101150,Ângulo/PR
3301603,Duas Barras/RJ
5209200,Guapó/GO
2407807,Monte Alegre/RN
3549508,São José da Bela Vista/SP
5102678,Campo Verde/MT
3131109,Inimutaba/MG
1711100,Itaporã do Tocantins/TO
2503100,Cabaceiras/PB
3148004,Patos de Minas/MG
3517802,Guaraçaí/SP
3204609,Santa Teresa/ES
3553203,Taiúva/SP
2926004,Remanso/BA
3145851,Oratórios/MG
3141207,Matutina/MG
2307700,Maranguape/CE
2205565,Lagoa do Barro do Piauí/PI
2800506,Areia Branca/SE
4207205,Imaruí/SC
2111805,Sítio Novo/MA
5104906,Jangada/MT
2706901,Pilar/AL
3162948,São José da Barra/MG
2206803,Nossa Senhora dos Remédios/PI
1713205,Miracema do Tocantins/TO
4208708,Jacinto Machado/SC
2106300,Magalhães de Almeida/MA
3517109,Glicério/SP
3139102,Madre de Deus de Minas/MG
3523800,Itobi/SP
3538303,Piquerobi/SP
2602506,Brejinho/PE
2512036,Poço Dantas/PB
3172202,Wenceslau Braz/MG
3144359,Naque/MG
4128633,Doutor Ulysses/PR
3142403,Moema/MG
1504505,Melgaço/PA
2313609,Ubajara/CE
2110500,São Bento/MA
4120507,Primeiro de Maio/PR
5106240,Nova Ubiratã/MT
2501302,Aroeiras/PB
4319208,São Nicolau/RS
2805505,Poço Verde/SE
3201704,Conceição do Castelo/ES
4127965,Turvo/PR
2303006,Caridade/CE
3156106,Ritápolis/MG
1716604,Peixe/TO
2908705,Condeúba/BA
3137809,Lambari/MG
1302207,Juruá/AM
3512704,Corumbataí/SP
3141801,Minas Novas/MG
4312658,Não-Me-Toque/RS
3110202,Cajuri/MG
4107801,Floraí/PR
4104808,Cascavel/PR
4301107,Arroio dos Ratos/RS
4125308,São Jorge do Ivaí/PR
4215000,Rio Negrinho/SC
3538709,Piracicaba/SP
4323200,Victor Graeff/RS
2211506,Vera Mendes/PI
4210902,Modelo/SC
2311264,Quiterianópolis/CE
4311403,Lajeado/RS
4323606,Vista Alegre do Prata/RS
2409902,Pendências/RN
3116407,Claraval/MG
3543907,Rio Claro/SP
4204509,Corupá/SC
4318705,São Leopoldo/RS
2205300,Jerumenha/PI
4125803,São Pedro do Ivaí/PR
3511508,Cerquilho/SP
2101608,Barra do Corda/MA
4204202,Chapecó/SC
1500602,Altamira/PA
3546306,Santa Cruz das Palmeiras/SP
3108602,Brasília de Minas/MG
3103702,Araponga/MG
3165552,Setubinha/MG
3144201,Nacip Raydan/MG
2612455,Santa Cruz/PE
1300300,Autazes/AM
5203401,Bom Jardim de Goiás/GO
4200804,Anchieta/SC
1505106,Óbidos/PA
3520004,Igaraçu do Tietê/SP
2916005,Itanhém/BA
2105351,Itaipava do Grajaú/MA
3515350,Euclides da Cunha Paulista/SP
4311718,Maçambará/RS
5200852,Americano do Brasil/GO
5203609,Brazabrantes/GO
2609402,Moreno/PE
4320305,Selbach/RS
5212709,Mambaí/GO
2414605,Upanema/RN
1301308,Codajás/AM
3148400,Paulistas/MG
3503604,Areiópolis/SP
5203575,Bonópolis/GO
2202091,Caldeirão Grande do Piauí/PI
3111804,Canápolis/MG
2200277,Alegrete do Piauí/PI
2914109,Ipupiara/BA
3104007,Araxá/MG
2705200,Messias/AL
1303569,Rio Preto da Eva/AM
5103353,Confresa/MT
3131901,Itabirito/MG
4203006,Caçador/SC
2801504,Carmópolis/SE
5100300,Alto Araguaia/MT
2911857,Heliópolis/BA
3530607,Mogi das Cruzes/SP
2202703,Cocal/PI
1718840,Sandolândia/TO
2707206,Poço das Trincheiras/AL
2210623,Sebastião Barros/PI
2703502,Jacuípe/AL
2111508,São Mateus do Maranhão/MA
2302008,Barro/CE
3140209,Maripá de Minas/MG
3532843,Nova Canaã Paulista/SP
3143005,Monte Belo/MG
2310951,Pires Ferreira/CE
5219258,Santa Fé de Goiás/GO
2312007,Santana do Acaraú/CE
2919553,Luís Eduardo Magalhães/BA
3127073,Fruta de Leite/MG
4127858,Três Barras do Paraná/PR
4301875,Barra do Quaraí/RS
4306734,Doutor Maurício Cardoso/RS
5102702,Canarana/MT
2614105,Sertânia/PE
5004502,Itaporã/MS
2114007,Zé Doca/MA
3101003,Águas Vermelhas/MG
2501351,Assunção/PB
5221304,Três Ranchos/GO
5213756,Montividiu/GO
2110609,São Bernardo/MA
3166907,Serrania/MG
3544608,Sabino/SP
2610400,Parnamirim/PE
5005251,Laguna Carapã/MS
3121258,Delta/MG
3304706,Santo Antônio de Pádua/RJ
3140506,Martinho Campos/MG
4307054,Ernestina/RS
4116208,Morretes/PR
2303808,Cedro/CE
4208609,Jaborá/SC
3527603,Luís Antônio/SP
2910404,Encruzilhada/BA
4318002,São Borja/RS
4114302,Mandirituba/PR
3557105,Votuporanga/SP
4218202,Timbó/SC
1710508,Itacajá/TO
2932101,Ubaíra/BA
3541505,Presidente Venceslau/SP
3113800,Carmésia/MG
4213203,Pomerode/SC
3500501,Águas de Lindóia/SP
2410900,Riachuelo/RN
2304301,Farias Brito/CE
3540101,Pongaí/SP
2202059,Cabeceiras do Piauí/PI
2208551,Porto Alegre do Piauí/PI
5217609,Planaltina/GO
2503803,Caldas Brandão/PB
2207900,Pedro II/PI
2907509,Catu/BA
2308104,Mauriti/CE
3149002,Pedra Dourada/MG
4323002,Viamão/RS
2210383,São Miguel da Baixa Grande/PI
2800670,Boquim/SE
3551603,Serra Negra/SP
2110708,São Domingos do Maranhão/MA
2313757,Umirim/CE
3301850,Guapimirim/RJ
2901403,Angical/BA
3302809,Mendes/RJ
2210300,São Julião/PI
5215405,Ouro Verde de Goiás/GO
4315602,Rio Grande/RS
4300802,Antônio Prado/RS
5000856,Angélica/MS
4306403,Dois Irmãos/RS
2312700,Senador Pompeu/CE
4219200,Vidal Ramos/SC
3160900,São Brás do Suaçuí/MG
2105989,Lajeado Novo/MA
3126208,Formoso/MG
3164704,São Sebastião do Paraíso/MG
3510708,Cardoso/SP
2931707,Terra Nova/BA
5221551,Turvelândia/GO
2503506,Cacimba de Dentro/PB
4124004,Santana do Itararé/PR
2200202,Água Branca/PI
2103208,Chapadinha/MA
2111672,São Roberto/MA
4320321,Senador Salgado Filho/RS
3201308,Cariacica/ES
5100508,Alto Paraguai/MT
3551504,Serrana/SP
2902203,Aramari/BA
2403400,Equador/RN
4304689,Capela de Santana/RS
5006002,Nova Alvorada do Sul/MS
3529203,Martinópolis/SP
4310876,Jacuizinho/RS
4322855,Vespasiano Corrêa/RS
3103751,Araporã/MG
3533106,Nova Guataporanga/SP
3554003,Tatuí/SP
2504850,Coxixola/PB
2111532,São Pedro da Água Branca/MA
2912400,Ibipeba/BA
3151602,Planura/MG
4127882,Tunas do Paraná/PR
2401008,Apodi/RN
2208874,Ribeira do Piauí/PI
2608909,Limoeiro/PE
4321832,Três Forquilhas/RS
3537305,Penápolis/SP
5008305,Três Lagoas/MS
1502954,Eldorado do Carajás/PA
2703205,Igreja Nova/AL
3547700,Santo Anastácio/SP
4124053,Santa Terezinha de Itaipu/PR
4110409,Indianópolis/PR
3526605,Lavrinhas/SP
5105002,Jauru/MT
3158904,Santana do Manhuaçu/MG
4205308,Faxinal dos Guedes/SC
1301001,Carauari/AM
4205175,Entre Rios/SC
2925105,Poções/BA
3506607,Biritiba Mirim/SP
1302108,Japurá/AM
5106802,Porto dos Gaúchos/MT
4321303,Taquari/RS
2104206,Fortuna/MA
3101201,Aiuruoca/MG
2105609,Joselândia/MA
2311009,Poranga/CE
3122702,Dom Silvério/MG
5003454,Deodápolis/MS
1101609,Theobroma/RO
4118451,Pato Bragado/PR
4313441,Novo Tiradentes/RS
2701001,Boca da Mata/AL
2206050,Massapê do Piauí/PI
3136959,Juvenília/MG
1501600,Bonito/PA
1504901,Muaná/PA
4108205,Formosa do Oeste/PR
2108801,Pirapemas/MA
3131406,Ipiaçu/MG
4121703,Reserva/PR
5200555,Alto Horizonte/GO
3131208,Ipanema/MG
2609303,Mirandiba/PE
3138906,Machacalis/MG
4201000,Anita Garibaldi/SC
3505401,Barra do Turvo/SP
2614402,Solidão/PE
3305133,São José de Ubá/RJ
2200954,Aroeiras do Itaim/PI
2503704,Cajazeiras/PB
4211009,Mondaí/SC
2405108,Jandaíra/RN
4212809,Balneário Piçarras/SC
1503754,Jacareacanga/PA
2101103,Axixá/MA
2108702,Pio XII/MA
2203800,Flores do Piauí/PI
1303957,São Sebastião do Uatumã/AM
3117207,Conceição das Pedras/MG
2600104,Afogados da Ingazeira/PE
3539202,Pirapozinho/SP
3163706,São Lourenço/MG
2312205,Santa Quitéria/CE
4323754,Vitória das Missões/RS
4312674,Nicolau Vergueiro/RS
4217006,São Ludgero/SC
3171907,Virgolândia/MG
1708304,Goianorte/TO
2805802,Riachão do Dantas/SE
1101484,São Felipe D'Oeste/RO
2913457,Igrapiúna/BA
2106631,Matões do Norte/MA
3163607,São José do Mantimento/MG
3304409,Rio Claro/RJ
3152204,Porteirinha/MG
5219001,Sanclerlândia/GO
2932002,Uauá/BA
1702406,Arraias/TO
2107258,Nova Colinas/MA
3144656,Ninheira/MG
3513207,Cristais Paulista/SP
3556701,Vinhedo/SP
3508801,Cafelândia/SP
2204501,Guadalupe/PI
2925709,Presidente Jânio Quadros/BA
4305975,Coxilha/RS
5004700,Ivinhema/MS
4319703,São Valentim/RS
4102604,Barracão/PR
4314548,Pinto Bandeira/RS
5215900,Palminópolis/GO
2412104,São João do Sabugi/RN
4203253,Capão Alto/SC
2901908,Aporá/BA
2604908,Cumaru/PE
4201901,Aurora/SC
4320701,Sobradinho/RS
1300805,Borba/AM
3130606,Inconfidentes/MG
4306551,Dom Pedro de Alcântara/RS
2609006,Macaparana/PE
2500700,São João do Rio do Peixe/PB
3169505,Tumiritinga/MG
1502400,Castanhal/PA
1704600,Chapada de Areia/TO
2205904,Manoel Emídio/PI
3551900,Severínia/SP
1100080,Costa Marques/RO
2413300,Serra de São Bento/RN
2806602,Santo Amaro das Brotas/SE
2913002,Ibitiara/BA
5003157,Coronel Sapucaia/MS
2300705,Alto Santo/CE
1707702,Filadélfia/TO
3160306,Santo Antônio do Jacinto/MG
3158953,Santana do Paraíso/MG
4107124,Diamante do Sul/PR
1301100,Careiro/AM
4101507,Arapongas/PR
1708205,Formoso do Araguaia/TO
2105302,Imperatriz/MA
2505501,Vista Serrana/PB
4128559,Vera Cruz do Oeste/PR
3159357,Santa Rita de Minas/MG
2930154,Serra do Ramalho/BA
3115805,Centralina/MG
1303536,Presidente Figueiredo/AM
3506300,Bernardino de Campos/SP
4317400,Santiago/RS
2931806,Tremedal/BA
3553401,Tanabi/SP
2514800,São José dos Cordeiros/PB
3156304,Rodeiro/MG
3516002,Flórida Paulista/SP
3161007,São Domingos do Prata/MG
1500347,Água Azul do Norte/PA
2504801,Coremas/PB
2923605,Paramirim/BA
5106281,Novo São Joaquim/MT
3542404,Regente Feijó/SP
3536802,Pedra Bela/SP
4310306,Ilópolis/RS
2706802,Piaçabuçu/AL
2202117,Campo Alegre do Fidalgo/PI
4210605,Massaranduba/SC
2703106,Igaci/AL
3162955,São José da Lapa/MG
2209807,São Gonçalo do Piauí/PI
2100501,Alto Parnaíba/MA
2202729,Cocal dos Alves/PI
1303304,Novo Aripuanã/AM
2301109,Aracati/CE
2307650,Maracanaú/CE
4210555,Marema/SC
3162401,São João da Ponte/MG
3306305,Volta Redonda/RJ
4119608,Pitanga/PR
2305209,Hidrolândia/CE
4211504,Nova Trento/SC
2303303,Cariús/CE
2803302,Japaratuba/SE
5215306,Orizona/GO
2201945,Boqueirão do Piauí/PI
3133907,Itaverava/MG
1600501,Oiapoque/AP
2928505,Santa Teresinha/BA
2806206,Salgado/SE
1503002,Faro/PA
5107008,Poxoréu/MT
1502103,Cametá/PA
4323804,Xangri-lá/RS
3501806,Américo de Campos/SP
4304804,Carlos Barbosa/RS
3508306,Cabrália Paulista/SP
2107605,Palmeirândia/MA
4309001,Giruá/RS
2916856,Itatim/BA
3157252,Santa Bárbara do Leste/MG
2911303,Gentio do Ouro/BA
3511003,Castilho/SP
3501400,Álvaro de Carvalho/SP
4315503,Restinga Sêca/RS
3110004,Caeté/MG
4209177,Jupiá/SC
3165578,Senador Amaral/MG
4322103,Tucunduva/RS
4311734,Mampituba/RS
3550803,São Sebastião da Grama/SP
4305587,Colinas/RS
3504008,Assis/SP
5204656,Campinaçu/GO
5107859,São Félix do Araguaia/MT
2807600,Umbaúba/SE
2201705,Bertolínia/PI
4306502,Dom Feliciano/RS
2108603,Pinheiro/MA
3122603,Dom Joaquim/MG
2610806,Pedra/PE
1101435,Nova União/RO
4216008,São Carlos/SC
2309706,Pacatuba/CE
1300904,Canutama/AM
2929354,São José da Vitória/BA
4207106,Ilhota/SC
3203700,Muniz Freire/ES
3113107,Caranaíba/MG
4202578,Bom Jesus do Oeste/SC
3102605,Andradas/MG
3145406,Olaria/MG
3501905,Amparo/SP
2300804,Antonina do Norte/CE
2604403,Chã de Alegria/PE
4306304,David Canabarro/RS
4304507,Canguçu/RS
4301206,Arroio do Tigre/RS
2303501,Cascavel/CE
4106100,Conselheiro Mairinck/PR
3114550,Carneirinho/MG
2919405,Licínio de Almeida/BA
3537206,Pedro de Toledo/SP
2702504,Dois Riachos/AL
4312302,Miraguaí/RS
2102606,Cândido Mendes/MA
2932309,Ubatã/BA
3502408,Anhumas/SP
2406700,Lajes/RN
3130903,Inhapim/MG
2608107,João Alfredo/PE
4304713,Caraá/RS
3108107,Bonfim/MG
3140100,Marilac/MG
4119301,Pinhão/PR
1502905,Curuçá/PA
3533304,Nova Luzitânia/SP
2613107,São Caitano/PE
3505708,Barueri/SP
5204409,Caiapônia/GO
1506112,Quatipuru/PA
4309951,Ibirapuitã/RS
4216404,São João do Sul/SC
3203163,Laranja da Terra/ES
5101605,Barão de Melgaço/MT
2922003,Mucuri/BA
1703883,Carmolândia/TO
1504976,Nova Ipixuna/PA
4204558,Correia Pinto/SC
2506301,Guarabira/PB
2923100,Olindina/BA
5103007,Chapada dos Guimarães/MT
3107703,Bom Jesus do Amparo/MG
3123908,Entre Rios de Minas/MG
2205805,Luzilândia/PI
2105500,João Lisboa/MA
2401602,Bento Fernandes/RN
3306107,Valença/RJ
2501104,Areia/PB
1505650,Placas/PA
3133204,Itanhomi/MG
3115102,Cássia/MG
3304110,Porto Real/RJ
2611200,Poção/PE
2100477,Alto Alegre do Pindaré/MA
3170438,União de Minas/MG
3156403,Romaria/MG
2609501,Nazaré da Mata/PE
4302238,Boa Vista do Incra/RS
4318424,São João da Urtiga/RS
5213806,Morrinhos/GO
1100346,Alvorada D'Oeste/RO
3127701,Governador Valadares/MG
3168804,Tiradentes/MG
3529807,Mineiros do Tietê/SP
2612208,Salgueiro/PE
3101508,Além Paraíba/MG
4105706,Clevelândia/PR
3128907,Guimarânia/MG
3151305,Piraúba/MG
4105102,Centenário do Sul/PR
2514909,São Mamede/PB
3165602,Senador Cortes/MG
3527405,Lucélia/SP
2408805,Parazinho/RN
5100607,Alto Taquari/MT
4110904,Itaguajé/PR
2209955,São João da Varjota/PI
4302253,Boa Vista do Sul/RS
3519303,Ibaté/SP
3128600,Guarda-Mor/MG
2504074,Caraúbas/PB
2922706,Nova Canaã/BA
4314423,Picada Café/RS
3170008,Ubaí/MG
3202801,Itapemirim/ES
2707404,Porto de Pedras/AL
4215075,Riqueza/SC
3160959,São Domingos das Dores/MG
2201903,Bom Jesus/PI
3130655,Indaiabira/MG
2404804,Ipueira/RN
4125357,São Jorge do Patrocínio/PR
3133402,Itapagipe/MG
4204004,Catanduvas/SC
2927002,Rio Real/BA
3505500,Barretos/SP
2111003,São João Batista/MA
3530904,Mombuca/SP
1200336,Mâncio Lima/AC
3545209,Salto/SP
2200251,Alagoinha do Piauí/PI
3515905,Floreal/SP
2501575,Barra de Santana/PB
2206001,Marcos Parente/PI
3501509,Alvinlândia/SP
4322301,Tuparendi/RS
4212239,Paraíso/SC
2106201,Luís Domingues/MA
4115754,Mauá da Serra/PR
5107875,Sapezal/MT
2110278,Santo Amaro do Maranhão/MA
4309209,Gravataí/RS
3140605,Materlândia/MG
2906501,Candeias/BA
3204955,São Roque do Canaã/ES
3107505,Bom Jardim de Minas/MG
2930501,Serrinha/BA
4218004,Tijucas/SC
4317004,Santana da Boa Vista/RS
3104205,Arcos/MG
2607950,Jaqueira/PE
4315172,Protásio Alves/RS
2211100,União/PI
4113502,Loanda/PR
1702109,Araguaína/TO
2605905,Gameleira/PE
3551108,Sarapuí/SP
3503208,Araraquara/SP
5006200,Nova Andradina/MS
3153608,Prudente de Morais/MG
1302603,Manaus/AM
3541000,Praia Grande/SP
2101707,Barreirinhas/MA
2410405,Pureza/RN
4214300,Rancho Queimado/SC
1501808,Breves/PA
4121406,Realeza/PR
4113908,Mallet/PR
4304101,Campos Borges/RS
3515004,Embu das Artes/SP
3144672,Nova Belém/MG
4306353,Dezesseis de Novembro/RS
4303608,Cambará do Sul/RS
4104428,Candói/PR
5107743,Santa Cruz do Xingu/MT
3304003,Piraí/RJ
1508084,Tucumã/PA
2705903,Olho d'Água Grande/AL
3147600,Passa Quatro/MG
2923050,Novo Triunfo/BA
4219408,Witmarsum/SC
2200459,Alvorada do Gurguéia/PI
3543709,Rincão/SP
2922656,Nordestina/BA
2921708,Morro do Chapéu/BA
5209457,Guarinos/GO
2929107,São Felipe/BA
2506004,Esperança/PB
2313104,Tabuleiro do Norte/CE
2906600,Candiba/BA
1712702,Mateiros/TO
3517703,Guará/SP
2203750,Fartura do Piauí/PI
1100296,Santa Luzia D'Oeste/RO
3139409,Manhuaçu/MG
3529658,Mesópolis/SP
1502004,Cachoeira do Arari/PA
5208905,Goiás/GO
2210656,Sigefredo Pacheco/PI
2301851,Banabuiú/CE
4218301,Três Barras/SC
2926202,Riachão das Neves/BA
3169109,Toledo/MG
1506187,Rondon do Pará/PA
2701407,Campo Alegre/AL
3147402,Paraopeba/MG
5107156,Reserva do Cabaçal/MT
3141504,Mendes Pimentel/MG
3541703,Quatá/SP
5101902,Brasnorte/MT
1505809,Portel/PA
5105507,Vila Bela da Santíssima Trindade/MT
4312385,Monte Belo do Sul/RS
4310108,Igrejinha/RS
1400159,Bonfim/RR
4305871,Coronel Barros/RS
2900702,Alagoinhas/BA
1400605,São Luiz/RR
5002951,Chapadão do Sul/MS
3114402,Carmo do Rio Claro/MG
4309704,Humaitá/RS
5209705,Hidrolândia/GO
3547304,Santana de Parnaíba/SP
3166709,Serra dos Aimorés/MG
3509452,Campina do Monte Alegre/SP
4304952,Caseiros/RS
4110300,Inajá/PR
2205953,Marcolândia/PI
4306932,Entre-Ijuís/RS
3109402,Buritizeiro/MG
5005202,Ladário/MS
3549706,São José do Rio Pardo/SP
2500601,Alhandra/PB
4212650,Pescaria Brava/SC
4107108,Diamante do Norte/PR
2512804,Riacho dos Cavalos/PB
1707652,Figueirópolis/TO
3546009,Santa Branca/SP
3541802,Queiroz/SP
3535309,Palmital/SP
4114609,Marechal Cândido Rondon/PR
2504900,Cruz do Espírito Santo/PB
5106372,Pedra Preta/MT
1504802,Monte Alegre/PA
2607703,Itapetim/PE
3151909,Pocrane/MG
2101251,Bacabeira/MA
4106852,Cruzmaltina/PR
3138658,Lontra/MG
2509909,Natuba/PB
1507805,Senador José Porfírio/PA
2412559,São Miguel do Gostoso/RN
2209153,Santa Cruz dos Milagres/PI
4203907,Capinzal/SC
2605103,Custódia/PE
1600279,Laranjal do Jari/AP
4115309,Mariópolis/PR
5216452,Perolândia/GO
4201802,Atalanta/SC
3509205,Cajamar/SP
3162609,São João do Oriente/MG
3128402,Guarani/MG
3111101,Campina Verde/MG
2920601,Maragogipe/BA
3520442,Ilha Solteira/SP
2105948,Lago dos Rodrigues/MA
2410108,Poço Branco/RN
2109551,Ribamar Fiquene/MA
2601300,Barra de Guabiraba/PE
4315750,Riozinho/RS
4319125,São Martinho da Serra/RS
2911501,Gongogi/BA
3500204,Adolfo/SP
2700607,Barra de São Miguel/AL
2907103,Carinhanha/BA
5210604,Itaguaru/GO
4307203,Erval Grande/RS
3508504,Caçapava/SP
4117503,Paiçandu/PR
2306405,Itapipoca/CE
2511004,Pedra Branca/PB
1300029,Alvarães/AM
3153301,Presidente Kubitschek/MG
3515202,Estrela d'Oeste/SP
2801603,Cedro de São João/SE
5213087,Minaçu/GO
3125903,Ferros/MG
4204400,Coronel Freitas/SC
2111573,São Pedro dos Crentes/MA
3303856,Paty do Alferes/RJ
2513406,Santa Luzia/PB
4219358,Vitor Meireles/SC
4309803,Ibiaçá/RS
2505808,Duas Estradas/PB
2504504,Condado/PB
2916609,Itapitanga/BA
2918357,João Dourado/BA
2915403,Itaju do Colônia/BA
2604106,Caruaru/PE
4212254,Passo de Torres/SC
3150604,Piracema/MG
5108105,Tesouro/MT
3521150,Ipiguá/SP
5105259,Lucas do Rio Verde/MT
2933604,Xique-Xique/BA
3524501,Jaci/SP
2928307,Santanópolis/BA
4119707,Planaltina do Paraná/PR
5100102,Acorizal/MT
2919801,Macaúbas/BA
3120706,Cruzeiro da Fortaleza/MG
3515400,Fartura/SP
5221908,Varjão/GO
2708907,Satuba/AL
3557204,Chavantes/SP
4110102,Imbituva/PR
2913309,Ichu/BA
4317905,Santo Cristo/RS
4124509,Santo Inácio/PR
3504503,Avaré/SP
2906808,Cansanção/BA
3154002,Raul Soares/MG
3102100,Alto Rio Doce/MG
3514601,Dumont/SP
5005806,Nioaque/MS
3540309,Pontes Gestal/SP
2105401,Itapecuru Mirim/MA
4105904,Colorado/PR
2412807,São Rafael/RN
4313466,Novo Xingu/RS
2102101,Brejo/MA
3511201,Catiguá/SP
4118709,Paulo Frontin/PR
2110203,Santa Rita/MA
1715150,Novo Alegre/TO
5103361,Conquista D'Oeste/MT
2100550,Amapá do Maranhão/MA
5207253,Doverlândia/GO
3150570,Pintópolis/MG
2801900,Cumbe/SE
2927200,Ruy Barbosa/BA
5211404,Itauçu/GO
5002902,Cassilândia/MS
1505908,Porto de Moz/PA
3163805,São Miguel do Anta/MG
5201801,Aragoiânia/GO
2907558,Caturama/BA
5214408,Nazário/GO
5007406,Rio Verde de Mato Grosso/MS
2921906,Mucugê/BA
2109809,Santa Helena/MA
4101002,Ampére/PR
2913200,Ibotirama/BA
2413409,Serra Negra do Norte/RN
3530508,Mococa/SP
3135704,Jequitibá/MG
4319364,São Pedro das Missões/RS
2508802,Malta/PB
3204302,Presidente Kennedy/ES
1703305,Bom Jesus do Tocantins/TO
4119954,Pontal do Paraná/PR
2922730,Nova Fátima/BA
2903276,Barrocas/BA
3105004,Baldim/MG
4213401,Ponte Serrada/SC
2603108,Cachoeirinha/PE
3152600,Pouso Alto/MG
2206605,Monte Alegre do Piauí/PI
1720804,Sítio Novo do Tocantins/TO
1718451,Pugmil/TO
2929008,São Félix/BA
3305901,Trajano de Moraes/RJ
3526704,Leme/SP
3513702,Descalvado/SP
2200905,Aroazes/PI
2929750,Saubara/BA
4300638,Amaral Ferrador/RS
3130200,Igaratinga/MG
2404705,Ipanguaçu/RN
4215208,Romelândia/SC
3160207,Santo Antônio do Itambé/MG
3501608,Americana/SP
2304285,Eusébio/CE
1702901,Axixá do Tocantins/TO
3531605,Monte Castelo/SP
2929800,Saúde/BA
3300902,Cambuci/RJ
4316758,Santa Clara do Sul/RS
2917102,Itororó/BA
2307403,Jucás/CE
2511400,Picuí/PB
4318101,São Francisco de Assis/RS
2408409,Olho-d'Água do Borges/RN
3300506,Bom Jardim/RJ
3545100,Salmourão/SP
2304400,Fortaleza/CE
1304203,Tefé/AM
3539905,Poloni/SP
2803005,Itabaianinha/SE
3301504,Cordeiro/RJ
4124301,Santo Antônio do Paraíso/PR
5106307,Paranatinga/MT
3168507,Teixeiras/MG
4210050,Macieira/SC
2301505,Arneiroz/CE
5204904,Campos Belos/GO
2406155,Jundiá/RN
3166501,Serra Azul de Minas/MG
4117214,Nova Santa Bárbara/PR
2922409,Mutuípe/BA
2702009,Coité do Nóia/AL
3502507,Aparecida/SP
5222203,Vila Boa/GO
2906857,Capela do Alto Alegre/BA
1600055,Serra do Navio/AP
3167202,Sete Lagoas/MG
2606507,Iati/PE
2928000,Santaluz/BA
3514700,Echaporã/SP
1100379,Alto Alegre dos Parecis/RO
3122009,Divino/MG
4127700,Toledo/PR
2903904,Bom Jesus da Lapa/BA
2105922,Lagoa do Mato/MA
2204352,Geminiano/PI
2708808,São Sebastião/AL
3118700,Coqueiral/MG
1200203,Cruzeiro do Sul/AC
2505402,Desterro/PB
4120804,Quatro Barras/PR
1714203,Natividade/TO
2910305,Elísio Medrado/BA
3162658,São João do Pacuí/MG
2211209,Uruçuí/PI
4112405,Japurá/PR
3140852,Matias Cardoso/MG
3514957,Embaúba/SP
4319505,São Sebastião do Caí/RS
4121505,Rebouças/PR
3303807,Paraty/RJ
1720101,São Bento do Tocantins/TO
4111555,Ivaté/PR
2501906,Belém/PB
2100154,Água Doce do Maranhão/MA
2314102,Viçosa do Ceará/CE
2925931,Quixabeira/BA
5106455,Planalto da Serra/MT
5105200,Juscimeira/MT
1100064,Colorado do Oeste/RO
1505700,Ponta de Pedras/PA
2917003,Itiúba/BA
2613909,Serra Talhada/PE
1503804,Jacundá/PA
5006259,Novo Horizonte do Sul/MS
4202206,Benedito Novo/SC
2612505,Santa Cruz do Capibaribe/PE
2304269,Deputado Irapuan Pinheiro/CE
3548708,São Bernardo do Campo/SP
1501501,Benevides/PA
1507201,São Domingos do Capim/PA
3300704,Cabo Frio/RJ
3124500,Estiva/MG
1504109,Magalhães Barata/PA
2705309,Minador do Negrão/AL
2925006,Planalto/BA
3161403,São Francisco do Glória/MG
2906873,Capim Grosso/BA
2604700,Correntes/PE
4126306,Sengés/PR
4201307,Araquari/SC
4318309,São Gabriel/RS
5002407,Caarapó/MS
4314308,Pejuçara/RS
4317608,Santo Antônio da Patrulha/RS
4321667,Três Cachoeiras/RS
5000252,Alcinópolis/MS
3519907,Iepê/SP
3527801,Lupércio/SP
2904407,Brejolândia/BA
3534401,Osasco/SP
2313005,Solonópole/CE
2608503,Lagoa de Itaenga/PE
3140555,Mata Verde/MG
3121506,Desterro do Melo/MG
2106706,Mirador/MA
3148608,Peçanha/MG
3132206,Itaguara/MG
3117009,Comercinho/MG
5217203,Piranhas/GO
3553658,Taquaral/SP
2901353,Andorinha/BA
3304607,Santa Maria Madalena/RJ
3113602,Careaçu/MG
4111407,Ivaí/PR
4313425,Novo Machado/RS
4300901,Aratiba/RS
2408706,Paraú/RN
2703759,Jequiá da Praia/AL
2309458,Ocara/CE
3522505,Itapevi/SP
3205069,Venda Nova do Imigrante/ES
3116001,Chalé/MG
5210109,Ipameri/GO
1508126,Ulianópolis/PA
2905206,Caetité/BA
3105301,Bandeira do Sul/MG
4310579,Itapuca/RS
3170602,Vargem Bonita/MG
3108503,Botumirim/MG
2603306,Calçado/PE
4207577,Iomerê/SC
2413557,Serrinha dos Pintos/RN
2903102,Barra do Rocha/BA
3301405,Conceição de Macabu/RJ
3506508,Birigui/SP
2501708,Barra de São Miguel/PB
4205431,Formosa do Sul/SC
3103009,Antônio Dias/MG
4308607,Garibaldi/RS
3202504,Ibiraçu/ES
1504950,Nova Esperança do Piriá/PA
2615508,Tracunhaém/PE
4219606,Xavantina/SC
3114204,Carmo do Cajuru/MG
3301108,Cantagalo/RJ
5205109,Catalão/GO
4307302,Erval Seco/RS
3138203,Lavras/MG
2703908,Jundiá/AL
4302907,Cacequi/RS
3146206,Ouro Verde de Minas/MG
3126109,Formiga/MG
5002308,Brasilândia/MS
2201200,Barras/PI
4318614,São José do Sul/RS
5103304,Comodoro/MT
1508035,Tracuateua/PA
5219902,São Francisco de Goiás/GO
5205802,Corumbá de Goiás/GO
4103958,Campina do Simão/PR
3549102,São João da Boa Vista/SP
3513801,Diadema/SP
3508900,Caiabu/SP
3522653,Itapirapuã Paulista/SP
5204607,Campestre de Goiás/GO
3159100,Santana dos Montes/MG
3128105,Guapé/MG
