,GCRN,GCLSTM,LSTM
GCRN,1.0,1.0,0.000601625332457556
GCLSTM,1.0,1.0,0.000601625332457556
LSTM,0.000601625332457556,0.000601625332457556,1.0
