,GCRN,GCLSTM,LSTM
GCRN,1.0,0.12633040923984862,0.33349932504015
GCLSTM,0.12633040923984862,1.0,0.0022586752202296
LSTM,0.33349932504015,0.0022586752202296,1.0
