,GCRN,GCLSTM,LSTM
GCRN,1.0,0.33349932504015,0.012987661373194292
GCLSTM,0.33349932504015,1.0,0.33349932504015
LSTM,0.012987661373194292,0.33349932504015,1.0
