,GCRN,GCLSTM,LSTM
GCRN,1.0,0.03555704186316044,0.0022586752202296
GCLSTM,0.03555704186316044,1.0,0.650495127269293
LSTM,0.0022586752202296,0.650495127269293,1.0
