model,region,phase,event,snapshot,mae_absolute,rmse_absolute,mae_per_100k,rmse_per_100k,mean_observed_incidence_per_100k,mean_relative_error_percent,median_relative_error_percent,population
GCRN,Brasil,surge,1,78,11479.850003548314,12168.934287942571,5.798416059905166,6.146469159904288,2.5300574656107204,704.0927613939284,215.22862870150936,197982516.0
GCRN,Norte,surge,1,78,871.7197213620667,912.2569127274395,5.075713417170864,5.311747042504191,1.5276121931016635,723.2615851715234,289.13990506925654,17174329.0
GCRN,Nordeste,surge,1,78,3827.68200125023,4143.225434262812,7.14662146255367,7.735769011905737,1.2878910222681494,22015.09440987833,525.7147125741882,53559322.0
GCRN,Sudeste,surge,1,78,4286.4682392682325,4567.658457653067,5.219325994477071,5.56171122499477,2.66965054412917,46977.204569289344,166.4585219764881,82126854.0
GCRN,Sul,surge,1,78,1743.7452998201438,1849.9815987682903,6.039336926017339,6.407278736777853,2.875635108837899,564.1531341642357,179.574067591321,28873125.0
GCRN,Centro-Oeste,surge,1,78,1098.5637724189385,1193.5045714183425,6.760855928332185,7.345147054501721,6.364392358608676,1399.3880786746888,142.74252566946575,16248886.0
GCRN,Brasil,surge,1,79,11231.771964590289,11883.828355560701,5.673113056402561,6.002463548630073,2.576814840342795,669.6484362082201,198.07303769001652,197982516.0
GCRN,Norte,surge,1,79,834.7733235051768,878.0506134270554,4.860587703340123,5.1125759465016385,1.6436491725865803,671.5168814852548,265.7854582093155,17174329.0
GCRN,Nordeste,surge,1,79,3740.4933052806473,4076.312239883031,6.983832441494774,7.610836148902391,1.3080289094444075,20874.3695789671,609.9821237391618,53559322.0
GCRN,Sudeste,surge,1,79,4303.124358011565,4503.247135233206,5.23960695975468,5.48328216156095,2.6532995306540985,44550.763823070774,156.8225466116537,82126854.0
GCRN,Sul,surge,1,79,1798.8241820759285,1874.7501555278777,6.230098688922409,6.493062858723736,2.8330844163046516,544.8177734268049,192.30756694577076,28873125.0
GCRN,Centro-Oeste,surge,1,79,963.9157924523917,1037.1875129600166,5.9321961668780965,6.383129975556581,6.903330388345993,1258.6889868358528,82.83098805613548,16248886.0
GCRN,Brasil,surge,1,80,11463.215215014377,12093.491741283175,5.790013909619361,6.108363498766313,2.459271991377835,671.0552637589218,212.91987677830843,197982516.0
GCRN,Norte,surge,1,80,838.5157997796093,873.614739284021,4.882378809557038,5.086747431495117,1.688566721213536,652.001599734324,255.59999775350377,17174329.0
GCRN,Nordeste,surge,1,80,3731.6078234923307,4093.160738174795,6.967242459664316,7.642293788137937,1.2692201363828395,21530.580232489105,680.5079727691235,53559322.0
GCRN,Sudeste,surge,1,80,4299.939475535708,4550.764178041287,5.235728956007139,5.541140268250488,2.5071841033552333,42614.216514078995,192.18870784901208,82126854.0
GCRN,Sul,surge,1,80,1769.2603279654852,1839.6958873886606,6.12770639813143,6.37165491227105,2.8461959596758724,519.9112178364556,195.35314010423053,28873125.0
GCRN,Centro-Oeste,surge,1,80,1033.5598723174196,1120.0315081488834,6.360804502643563,6.892974128496461,6.266803242618406,1355.8787632833664,97.01936447780446,16248886.0
GCRN,Brasil,surge,1,81,11840.039257014918,12421.217733153873,5.98034588923747,6.273896293526178,2.3312664563567584,660.7922751375369,210.77795370310798,197982516.0
GCRN,Norte,surge,1,81,846.444018651361,875.85234886401,4.9285420038905805,5.099776235007551,1.7309888431370646,631.8351819798311,235.9518142242402,17174329.0
GCRN,Nordeste,surge,1,81,3818.9104722031475,4135.655415119204,7.13024424058831,7.721635115394486,1.1980040406035959,18663.03997423047,784.8908250162692,53559322.0
GCRN,Sudeste,surge,1,81,4453.703625423153,4737.3303725394835,5.4229565708472816,5.768308588247498,2.2673112758441363,40601.418675531226,235.73128643603624,82126854.0
GCRN,Sul,surge,1,81,1778.2080002379748,1839.8940650601103,6.158696020046236,6.372341286438895,2.857823179671246,510.2198544543088,184.61149425073845,28873125.0
GCRN,Centro-Oeste,surge,1,81,1144.4802482528285,1195.1126206510944,7.0434382286442805,7.35504342052184,6.088769065289201,1383.6962136892885,110.06190855777947,16248886.0
GCRN,Brasil,surge,1,82,11704.124484137992,12323.611922046957,5.911696002559132,6.224596075972162,2.252399464692573,673.8680981934697,266.3820049403265,197982516.0
GCRN,Norte,surge,1,82,808.798341997526,833.8025385795985,4.70934463871937,4.8549351685273905,1.8553438847948514,554.8324291206957,214.29879845618453,17174329.0
GCRN,Nordeste,surge,1,82,3721.1889517230106,4064.827339307524,6.947789502867513,7.589392821864929,1.2080063015643794,18520.24953431252,725.6041207813901,53559322.0
GCRN,Sudeste,surge,1,82,4558.526269426496,4844.008333624082,5.550591612125427,5.898202716524466,2.0552699684104345,42667.28261665388,310.97218485736744,82126854.0
GCRN,Sul,surge,1,82,1846.8827822786898,1909.932127335408,6.396546207861774,6.614913097683082,2.7118644115379733,526.6774436608033,177.0364007286799,28873125.0
GCRN,Centro-Oeste,surge,1,82,993.1907941542808,1045.5310809581151,6.1123623745915925,6.434478529531902,6.2944974519578,957.8951614456413,85.12594642280493,16248886.0
GCRN,Brasil,surge,1,83,11179.360551867256,11852.714860673337,5.646640308312506,5.986748274617006,2.2938894200811624,554.4703753213428,243.9264728843446,197982516.0
GCRN,Norte,surge,1,83,771.86632332884,808.1793570174448,4.494302649779447,4.705740509672574,1.9019250292055103,404.5111080423195,190.79345472006213,17174329.0
GCRN,Nordeste,surge,1,83,3656.8497762047223,4030.6309394258715,6.8276625611592365,7.525545113184725,1.208939845937122,14648.47138693,701.5381523063434,53559322.0
GCRN,Sudeste,surge,1,83,4368.5805094961015,4665.678619082991,5.319308236860141,5.681063369458899,2.029438848742093,41197.83892253771,290.0198782766721,82126854.0
GCRN,Sul,surge,1,83,1703.75979892129,1760.4506709151071,5.9008500081695,6.097194782051154,2.921154441512783,401.38152309205213,152.47939816445822,28873125.0
GCRN,Centro-Oeste,surge,1,83,903.9690152522786,965.9033919718994,5.563267631099626,5.9444283871023496,6.5063801158238945,175.22382458764687,74.97763764917508,16248886.0
GCRN,Brasil,surge,1,84,10798.866549707953,11375.154348116284,5.454454649777232,5.745534796676836,2.46132844729411,520.9421068060287,225.93059364666522,197982516.0
GCRN,Norte,surge,1,84,756.3366066306637,804.8184750376312,4.403878641376113,4.6861712911033155,1.929374632095767,394.7312151037021,172.50427297936466,17174329.0
GCRN,Nordeste,surge,1,84,3771.376208456882,4097.73263412479,7.041493558221074,7.650829922986683,1.1678638959769023,14417.632545094855,658.4084815299657,53559322.0
GCRN,Sudeste,surge,1,84,3877.2093363158533,4288.141251685877,4.721000680624943,5.22136310211746,2.553975820254064,38101.87614258252,267.03608227900065,82126854.0
GCRN,Sul,surge,1,84,1643.6626528436966,1717.9820290258506,5.692707848020249,5.950107683272423,2.9322868842957632,400.6208750731059,136.54374796045894,28873125.0
GCRN,Centro-Oeste,surge,1,84,997.1982911153439,1057.529922468658,6.137025585109919,6.5083226165083445,5.981948577233264,198.52569586567574,92.58292801301816,16248886.0
GCRN,Brasil,surge,1,85,10919.252465221985,11444.771247334638,5.515260986592364,5.780697951800268,2.4136691158989305,494.1228826242047,268.6283261153651,197982516.0
GCRN,Norte,surge,1,85,750.8037011164613,802.5290010254246,4.371662503475165,4.672840499477008,1.9497538920174586,375.98879857773363,192.3441339177744,17174329.0
GCRN,Nordeste,surge,1,85,3839.9913867242963,4115.673756745727,7.169604175953341,7.684327588660899,1.1218534950064671,11146.410004158091,654.4336982193586,53559322.0
GCRN,Sudeste,surge,1,85,3944.5419125109515,4289.334823579645,4.802986745980738,5.222816429300512,2.4937032049418852,36107.55640903814,254.9140030883962,82126854.0
GCRN,Sul,surge,1,85,1638.7155735710182,1702.8243151888446,5.675573993362403,5.897610027279155,2.941192854568287,385.75476903324363,150.73742135786523,28873125.0
GCRN,Centro-Oeste,surge,1,85,1056.5326342366811,1125.3078229912535,6.502185037403063,6.925445984366273,5.820179241832323,212.99393970313142,144.77664677090226,16248886.0
GCRN,Brasil,surge,1,86,10524.131517890457,11087.024129955207,5.315687329627863,5.60000163345495,2.5062097547343307,467.5908166596236,252.9995111757872,197982516.0
GCRN,Norte,surge,1,86,754.2144654924863,800.2620953296201,4.391522169468667,4.659641115117919,2.021705145478459,356.9771318054139,196.71793433406552,17174329.0
GCRN,Nordeste,surge,1,86,3715.8812697060225,4032.8583989214194,6.937879590234586,7.529703977435374,1.1896021435579986,10742.167572000713,614.3628345712436,53559322.0
GCRN,Sudeste,surge,1,86,3774.1965592431966,4088.9359174708475,4.5955693849458745,4.978805005084997,2.6625186925920334,33714.75767023976,238.6383698602399,82126854.0
GCRN,Sul,surge,1,86,1682.040829798594,1757.6652977240165,5.825627914535035,6.087547841544746,2.846690744188545,383.9707764073218,162.57147176764818,28873125.0
GCRN,Centro-Oeste,surge,1,86,996.4868533957286,1084.992408408625,6.132647206680683,6.677334116373423,5.963046184570274,195.86477737859056,132.15221596061838,16248886.0
GCRN,Brasil,surge,1,87,9698.368828701918,10347.376884155823,4.8985986362057945,5.226409429081012,2.683678526369781,428.04050086390635,182.53294726652769,197982516.0
GCRN,Norte,surge,1,87,690.8055815412042,750.5861548718124,4.022314825465403,4.370395809185979,2.2142682905310997,284.0896464608982,175.7730303296434,17174329.0
GCRN,Nordeste,surge,1,87,3711.9220950595195,4016.080179594965,6.9304874603519435,7.498377555255395,1.195603500288498,10701.70825652871,594.8676297170625,53559322.0
GCRN,Sudeste,surge,1,87,3368.346874992448,3684.882821025789,4.101395233028709,4.486818429725543,2.90978425391951,32051.396284594102,141.2453803970771,82126854.0
GCRN,Sul,surge,1,87,1470.1542923095765,1554.2612824008395,5.091774071249913,5.38307260610287,3.1361344030647977,309.62728373672456,134.0094471446161,28873125.0
GCRN,Centro-Oeste,surge,1,87,925.3879229356945,1032.8300039475353,5.6950853303770765,6.356312697052187,6.138003219672882,177.8545395341659,108.82678899817165,16248886.0
GCRN,Brasil,surge,1,88,9787.787591744034,10377.822280389873,4.943763615845772,5.241787249733645,2.6944298361372816,417.5285331242957,200.61622910149578,197982516.0
GCRN,Norte,surge,1,88,716.8342079784325,771.8691887337671,4.173870245401916,4.494319334011635,2.2126046733633595,282.7216919580893,170.83084750434398,17174329.0
GCRN,Nordeste,surge,1,88,3698.247961598558,3990.541212527064,6.904956641532091,7.450694040762995,1.2233431014669098,10107.804632495614,562.7582840868586,53559322.0
GCRN,Sudeste,surge,1,88,3521.0447623969403,3788.020421021986,4.287324536255754,4.612401713356737,2.847946120494095,31954.504716356365,158.91067264442057,82126854.0
GCRN,Sul,surge,1,88,1466.7750504841065,1558.5175867318844,5.0800703092724,5.397814011236693,3.1846224088257165,304.63108782429043,133.20617015313417,28873125.0
GCRN,Centro-Oeste,surge,1,88,872.977319985581,989.6122132868218,5.372536431024139,6.090338828685375,6.405713863903735,166.70691740248915,100.73323679106136,16248886.0
GCRN,Brasil,surge,1,89,9553.847289613619,10339.593041584667,4.825601514031481,5.222477848288718,2.6813695188986038,413.26578230744616,176.16283861839204,197982516.0
GCRN,Norte,surge,1,89,706.9204971680816,766.0281518419434,4.116146238773472,4.460309056860058,2.287883135626434,263.28222259522545,165.1375262876624,17174329.0
GCRN,Nordeste,surge,1,89,3641.296776533413,3962.509050180097,6.798623732640627,7.398355509765596,1.2110736604642296,8766.722136225657,505.9391623629832,53559322.0
GCRN,Sudeste,surge,1,89,3364.0360263911343,3704.2904440328834,4.0961462208099855,4.510449705078053,2.826898541588001,76411.95731836311,142.3118915595537,82126854.0
GCRN,Sul,surge,1,89,1514.606154668574,1632.191246735812,5.245729912049956,5.652977454763944,3.073050538411341,325.0655218461631,155.11195612032526,28873125.0
GCRN,Centro-Oeste,surge,1,89,868.2808441997021,981.9964404889132,5.3436330601353355,6.043469321459411,6.512094781220959,163.63777321710023,109.2282676052033,16248886.0
GCRN,Brasil,surge,1,90,9218.90160785841,10176.689903307799,4.656422089240653,5.140196270315,2.696414136951276,396.6687801368604,157.47199449714174,197982516.0
GCRN,Norte,surge,1,90,689.437346382123,769.8053993384422,4.014348079521028,4.482302623517007,2.279980981580842,388.78379141055655,153.26122221638107,17174329.0
GCRN,Nordeste,surge,1,90,3573.6741008600593,3929.391395763225,6.672366205195912,7.336521914454453,1.2138742925991595,4958.057071647918,440.97337865984736,53559322.0
GCRN,Sudeste,surge,1,90,3289.7534416597728,3668.6685333767996,4.005697626819813,4.467075450591105,2.826898541588,92004.19796022816,127.71802462240908,82126854.0
GCRN,Sul,surge,1,90,1442.0872486530282,1573.0683516567185,4.994565876236217,5.448209543153775,3.1574097529674745,284.3537937031919,133.33223101312194,28873125.0
GCRN,Centro-Oeste,surge,1,90,823.4669437486734,965.3166710112328,5.067836304277558,5.940817549038332,6.544624483418112,150.9895763139466,93.3648760003721,16248886.0
GCRN,Brasil,surge,1,91,9435.47152229534,10450.686395533603,4.765810493233322,5.278590557730665,2.640132110352972,398.14453388867656,169.84246615705342,197982516.0
GCRN,Norte,surge,1,91,703.3504808248508,783.7539771220642,4.095359305302995,4.563520223247523,2.3298893520126263,381.25216808911927,168.93541895858957,17174329.0
GCRN,Nordeste,surge,1,91,3662.4742082832577,3981.078175851537,6.838163874223908,7.433025712781683,1.2097400203259845,4760.393421902278,496.4046236858112,53559322.0
GCRN,Sudeste,surge,1,91,3407.8915339301902,3750.3930177938028,4.149545937715075,4.566585513909741,2.7382725783133055,88365.66679227182,220.03996878573798,82126854.0
GCRN,Sul,surge,1,91,1418.9865355019358,1571.2702559562267,4.914558211145955,5.441981967508632,3.1529567794631674,316.2037133318081,118.99800406661049,28873125.0
GCRN,Centro-Oeste,surge,1,91,873.2071494720838,1037.0256909994216,5.3739508632904665,6.382134079834283,6.275595063298845,171.9655252408875,93.37891307143744,16248886.0
GCRN,Brasil,peak,1,92,9943.697865916378,10773.86932363963,5.022513132380022,5.441828673214573,2.6379674151463215,394.28078921169794,168.89521538559816,197982516.0
GCRN,Norte,peak,1,92,733.4253410510242,803.9691258527948,4.2704745032602105,4.681225833351596,2.3494368063567066,372.98080969602046,196.92050846511182,17174329.0
GCRN,Nordeste,peak,1,92,3647.5751595902652,3949.7625850701556,6.810346030127613,7.374556729956655,1.2269439083494997,4395.505582201778,477.2038298602243,53559322.0
GCRN,Sudeste,peak,1,92,3229.9100891887133,3571.6733465868624,3.9328306538914943,4.348971344484792,2.925178559882798,83585.78326120359,204.13988308710975,82126854.0
GCRN,Sul,peak,1,92,1514.3813595872518,1645.6728095407318,5.244951350389859,5.699669881735115,3.0611759260878686,321.3884621882858,180.26887976512296,28873125.0
GCRN,Centro-Oeste,peak,1,92,1228.219535477512,1371.0892797592262,7.558792248757927,8.438050951672787,5.390259600813632,240.0004587892922,165.1989013557698,16248886.0
GCRN,Brasil,peak,1,93,10702.450322571192,11599.85381537692,5.405755285265287,5.859029398018621,2.420235344068871,439.603909425234,170.7884608898505,197982516.0
GCRN,Norte,peak,1,93,785.3436017885494,853.5964440420669,4.5727760414310765,4.970188029133871,2.2982807221058517,380.4836009361933,206.7262132816144,17174329.0
GCRN,Nordeste,peak,1,93,3729.75935858347,4053.50890315229,6.963791211889258,7.568260298650325,1.12812157195242,4775.434524134384,448.18182226769716,53559322.0
GCRN,Sudeste,peak,1,93,3738.598949546286,4073.8703863242795,4.552224719999972,4.960460784634803,2.5636298585654647,83541.70792022198,286.12392997713795,82126854.0
GCRN,Sul,peak,1,93,1606.632828535218,1728.4452230509505,5.5644577043019,5.986346206207158,2.975579766918264,325.9877784462187,217.74045640109813,28873125.0
GCRN,Centro-Oeste,peak,1,93,1265.9191834371668,1383.1135949379077,7.790805987789974,8.512051810431236,5.096613102312558,238.60533910201883,180.2634346417824,16248886.0
GCRN,Brasil,peak,1,94,10559.701826625214,11447.547013156232,5.333653718505736,5.782099977533488,2.4913455216692593,425.9566459929946,183.61515110235683,197982516.0
GCRN,Norte,peak,1,94,850.562926889507,925.6918941248,4.952524939341194,5.389974153428644,2.149803311983254,439.7491024328464,198.060521065341,17174329.0
GCRN,Nordeste,peak,1,94,3683.6580019889147,4007.4279597670416,6.877715894142415,7.4822230941740475,1.184000873290001,4518.795914412016,459.83750952933576,53559322.0
GCRN,Sudeste,peak,1,94,3376.123141161621,3766.047689812364,4.1108638365249215,4.585647089090207,2.9030872968500825,79680.39517414772,180.83513866206007,82126854.0
GCRN,Sul,peak,1,94,1727.6119047610503,1860.457813537564,5.983460068008053,6.443562356127243,2.7554046765223,374.9282150149788,228.45540970234896,28873125.0
GCRN,Centro-Oeste,peak,1,94,1386.6683640269496,1491.814425851744,8.533928812270267,9.181025861414401,4.611305106751797,274.44797998444784,188.4627101561524,16248886.0
GCRN,Brasil,peak,1,95,10691.488106476474,11716.269854871005,5.400218323559679,5.917830569882749,2.4371921111281263,438.59778655527435,290.5182026062202,197982516.0
GCRN,Norte,peak,1,95,891.9857407909368,962.5412055741963,5.193715229229258,5.604534567692259,2.0957359079409748,440.4297532470713,232.29128506073886,17174329.0
GCRN,Nordeste,peak,1,95,3695.2210749134038,4018.453158792883,6.899305175882181,7.502808117684691,1.1691975258560967,4281.673534194165,480.5492815408305,53559322.0
GCRN,Sudeste,peak,1,95,3225.6768493568134,3741.3557684812313,3.9276761403241056,4.555581501370102,2.9295272398541985,75240.94106537888,161.0209465208602,82126854.0
GCRN,Sul,peak,1,95,1831.3953765185913,1958.516595628366,6.3429066875116265,6.783181923080257,2.5819858654664234,397.9225049805219,250.73392795770218,28873125.0
GCRN,Centro-Oeste,peak,1,95,1530.1550109405564,1616.3538776589785,9.416984099344141,9.947475030958913,4.231938412830398,313.9084444233669,233.29295131547394,16248886.0
GCRN,Brasil,peak,1,96,10335.507255320974,11509.90731813142,5.220414137640807,5.813597862414992,2.4227969024149556,468.0566224941967,258.3286094516762,197982516.0
GCRN,Norte,peak,1,96,934.0420552803655,994.8344438399431,5.438594167378333,5.792566590752647,2.046243442108091,448.9148953070573,281.4110416694962,17174329.0
GCRN,Nordeste,peak,1,96,3662.108329789561,4003.911574980227,6.83748074665613,7.4756576921945115,1.1555944549673791,4214.043903002157,456.78278940518624,53559322.0
GCRN,Sudeste,peak,1,96,3078.116866369463,3631.261821319558,3.7480028960679084,4.421527971008798,2.937093931645443,63399.9444755013,141.7977456259351,82126854.0
GCRN,Sul,peak,1,96,1742.3740440468114,1874.7183379403446,6.03458767988159,6.492952660788691,2.6398745974507896,371.75944263732526,259.67245515197214,28873125.0
GCRN,Centro-Oeste,peak,1,96,1468.2032187826383,1559.2227701700733,9.035716164065883,9.595874881330777,4.012582717867406,16708.23722195108,254.38262407089655,16248886.0
GCRN,Brasil,peak,1,97,10098.881378890119,11428.361579393282,5.100895565389279,5.772409508824143,2.4027734886152814,515.5518920104048,240.24425923341462,197982516.0
GCRN,Norte,peak,1,97,903.4628688071874,968.9928188561427,5.260542457333776,5.6421000136665755,2.0441639293771545,450.94072022713726,265.30272009544046,17174329.0
GCRN,Nordeste,peak,1,97,3598.441148686094,3982.2838383390713,6.718608478064928,7.435276791478188,1.153727366486519,5086.757189095631,404.2944790538089,53559322.0
GCRN,Sudeste,peak,1,97,3008.4563447171054,3625.101781618804,3.663182257921514,4.414027330961447,2.9344847268408465,58594.081200541856,124.3901908620591,82126854.0
GCRN,Sul,peak,1,97,1831.5233014628716,1941.5288302554222,6.343349746391746,6.724346014695058,2.4951527691716002,410.8587026350495,324.1189526667423,28873125.0
GCRN,Centro-Oeste,peak,1,97,1354.8291195738861,1442.4790113138617,8.337981567314129,8.877402495862558,4.04731036665255,15443.87549437214,276.77951732767485,16248886.0
GCRN,Brasil,peak,1,98,11020.11413609303,12034.207142832804,5.566205722980625,6.0784191381994574,2.210368330993196,530.3034789747668,364.03627560047596,197982516.0
GCRN,Norte,peak,1,98,864.0064509580586,934.1299279163758,5.030801791196958,5.4391058184362,2.0861701448512453,423.1306068474854,220.58592829119388,17174329.0
GCRN,Nordeste,peak,1,98,3663.711460659412,4028.9580023994577,6.840473934041607,7.522421591519508,1.0935804393343698,4628.030706080394,695.8521829319878,53559322.0
GCRN,Sudeste,peak,1,98,3538.9791498409218,4170.58079411162,4.309161957964348,5.078218135704577,2.4566525051253727,64400.62644055181,277.61177299941255,82126854.0
GCRN,Sul,peak,1,98,1722.9578036861265,1843.287687879733,5.967340922349508,6.384094855959419,2.532755708379573,370.13646075351943,284.6376930336738,28873125.0
GCRN,Centro-Oeste,peak,1,98,1230.4592709485012,1321.07733160644,7.572576181213292,8.130264016908237,4.205123377455981,14798.942907258077,214.19189033020405,16248886.0
GCRN,Brasil,peak,1,99,10508.877051831996,11473.190265305115,5.307982373469785,5.795052258708095,2.448340282718231,493.0007969874329,342.64941295432334,197982516.0
GCRN,Norte,peak,1,99,825.3338801642728,889.4475366709263,4.805625187244711,5.1789361707867965,2.245876946204265,381.21744855906144,207.86493879109167,17174329.0
GCRN,Nordeste,peak,1,99,3662.9560184564148,4011.6945413507465,6.839063456509802,7.490189180047399,1.1345230299658202,4247.218240881634,688.1952017802611,53559322.0
GCRN,Sudeste,peak,1,99,3288.5256615320354,3959.559898351232,4.00420264671533,4.821273073909823,2.8415970648313773,61353.55967998998,264.2041865179208,82126854.0
GCRN,Sul,peak,1,99,1744.1791448868169,1840.1582037849812,6.040839517325599,6.373256111989891,2.546609417090453,360.89255236552765,264.947564746323,28873125.0
GCRN,Centro-Oeste,peak,1,99,1019.8662485713678,1133.5560488097458,6.27653027149903,6.97620777701158,4.830660763738474,13453.481119241054,151.92139617224615,16248886.0
GCRN,Brasil,peak,1,100,10665.617031675398,11432.359879544616,5.387150970278304,5.774429030664817,2.5061015187466995,479.06154824563475,315.57453726697634,197982516.0
GCRN,Norte,peak,1,100,837.5606528619188,892.8287921190139,4.876817329293732,5.198624016804464,2.3232349205447984,374.2469385572742,189.5411499341061,17174329.0
GCRN,Nordeste,peak,1,100,3635.153173815526,3960.340961415224,6.787153081989211,7.394307495929885,1.2114737515360636,4073.8707084311145,609.0689045457488,53559322.0
GCRN,Sudeste,peak,1,100,3580.2783601042383,4101.2136942369725,4.359449054391196,4.993754776284225,2.8042854569891236,61339.29285332042,261.2168134750427,82126854.0
GCRN,Sul,peak,1,100,1684.703490081542,1777.4431475214549,5.834849847675103,6.156047007455739,2.6430906269994376,337.01508741979217,246.4491339613631,28873125.0
GCRN,Centro-Oeste,peak,1,100,937.1503085013984,1047.3345368891553,5.7674742040863505,6.44557748075256,5.216181715469442,12806.860949146705,139.02909514217055,16248886.0
GCRN,Brasil,peak,1,101,10752.123245765224,11334.343386480252,5.430844835695099,5.7249213796637735,2.642296809567915,469.6785916347873,302.420857562929,197982516.0
GCRN,Norte,peak,1,101,837.2625567761703,882.226067820128,4.875081621972948,5.1368881300697575,2.4130699929473147,361.16124727366093,184.20849538457622,17174329.0
GCRN,Nordeste,peak,1,101,3650.2984335939514,3956.251205666652,6.815430623998473,7.386671559559048,1.2710872222820717,4028.4948500139085,606.2840369901993,53559322.0
GCRN,Sudeste,peak,1,101,3549.306084674886,4019.404060230364,4.3217363283815615,4.8941410323964964,3.0604223237462054,60764.12769112473,252.18329455410435,82126854.0
GCRN,Sul,peak,1,101,1788.3860271042524,1851.5358311224861,6.1939468869554375,6.4126617091931895,2.5755537723987816,341.6085889842066,240.83174414514943,28873125.0
GCRN,Centro-Oeste,peak,1,101,930.1655248495452,1041.7499534016902,5.7244879732034875,6.411208457008623,5.4096015698858215,12608.918482560239,134.532725332336,16248886.0
GCRN,Brasil,peak,1,102,10294.877107787299,10846.775816653402,5.199892048946029,5.478653386066375,3.0609484950319916,449.09809036051337,307.93285374880804,197982516.0
GCRN,Norte,peak,1,102,832.848684991115,869.1609295884313,4.849381218859351,5.060814484154992,2.53077057673805,347.0213968844263,164.65800219721703,17174329.0
GCRN,Nordeste,peak,1,102,3652.0429706406867,3897.915461794648,6.818687829246022,7.277753556691117,1.3701762845832222,3459.9868943900265,492.9395186254725,53559322.0
GCRN,Sudeste,peak,1,102,3625.6028635942093,4063.1171827461026,4.41463746266746,4.9473673772358335,3.8390957569546256,60405.0305698352,255.97235945868482,82126854.0
GCRN,Sul,peak,1,102,1751.1248653110156,1793.5004137590452,6.064895522431381,6.2116601987455295,2.785338570042251,327.3951652675574,229.65599382175313,28873125.0
GCRN,Centro-Oeste,peak,1,102,1019.1204350188203,1126.0118843775476,6.271940334979398,6.929778966863005,5.751163472873667,13344.96016031847,145.13990873696687,16248886.0
GCRN,Brasil,peak,1,103,9741.30966493118,10406.356929404066,4.92028784245331,5.25619996131581,3.127368501692591,404.4661648552478,278.0603331393012,197982516.0
GCRN,Norte,peak,1,103,834.1190535565407,860.9131263879649,4.856778122490495,5.012790464116327,2.597730983437277,326.3832199413018,190.9442757986156,17174329.0
GCRN,Nordeste,peak,1,103,3505.6493059944323,3752.4399481394166,6.545357885587933,7.006137882289504,1.486869322957345,2542.908591344771,470.9753656378865,53559322.0
GCRN,Sudeste,peak,1,103,3421.4975339376624,3952.4039129041726,4.166112991418936,4.812559741913616,3.861882804195049,32339.23086421262,231.82442574469815,82126854.0
GCRN,Sul,peak,1,103,1630.6851355451186,1664.955552002151,5.647761146551052,5.766454278856727,3.0183778183644128,292.0997749343308,187.6674415358242,28873125.0
GCRN,Centro-Oeste,peak,1,103,1052.1238870939085,1168.4661537369489,6.475052425710344,7.19105392047768,5.57576684019502,13167.938818751367,174.11572599832868,16248886.0
GCRN,Brasil,peak,1,104,9228.477599380074,10236.101397724102,4.66125887569793,5.170204725413279,3.1340429725283894,422.0891658789557,251.54330258073614,197982516.0
GCRN,Norte,peak,1,104,792.6654435161626,838.9532072913254,4.615408517655406,4.8849256776863035,2.6060490411828137,357.21169787521,173.66858857541075,17174329.0
GCRN,Nordeste,peak,1,104,3433.171190960367,3734.860588026322,6.410034822622226,6.973315659272763,1.486735960087731,3718.5662407603772,368.68536897450247,53559322.0
GCRN,Sudeste,peak,1,104,3345.526368306891,3907.6676463643116,4.073608333160906,4.758087587726558,3.870928044722561,3737.9411639478553,211.85586752757456,82126854.0
GCRN,Sul,peak,1,104,1599.4877674696538,1647.2822917396677,5.539711297165284,5.705244208029674,3.026294225672254,290.39386940617584,169.37957817356533,28873125.0
GCRN,Centro-Oeste,peak,1,104,1005.9297096480468,1130.3329480710825,6.190761075239538,6.956371951105339,5.588954558270319,12026.227291508756,156.50120649770702,16248886.0
GCRN,Brasil,peak,1,105,8850.269470383164,9848.74083935168,4.470227800511013,4.974550802936396,3.281097801284454,388.0740166405997,211.68963123923652,197982516.0
GCRN,Norte,peak,1,105,846.2684269222021,885.8973789109907,4.9275195958002325,5.158264866772907,2.6147829959588123,368.41734891202344,176.527931111616,17174329.0
GCRN,Nordeste,peak,1,105,3416.4593632178808,3659.611979747272,6.378832359412393,6.832819839928653,1.6447716769480087,3502.7553562960798,357.912814353802,53559322.0
GCRN,Sudeste,peak,1,105,3201.5524117596556,3716.719554229188,3.8983015369852785,4.525583744178473,4.049919433639734,3434.5305842436037,141.32505304621125,82126854.0
GCRN,Sul,peak,1,105,1520.779812585906,1590.7184672723702,5.267111933972877,5.509339454154582,3.1015000875916723,252.25955420092046,150.44140738208853,28873125.0
GCRN,Centro-Oeste,peak,1,105,948.7898899171929,1068.537295376165,5.839107308139112,6.576064939935975,5.812266569362653,11504.63200523905,134.0856227998268,16248886.0
GCRN,Brasil,peak,1,106,9366.394435554423,10593.809124156132,4.730919994750659,5.350881147583826,3.0599022221829775,426.5269378303924,290.52202462043863,197982516.0
GCRN,Norte,peak,1,106,869.8020844420174,923.2821428190254,5.064547700477948,5.3759430299665585,2.462978343881729,400.4777268678576,168.99494672126173,17174329.0
GCRN,Nordeste,peak,1,106,3499.4279061918214,3739.6580693766123,6.533741980885832,6.9822729820527085,1.5844913883595972,3160.0885107837553,456.36170239139085,53559322.0
GCRN,Sudeste,peak,1,106,3665.4336094512187,4199.53597473836,4.46313651494701,5.11347478954735,3.702721353131194,3462.2537900784932,322.2984290968504,82126854.0
GCRN,Sul,peak,1,106,1556.4125771102276,1647.9686492409867,5.390523461212555,5.707621358065629,2.971126754269315,269.721130519097,200.12012831329983,28873125.0
GCRN,Centro-Oeste,peak,1,106,917.7696476168549,1044.8590325732316,5.648200421966496,6.4303425636270175,5.462792073902648,10479.513267565111,116.30368361476945,16248886.0
GCRN,Brasil,decline,1,107,8162.156806250598,9400.665599039003,4.122665461151427,4.748230191720062,3.5118180254334392,366.0625892961861,165.1975986693924,197982516.0
GCRN,Norte,decline,1,107,819.2874054677038,870.5917738737418,4.77041871893629,5.069145780739043,2.6942204846126225,366.96198537499055,159.47896266732565,17174329.0
GCRN,Nordeste,decline,1,107,3241.8380523473866,3501.30366138684,6.052798899036449,6.537244182043304,1.8734900406730945,2857.898305630522,310.21478310574787,53559322.0
GCRN,Sudeste,decline,1,107,3339.222767585766,3785.2634714477617,4.065932889120246,4.609044772916495,4.607506301864443,2519.5946276043,113.0211482526557,82126854.0
GCRN,Sul,decline,1,107,1612.7330337863193,1733.2306091243115,5.585585328177395,6.002920048052684,2.828878804186512,298.97142098289436,303.88924077916965,28873125.0
GCRN,Centro-Oeste,decline,1,107,903.3211119753596,1035.7324270283373,5.559280260661313,6.374174986693471,5.451802318974681,10136.851188717683,157.39062502063183,16248886.0
GCRN,Brasil,decline,1,108,8034.178150527597,9267.133043725771,4.058024068411979,4.680783551475713,4.4250660476726305,350.2357865161187,157.40882344802347,197982516.0
GCRN,Norte,decline,1,108,761.4263207915802,840.9695678013777,4.43351423389863,4.896666226676906,3.929036862378681,312.48292486791723,126.8766854983724,17174329.0
GCRN,Nordeste,decline,1,108,3033.904194379852,3278.1396418199147,5.664567961446285,6.120577183221092,2.311322316022527,2883.3120715857453,209.5905334329671,53559322.0
GCRN,Sudeste,decline,1,108,3967.679596091019,4575.507884022891,4.831159849482386,5.571268910438102,5.697631709906019,2559.1607884695654,114.79678732165584,82126854.0
GCRN,Sul,decline,1,108,1383.2789033413515,1517.9148783129233,4.790887385211512,5.257189439359,3.76746789259895,240.6058589789473,180.11449425731658,28873125.0
GCRN,Centro-Oeste,decline,1,108,837.3819365118459,951.7582770911376,5.15347289969199,5.857375558491442,6.6532033460896995,9352.899988625171,89.58704164503914,16248886.0
GCRN,Brasil,decline,1,109,7626.169791868228,8803.03081081931,3.851941043050603,4.446367784728682,5.3359689919709306,305.5204960239297,80.33712914624222,197982516.0
GCRN,Norte,decline,1,109,686.8538700206282,795.645205912187,3.9993054169430904,4.63275861264907,4.449747580588577,282.78843102436196,91.2051400877121,17174329.0
GCRN,Nordeste,decline,1,109,2699.12120257173,2944.047949184791,5.0394984510291785,5.496798389615146,2.9159923011549447,2464.353985246435,161.97748323581146,53559322.0
GCRN,Sudeste,decline,1,109,4415.1077231584,5190.582073249882,5.375961099348089,6.3202007874913635,7.067898655758622,2448.9978674854224,65.22835977192709,82126854.0
GCRN,Sul,decline,1,109,1205.0311910725525,1375.185581899185,4.173539203229828,4.762856746192818,4.492066588652868,209.13921812449487,102.52693824266325,28873125.0
GCRN,Centro-Oeste,decline,1,109,813.6650485685517,914.8652729732291,5.007512813915684,5.630326121884473,6.995204821705659,9027.57047790643,71.496120969191,16248886.0
GCRN,Brasil,decline,1,110,7532.934564717879,8854.59550265046,3.8048483860655047,4.472412858239694,5.560591999115289,258.7866548915751,72.13402313612721,197982516.0
GCRN,Norte,decline,1,110,660.836899272558,787.3285810202481,3.847817863932605,4.584333868416333,4.634824465230338,263.0992767276255,81.98848159349113,17174329.0
GCRN,Nordeste,decline,1,110,2533.148198952206,2863.5524097377634,4.729612146606721,5.346506084856271,3.123505860545003,2106.253619770833,135.41069356645235,53559322.0
GCRN,Sudeste,decline,1,110,4583.135341353087,5399.896294337058,5.580556320047383,6.575067753523175,7.148088191821118,2147.064849203692,61.33781460715222,82126854.0
GCRN,Sul,decline,1,110,1132.6750728318164,1310.9854486568888,3.922938971212213,4.540504183931905,5.180794050227244,193.78736286319221,69.21406969095838,28873125.0
GCRN,Centro-Oeste,decline,1,110,799.9441655630495,889.1452093674003,4.923070821981578,5.472037956124502,7.223352329328818,135.72456976488954,58.70990642859307,16248886.0
GCRN,Brasil,decline,1,111,7807.695753872335,9146.103261810686,3.9436289181577706,4.619652000892183,5.676403091000867,209.99521393774765,71.05012034422867,197982516.0
GCRN,Norte,decline,1,111,637.441885458003,778.8911940845041,3.7115970321635445,4.535205969819864,4.781638264896858,216.8085242981107,73.88379175533012,17174329.0
GCRN,Nordeste,decline,1,111,2318.284773480823,2651.6808274021187,4.328443092466374,4.950923066953907,3.405169513357282,1296.8253358741554,132.5831830668556,53559322.0
GCRN,Sudeste,decline,1,111,4749.754158960651,5622.773619161069,5.783436144967456,6.846449541536157,7.180616268678144,665.0408622728748,63.375900157817085,82126854.0
GCRN,Sul,decline,1,111,1103.0767279749055,1268.2784830695962,3.82042722419172,4.3925916680982615,5.41383329840108,163.97347797947648,60.79394448230299,28873125.0
GCRN,Centro-Oeste,decline,1,111,882.8144655154668,993.3156530359042,5.433076861487408,6.113130789617849,6.972346113700575,13100.003587903508,52.74990028182006,16248886.0
GCRN,Brasil,decline,1,112,7255.024964822544,8656.106734053594,3.664477607114834,4.3721571525303755,6.378124517096585,186.07127725357208,43.06649124177772,197982516.0
GCRN,Norte,decline,1,112,614.1666850104472,759.2862139946491,3.5760738309511084,4.421053154359912,5.046568555109548,199.19545640749297,59.73829831449914,17174329.0
GCRN,Nordeste,decline,1,112,2018.3559266893392,2381.0322570615485,3.768449359178481,4.445598204289346,3.9302215056169403,1207.5178928808202,87.89329489765257,53559322.0
GCRN,Sudeste,decline,1,112,5218.487746644112,6225.5834853958595,6.354179531391903,7.580448029089071,8.498612198358485,605.2504058279745,64.18484089494447,82126854.0
GCRN,Sul,decline,1,112,1158.4739999849587,1324.8561347358266,4.012291707201624,4.5885443114862925,5.500419011097169,151.8830786635442,56.14513230092382,28873125.0
GCRN,Centro-Oeste,decline,1,112,963.5301522825149,1075.9495438261713,5.929822833900828,6.621681903769719,6.696283212394211,12882.72599224854,92.93476025253644,16248886.0
GCRN,Brasil,decline,1,113,7391.915125327667,8664.992087536371,3.7336201573110963,4.376645101093862,6.5209582023440325,180.78633707505014,42.12104324037455,197982516.0
GCRN,Norte,decline,1,113,630.6601028227442,765.3404736396805,3.672109127656424,4.456304951650108,5.327719067121091,190.47637001192348,61.45157282798057,17174329.0
GCRN,Nordeste,decline,1,113,1982.4231110627084,2312.9901617270643,3.7013596084407276,4.318557583173036,4.130133345276902,910.2429011762752,100.86998982509922,53559322.0
GCRN,Sudeste,decline,1,113,5059.778575073221,6046.03195115875,6.160930717099209,7.361820959510699,8.503395751146327,638.9719810407357,61.410210931800094,82126854.0
GCRN,Sul,decline,1,113,1168.1067428972128,1316.803907756234,4.045654022199582,4.560656000194762,5.753744057506806,147.89792702704008,53.33316606703242,28873125.0
GCRN,Centro-Oeste,decline,1,113,983.6981145740166,1122.7616583588563,6.053941879917286,6.909776204712473,7.006194582259962,13035.319279537149,111.49827375684225,16248886.0
GCRN,Brasil,decline,1,114,7775.069983147997,8801.738011621315,3.927149801019802,4.4457147981801155,7.242450482090504,182.80568085430696,41.33084974068605,197982516.0
GCRN,Norte,decline,1,114,641.3450854689116,760.3103323780524,3.73432397544563,4.427016230899341,5.637566891341872,189.64963233966753,62.41070346393569,17174329.0
GCRN,Nordeste,decline,1,114,1791.1604607699774,2179.656608083146,3.3442552927947395,4.0696120239967675,4.725201159057075,907.2005791091212,67.7878532566102,53559322.0
GCRN,Sudeste,decline,1,114,5471.610453973617,6226.946457620096,6.662388959856684,7.5821076229464435,9.429402241232392,653.275624994044,60.688815116797,82126854.0
GCRN,Sul,decline,1,114,1201.7101866865637,1329.8781383310186,4.1620371424518945,4.605937661167673,6.642113437316454,142.98355797021887,47.82316186293089,28873125.0
GCRN,Centro-Oeste,decline,1,114,982.2874664724795,1135.2069810030305,6.045260373372547,6.986368056265706,7.249288153833168,13082.209532001447,117.14634589349104,16248886.0
GCRN,Brasil,decline,1,115,7928.176014903675,8826.810921896827,4.004482908432013,4.458379002465464,7.614669492357482,185.6818013784074,42.799118633957846,197982516.0
GCRN,Norte,decline,1,115,684.0596096163551,795.6413568115948,3.9830354339686584,4.632736200707432,5.742374475204745,190.87270916114002,72.06035800692842,17174329.0
GCRN,Nordeste,decline,1,115,1560.043670624201,1983.2900136114577,2.9127397666165398,3.7029781923144167,5.531783438426136,908.1711585034608,52.07864584257979,53559322.0
GCRN,Sudeste,decline,1,115,5295.989581811037,6005.63447541021,6.448547976537658,7.312631840749933,9.624135818728453,700.5246319926998,57.30313763498536,82126854.0
GCRN,Sul,decline,1,115,1137.0765451902787,1286.2478843916424,3.938183155409325,4.454827402269904,7.231391034584535,134.1517395573805,37.75214185818563,28873125.0
GCRN,Centro-Oeste,decline,1,115,1105.0036759979546,1215.108075130386,6.800488821190293,7.47810080722079,6.983775453145299,13144.50968792114,169.49139454627402,16248886.0
GCRN,Brasil,decline,1,116,8915.08488768018,10011.098358696765,4.5029657506121294,5.056556791457668,8.540400597392196,202.40790795031472,42.75135444214985,197982516.0
GCRN,Norte,decline,1,116,680.2992014360021,783.3115751227729,3.9611399166511956,4.560944273996223,6.419048869828336,186.5981976902473,65.81398125824575,17174329.0
GCRN,Nordeste,decline,1,116,1760.8687816609197,2163.012090611222,3.287698043789501,4.038535235026354,6.78806734143528,899.3200423195279,38.91044498389556,53559322.0
GCRN,Sudeste,decline,1,116,5693.554980368438,6224.520161885467,6.932634945895332,7.579153296052795,10.440990639028758,830.5792087055336,48.3022777301557,82126854.0
GCRN,Sul,decline,1,116,1395.8396738217584,1642.6274489287414,4.834390713931237,5.68912249342162,8.615772823002581,142.01519337929008,44.58850628522635,28873125.0
GCRN,Centro-Oeste,decline,1,116,1265.2989222075762,1392.0243019858679,7.786988733920443,8.566890690142499,6.818489387361527,14567.566363566488,205.79199786005123,16248886.0
GCRN,Brasil,decline,1,117,8958.93265813113,10178.211015038041,4.52511304489692,5.140964576406353,8.88390134856234,171.2127312492118,45.03300861079136,197982516.0
GCRN,Norte,decline,1,117,718.7157792223759,833.7791296120084,4.18482596451003,4.854798866447757,6.468957242418855,179.46879176661992,66.5447965227426,17174329.0
GCRN,Nordeste,decline,1,117,1805.657876538924,2169.6998452909183,3.3713232526336387,4.051021865607108,7.225499529142061,611.1410804058315,38.99465772586768,53559322.0
GCRN,Sudeste,decline,1,117,5813.104943997158,6578.989974848329,7.078202391628393,8.010765851140883,10.533530407292266,622.3618134054126,54.58270286924453,82126854.0
GCRN,Sul,decline,1,117,1511.6454418734922,1735.169991218731,5.235475695386254,6.009636959001601,9.754003819460172,141.27656028398184,44.323607490556824,28873125.0
GCRN,Centro-Oeste,decline,1,117,1182.7505149774959,1302.2615442773779,7.2789637085120535,8.014466618064635,7.018942691195016,13312.80328036313,167.80848620165858,16248886.0
GCRN,Brasil,decline,1,118,9027.70680756589,10738.59646338864,4.559850531228672,5.42401252411028,9.035502038035201,116.16535923549863,49.031951822469004,197982516.0
GCRN,Norte,decline,1,118,707.0092555934752,857.8421628682604,4.116663047467387,4.994909337466753,6.5367494554994545,135.11053379033035,57.33058241773113,17174329.0
GCRN,Nordeste,decline,1,118,1872.5983695614093,2233.92098825518,3.496307084621813,4.170928430078297,7.58451399666205,72.85125141633897,41.15687283500354,53559322.0
GCRN,Sudeste,decline,1,118,5964.13011475742,6871.458306648202,7.262094947357196,8.366883634247335,10.570668076465095,404.0641583507583,58.0965755480294,82126854.0
GCRN,Sul,decline,1,118,1592.9757361029244,1819.670925000492,5.517157343041061,6.3022998896049245,10.038252339252596,125.51070787308358,48.62324196074492,28873125.0
GCRN,Centro-Oeste,decline,1,118,1120.859071641845,1257.3967531059768,6.8980671760626855,7.738356667072295,6.918276449363832,26973.797181540856,144.655870319197,16248886.0
GCRN,Brasil,decline,1,119,8874.22655593982,10738.405362688984,4.482328407191178,5.4239160000820394,9.48013004217956,106.32952956784365,47.477187326497294,197982516.0
GCRN,Norte,decline,1,119,718.1969538716637,899.207193797365,4.18180502930661,5.235763177690173,6.520945139790032,140.813209620167,49.78896252362299,17174329.0
GCRN,Nordeste,decline,1,119,1717.9800376436626,2143.316145849498,3.207620958390143,4.001761160922645,8.129703865459247,60.48523944759648,40.026353550600426,53559322.0
GCRN,Sudeste,decline,1,119,6081.145708532704,6993.031369153476,7.404576472066863,8.514914462878945,11.322814609576987,385.8607192644635,59.17453276178182,82126854.0
GCRN,Sul,decline,1,119,1706.2694087155558,1956.2011359603596,5.909541861906377,6.775162494396986,10.17060478081711,118.09277796850633,52.16478350037097,28873125.0
GCRN,Centro-Oeste,decline,1,119,1191.7205311181629,1360.8700947280076,7.33416759227779,8.375159347711637,6.518688602374936,43172.188629932745,160.33536231852696,16248886.0
GCRN,Brasil,decline,1,120,9346.21538067566,11763.034108329175,4.720727652878025,5.941450965462614,10.968392772804503,60.104891857968724,43.9543732589115,197982516.0
GCRN,Norte,decline,1,120,634.3732248263738,845.4992070406745,3.693729314410908,4.923040702438358,7.4242867309093015,96.70732956051903,33.22874282120439,17174329.0
GCRN,Nordeste,decline,1,120,1457.1025271750236,1914.8939309013824,2.7205395303081388,3.5752766454014906,9.07458405917997,36.26972901036641,32.08525133692002,53559322.0
GCRN,Sudeste,decline,1,120,6935.042992237591,8122.978028343053,8.44430616109755,9.890769745475765,13.26580184664821,243.3229855209069,63.544808075440685,82126854.0
GCRN,Sul,decline,1,120,1776.8714001368494,2074.0623273172437,6.154066801348485,7.183366287221227,11.55325486059926,91.51234836672971,49.1468233585956,28873125.0
GCRN,Centro-Oeste,decline,1,120,1128.1185960587907,1282.4208591350234,6.9427442352589015,7.892361723351517,8.30562426789427,38626.83469741593,113.20868167919586,16248886.0
GCRN,Brasil,surge,2,125,12293.794923510972,16432.07132578111,6.209535655921743,8.299758815965907,12.655699051958475,188.06548508516548,40.318669802453755,197982516.0
GCRN,Norte,surge,2,125,804.5255901136758,1014.0390686800854,4.684465926521355,5.904388280206379,6.560455917191168,15361.237503288614,42.607059284311106,17174329.0
GCRN,Nordeste,surge,2,125,3353.7698063088096,4560.687314280753,6.261785401818211,8.515207332685714,11.961636481904527,55051.167065710404,39.84788880185023,53559322.0
GCRN,Sudeste,surge,2,125,7293.393919301079,8783.945186098616,8.880644471418666,10.69558221005107,13.504804944040243,87070.97384193986,57.305236245770374,82126854.0
GCRN,Sul,surge,2,125,2901.3974444301134,3648.5095080236383,10.048782196004463,12.636351306010825,16.8827289503593,33280.36986185429,49.548430595959815,28873125.0
GCRN,Centro-Oeste,surge,2,125,1136.643057666635,1296.7705213919048,6.995206056997601,7.98067339134452,9.583074463685199,38173.33586116765,54.329300991971735,16248886.0
GCRN,Brasil,surge,2,126,12043.929764659382,16208.249936908633,6.083329986906209,8.186707727721084,12.776669318226674,195.6209438972854,33.092076954807894,197982516.0
GCRN,Norte,surge,2,126,784.1848386349365,990.6192991613194,4.566028976357309,5.76802330479007,7.19637179075778,15401.347226832984,37.38254147812461,17174329.0
GCRN,Nordeste,surge,2,126,3324.448199516811,4631.512738881873,6.207039363785842,8.647444676170235,12.191688469889275,58771.64369866187,35.8808204792615,53559322.0
GCRN,Sudeste,surge,2,126,6667.919617395326,8163.356117879164,8.119049120517055,9.939935259031309,13.462970681025107,96018.79058384975,46.12073397030589,82126854.0
GCRN,Sul,surge,2,126,3014.8848594046713,3815.817785679821,10.44183772766083,13.21581153990024,17.08138130614081,31312.156905841806,53.429138712018215,28873125.0
GCRN,Centro-Oeste,surge,2,126,1143.3604431468812,1327.7721479207673,7.03654664785562,8.171465711069468,9.485045765447971,49570.3057736547,53.54028357886965,16248886.0
GCRN,Brasil,surge,2,127,13668.616889699917,17372.626294015914,6.903951503323615,8.774828527795815,14.171741999143034,191.83381210728297,44.02640602228189,197982516.0
GCRN,Norte,surge,2,127,823.0896357497721,987.2785461225745,4.792557751454348,5.748571289874408,7.23047583973958,14842.621125722168,50.753393051842394,17174329.0
GCRN,Nordeste,surge,2,127,3457.745869266241,4538.023587991942,6.455917924551474,8.472892147499444,13.435836301134936,52835.15153921506,37.46655196384391,53559322.0
GCRN,Sudeste,surge,2,127,7304.997446929265,8617.007472162912,8.894773257635395,10.492314087865719,14.722781331644807,92494.9799724913,48.70769426484562,82126854.0
GCRN,Sul,surge,2,127,3385.229988341286,4096.331679805302,11.724501550633283,14.187351316510775,19.010016124426237,30863.47694846763,55.84188084635358,28873125.0
GCRN,Centro-Oeste,surge,2,127,1695.8229388076682,2320.9343303838837,10.436548935155727,14.283652001644196,12.551629612805607,58497.97483532811,71.05903002583608,16248886.0
GCRN,Brasil,surge,2,128,13560.956038924207,17324.151877876633,6.8495725344374385,8.750344337414438,14.72795994328531,205.9587868090689,39.638884762450516,197982516.0
GCRN,Norte,surge,2,128,883.9408917573718,1025.3836164056822,5.146872939008981,5.970443540505613,7.267491229775669,15341.70752635145,53.522777021595935,17174329.0
GCRN,Nordeste,surge,2,128,3627.8076926244553,4750.899452391248,6.773438417731381,8.870350249002868,14.235216951505336,59018.58936189714,39.148218552191125,53559322.0
GCRN,Sudeste,surge,2,128,7161.03008413519,8504.332954244737,8.719474490201694,10.355118380943628,15.037625267810158,101497.86812357791,45.41102309473674,82126854.0
GCRN,Sul,surge,2,128,3441.1398447595343,4057.97095918862,11.918141333020012,14.054491708772847,20.197724661090383,34614.281460523496,52.2543368990663,28873125.0
GCRN,Centro-Oeste,surge,2,128,1712.0219438537504,2309.8622100133643,10.536241954394598,14.215511204973463,12.952975825981405,59468.35927682718,75.17399496955517,16248886.0
GCRN,Brasil,surge,2,129,13849.65566618194,17401.101762842714,6.99539330340763,8.789211347754927,15.11778513040056,205.8707798788143,41.08866844070447,197982516.0
GCRN,Norte,surge,2,129,907.672272361705,1027.1421964230622,5.285052314775762,5.980683125512864,7.465461115684749,14314.213806086862,55.80595169098962,17174329.0
GCRN,Nordeste,surge,2,129,3661.1103635575964,4686.82094246569,6.835617455272485,8.750709993053478,14.179070928634316,58262.96591314463,45.65709619447325,53559322.0
GCRN,Sudeste,surge,2,129,7004.644824812843,8494.705636871602,8.529055337749627,10.343395884702465,15.564075661048195,100580.6237382868,45.89770277902356,82126854.0
GCRN,Sul,surge,2,129,3430.4997273716367,4045.545471101361,11.881290048692813,14.011456920930314,20.726392257076768,36633.51201215441,52.60211385788067,28873125.0
GCRN,Centro-Oeste,surge,2,129,1598.7096576128515,2306.080413215608,9.838887771216141,14.192237013759637,14.078327689761721,54685.30837921887,59.53518474799051,16248886.0
GCRN,Brasil,surge,2,130,13375.52541534985,16772.476699414907,6.755912433878682,8.471695904407492,14.908387117806791,231.57196517324115,33.70831484616028,197982516.0
GCRN,Norte,surge,2,130,967.5151528460539,1091.3566460737766,5.633496090857779,6.3545809916287075,7.237130285653639,15325.176577111615,61.299888713529555,17174329.0
GCRN,Nordeste,surge,2,130,3849.0945877752624,4916.526307033875,7.186600658939004,9.17959026261362,13.522922646195715,67486.04962402709,55.1491255946616,53559322.0
GCRN,Sudeste,surge,2,130,7331.903234978433,8745.826414078778,8.927534512619262,10.649167705947653,14.229989637741205,115202.7763612982,45.891956345988916,82126854.0
GCRN,Sul,surge,2,130,4182.037603089942,5419.304701589813,14.48418764193326,18.769373601194236,24.314256660440797,43173.437142463146,52.203380168278585,28873125.0
GCRN,Centro-Oeste,surge,2,130,1635.8764931862352,2313.6430147598653,10.067622440001333,14.23877929083794,14.29856255473361,54239.21176790098,59.97401834682793,16248886.0
GCRN,Brasil,surge,2,131,14137.517011002927,17872.93706518525,7.140790660021174,9.027533050032181,14.674347692617996,237.48785298213943,30.455193937045202,197982516.0
GCRN,Norte,surge,2,131,977.966677011463,1149.837642501565,5.694351593075124,6.6950950019739635,6.958891092095355,14154.247257262092,53.3331870551226,17174329.0
GCRN,Nordeste,surge,2,131,4076.8780666201997,5080.525752193936,7.6118925975579,9.48579175851766,13.326878345695357,59886.88081787302,55.70962254160071,53559322.0
GCRN,Sudeste,surge,2,131,7242.694213411452,8703.422489469038,8.818911063379405,10.597535477821953,14.187198692394519,102203.13412502783,51.36751090946028,82126854.0
GCRN,Sul,surge,2,131,4312.307704109162,5364.210360259173,14.935368804412969,18.578558296890876,23.6037590695641,45735.44482435142,58.43689313920038,28873125.0
GCRN,Centro-Oeste,surge,2,131,1773.9253195910885,2425.82458753263,10.917211922042462,14.929174760242825,13.866005424364655,71442.25494469077,57.64187357475305,16248886.0
GCRN,Brasil,surge,2,132,15245.132745547651,19982.879548945675,7.700241947398856,10.093254673531716,16.848998597964037,202.87056243616956,32.41497271726642,197982516.0
GCRN,Norte,surge,2,132,932.7150246373969,1143.3701726904878,5.430867340653582,6.657437229078864,8.603372057956692,12980.710488896964,41.01803135022351,17174329.0
GCRN,Nordeste,surge,2,132,4380.2509211438555,5260.165790163317,8.178316598451069,9.821195627090495,15.094877898392223,56231.798032758015,45.29697441233681,53559322.0
GCRN,Sudeste,surge,2,132,8386.125814219671,10559.174140680148,10.211185995532803,12.857151621417458,17.042711535214288,94563.71377915291,54.2527942505926,82126854.0
GCRN,Sul,surge,2,132,4449.728613675712,5603.082218196076,15.41131628002065,19.405873864349896,23.767282361023657,41507.13635659857,62.73340572311632,28873125.0
GCRN,Centro-Oeste,surge,2,132,2152.175279948758,3111.9635783153926,13.245063568965639,19.151858030854502,18.0737664000581,54884.31412544889,53.07713449184781,16248886.0
GCRN,Brasil,surge,2,133,16345.47071898634,20651.357251200927,8.256017273255756,10.430899489731168,18.001481321041823,200.53866543149084,40.23610104254309,197982516.0
GCRN,Norte,surge,2,133,843.6969304252247,1092.0163919967795,4.912546687705963,6.358422457126443,9.19852944179368,12271.507819366321,34.20771447077654,17174329.0
GCRN,Nordeste,surge,2,133,4306.0066525749835,5214.503339292053,8.039695970339176,9.735939785219935,15.750892822921355,57304.62850489053,35.193354240416745,53559322.0
GCRN,Sudeste,surge,2,133,8758.726940936725,10626.357238588827,10.664875755421882,12.938955677748021,17.813557363469897,94722.83798565848,52.76602232783037,82126854.0
GCRN,Sul,surge,2,133,4825.59370983728,6077.404165486207,16.713098114032615,21.04865394890995,26.57043284386199,38670.846279570265,61.49382410287208,28873125.0
GCRN,Centro-Oeste,surge,2,133,2242.380949347642,3259.079563457479,13.800213438309813,20.057249238239955,20.447555519296994,37048.49229672915,54.316967484480465,16248886.0
GCRN,Brasil,surge,2,134,15285.8119022027,19746.566082259298,7.720788790361014,9.973893897913339,18.376189736505765,203.30573186841713,29.490991549986322,197982516.0
GCRN,Norte,surge,2,134,909.4555237924021,1130.6544108758196,5.295435552634412,6.583397877587063,9.030088683264896,13206.579096256582,43.334859373639134,17174329.0
GCRN,Nordeste,surge,2,134,4152.1925084319155,5129.03657575744,7.752511333940926,9.576365764595453,16.038557843459806,55753.255823745625,36.95043810584647,53559322.0
GCRN,Sudeste,surge,2,134,7879.157904806819,10124.109776481591,9.59388740838267,12.32740484188228,17.687097931267196,100986.0479200379,43.34443744189354,82126854.0
GCRN,Sul,surge,2,134,4804.559045637381,5969.577016722605,16.64024606147544,20.67520234378026,27.624304617003798,39128.704972665815,59.382310927704765,28873125.0
GCRN,Centro-Oeste,surge,2,134,2571.075809893511,3597.549185431388,15.82308971761825,22.14028201952668,23.009489444262258,43946.64009482026,63.618777619274596,16248886.0
GCRN,Brasil,surge,2,135,16144.908576451764,20154.600103783578,8.154714316516598,10.179989885462199,19.273022177832615,202.06204934548032,30.527140815922948,197982516.0
GCRN,Norte,surge,2,135,947.6773070207245,1166.8808555891046,5.5179873811706095,6.794331560721265,8.930271937189547,12137.140822046218,42.251154292282514,17174329.0
GCRN,Nordeste,surge,2,135,4170.334801190775,5118.253152909422,7.786384602088082,9.556232158632296,16.05896245864968,52522.204429317535,39.153843944766116,53559322.0
GCRN,Sudeste,surge,2,135,8346.770398891082,10329.976600672919,10.163265719262888,12.578074159120863,18.53291488906411,98121.31167074095,45.04957100083689,82126854.0
GCRN,Sul,surge,2,135,4786.504148389507,5887.786965008244,16.577714218289522,20.3919283590129,28.724190510057806,43116.42809013857,58.23146425265643,28873125.0
GCRN,Centro-Oeste,surge,2,135,3151.870367908107,4346.367345639456,19.39745511112643,26.748709700095482,27.74563829571475,42135.0803717068,67.27095098941038,16248886.0
GCRN,Brasil,surge,2,136,17692.55439803584,21416.61377962969,8.936422647561384,10.81742681744164,21.340232132327852,61.701277698164844,37.75017315753229,197982516.0
GCRN,Norte,surge,2,136,752.8078321951228,1004.0450930097572,4.383331844843096,5.846196919889896,9.62982099369762,433.9474735717329,26.07173714691144,17174329.0
GCRN,Nordeste,surge,2,136,3503.12958385126,4907.119353902716,6.540653341077134,9.16202664757914,17.109866619581492,45.001481902705606,31.824377799699942,53559322.0
GCRN,Sudeste,surge,2,136,8629.49630672445,10294.667561426768,10.507520849056814,12.53508086578693,20.164189218359187,148.44646609539456,38.92219019555655,82126854.0
GCRN,Sul,surge,2,136,5068.219785539013,6388.5749790435,17.55341614577228,22.126371769746086,31.629512125623197,61.21087099785009,49.81838361025179,28873125.0
GCRN,Centro-Oeste,surge,2,136,4228.183217863771,6078.458006454705,26.021372898202195,37.40845991814273,35.3224214086759,37310.5067307624,72.96114317869876,16248886.0
GCRN,Brasil,surge,2,137,14156.090312822053,17421.501269790366,7.150171943881173,8.79951503888877,19.66937752625127,69.8483501394558,26.69608877326209,197982516.0
GCRN,Norte,surge,2,137,866.900895128571,1096.4384404308905,5.047655108555165,6.3841704699548405,9.336609281769944,468.26408005334537,33.11277435130141,17174329.0
GCRN,Nordeste,surge,2,137,3748.3913566602073,4361.700397784641,6.998578803257082,8.143681127600235,15.401080457550082,65.06701751902257,37.902852322283024,53559322.0
GCRN,Sudeste,surge,2,137,7497.583417598468,9446.24391375814,9.129271428805087,11.502016032122867,17.64926448866034,228.70439385805489,29.098285276929154,82126854.0
GCRN,Sul,surge,2,137,4161.315296277174,5151.952510214481,14.412417416809486,17.843418439169575,31.086990811094797,66.77108327489026,36.76642383232417,28873125.0
GCRN,Centro-Oeste,surge,2,137,4455.46335071635,6156.98388713822,27.420115758805558,37.891729236934886,34.58171129069998,59348.38648126996,75.7628082838354,16248886.0
GCRN,Brasil,surge,2,138,16235.966025976551,19200.127150217744,8.200706988680027,9.697890267349539,19.16421026462549,89.4620333231809,32.671655889768545,197982516.0
GCRN,Norte,surge,2,138,1031.496470206212,1262.3750470385332,6.006036510691114,7.350360220993398,8.75476080885382,574.0422351979357,40.116518594944054,17174329.0
GCRN,Nordeste,surge,2,138,3859.8319052473166,4448.275754073394,7.206648182079894,8.305324989127746,15.150757223893429,71.00686718445347,35.838525425004136,53559322.0
GCRN,Sudeste,surge,2,138,8336.562196234972,9951.086576530806,10.150835920532122,12.116726858343808,17.408695879771127,353.93686557687255,34.81061489404936,82126854.0
GCRN,Sul,surge,2,138,4218.718354144804,5123.537448971705,14.611228795444912,17.745004910177563,29.507172704786992,83.3070505582548,43.71255030966497,28873125.0
GCRN,Centro-Oeste,surge,2,138,4376.065697712785,6037.273575649924,26.931481319474976,37.154999891376704,33.88979573414549,69430.13730161006,73.46136075702671,16248886.0
GCRN,Brasil,peak,2,139,16640.420425940756,19756.459410679312,8.404994926895846,9.978890969685077,20.444878907017973,73.70573938638685,33.04162010936572,197982516.0
GCRN,Norte,peak,2,139,1082.0495465071397,1460.3931994605946,6.300389066187911,8.503349385356449,10.902484561322927,444.42002852675853,37.49185460544167,17174329.0
GCRN,Nordeste,peak,2,139,3731.1222409073066,4455.270267732704,6.966335833951197,8.318384365904976,15.512038875759103,64.27968012495771,39.01212952918492,53559322.0
GCRN,Sudeste,peak,2,139,8968.104451259978,10421.236305221562,10.91981978423279,12.689194578452454,19.16669054401563,310.63515685013624,38.46749558344379,82126854.0
GCRN,Sul,peak,2,139,4408.98181782483,5323.504848427384,15.270192671644754,18.43757767275757,29.79067905306396,76.67799874132427,45.88281438652504,28873125.0
GCRN,Centro-Oeste,peak,2,139,4586.952414135483,6260.236864339444,28.229334701071092,38.52717573585933,36.64383068625868,51571.589150798456,74.42622949152,16248886.0
GCRN,Brasil,peak,2,140,17944.016945174502,20363.001800124894,9.063435149583865,10.285252562466118,21.49912063036593,73.70184077714855,35.029571137472885,197982516.0
GCRN,Norte,peak,2,140,1199.6733298229362,1473.5945875658438,6.98527045698808,8.580216365750555,10.45954773600777,471.81247589743145,50.63887676362427,17174329.0
GCRN,Nordeste,peak,2,140,3698.828139602712,4336.451495651349,6.9060398852747085,8.09653919004305,16.035090413910105,60.229960708980244,43.706891777636734,53559322.0
GCRN,Sudeste,peak,2,140,8544.479614891547,10256.295650634253,10.404002100082327,12.48835813269342,19.116332909523344,319.02130587843124,35.995877738836825,82126854.0
GCRN,Sul,peak,2,140,4870.042965533258,5867.490490461983,16.86704492684203,20.321632973438042,32.83181653892418,62.53339837191769,48.86566623542208,28873125.0
GCRN,Centro-Oeste,peak,2,140,5396.6389987992825,7132.538637337118,33.21236298167938,43.895554669637775,43.08383261590877,37173.439880417885,75.07162892428883,16248886.0
GCRN,Brasil,peak,2,141,15954.912593490542,19103.581618331445,8.058748275272217,9.649125591641358,21.026928861403096,73.64312686357502,28.75702181123932,197982516.0
GCRN,Norte,peak,2,141,1222.8279958788482,1523.9202944879464,7.120091829374226,8.873245030347016,10.39175553761242,463.8080816452133,59.49852668639596,17174329.0
GCRN,Nordeste,peak,2,141,4012.6958201881143,4604.087707803473,7.492058656358859,8.596239713048409,15.544046113601766,66.09672288411353,48.55462635336767,53559322.0
GCRN,Sudeste,peak,2,141,8128.355889408267,10168.254745014181,9.89731798250578,12.381157014749624,18.401932853747972,328.44116088642244,35.59995309044174,82126854.0
GCRN,Sul,peak,2,141,4535.019962210773,5570.6988765454125,15.706716755497624,19.29371648044821,33.01290436929124,60.41278408800097,46.57045163358464,28873125.0
GCRN,Centro-Oeste,peak,2,141,4765.782527297213,6369.197048548917,29.32990315334364,39.197745916544164,42.30971360108466,49699.70421294081,62.786877681308134,16248886.0
GCRN,Brasil,peak,2,142,15155.30985524526,18696.459798306,7.654872845057318,9.443490352605682,21.136318032826384,74.36314665692052,25.307151448335635,197982516.0
GCRN,Norte,peak,2,142,1276.1168409136283,1567.0620196253865,7.430373791684254,9.124443928059062,10.203767320689193,471.1492419044533,71.0586759835923,17174329.0
GCRN,Nordeste,peak,2,142,4462.317038020094,5007.194256183718,8.331541310437228,9.348875357652432,15.003390599712336,74.87815905132912,58.6808970781666,53559322.0
GCRN,Sudeste,peak,2,142,7920.935470215863,10086.905468281711,9.644756963679459,12.282103815010021,18.708775245401544,336.437818983103,37.57195236619821,82126854.0
GCRN,Sul,peak,2,142,4408.533650337981,5422.833194997688,15.268640475660261,18.7815942853352,33.75110939344034,61.549507070403145,42.33141502429008,28873125.0
GCRN,Centro-Oeste,peak,2,142,4766.300367242138,6324.657851831257,29.33309007917305,38.92363976109659,42.76073352874938,50413.00839455361,61.5847544085027,16248886.0
GCRN,Brasil,peak,2,143,16330.131139429845,19369.89930812939,8.248269326686325,9.78364135352709,21.06441413600887,76.75273964154813,30.019669311868537,197982516.0
GCRN,Norte,peak,2,143,1363.7457364767195,1633.5655432802487,7.940605635752753,9.511670256696775,9.938421125256559,470.72518290924427,90.55314483816929,17174329.0
GCRN,Nordeste,peak,2,143,4406.816738346779,5002.224635319241,8.22791733313349,9.33959663514643,14.87042722182104,74.1489977532333,54.28135416595596,53559322.0
GCRN,Sudeste,peak,2,143,8636.267135600463,10670.494656509996,10.515765203425985,12.992698656775524,17.897051882005304,357.48013296391576,46.89069799902725,82126854.0
GCRN,Sul,peak,2,143,4600.531072949256,5574.5720369863175,15.933609794399658,19.307130894166523,35.24458917855012,59.14834784970846,44.606017374777096,28873125.0
GCRN,Centro-Oeste,peak,2,143,4904.065043434422,6311.556380423587,30.18093082463882,38.84300979417043,44.052250649454926,50960.94682724028,60.63327291316287,16248886.0
GCRN,Brasil,peak,2,144,17408.575604547477,19679.602587111003,8.792986348626602,9.940070964201205,22.047148828530084,79.26690262760064,29.029744544026947,197982516.0
GCRN,Norte,peak,2,144,1408.1822744890117,1636.258405300951,8.199343767602283,9.52734983300338,10.712416853292623,469.98367596166173,87.87350316292961,17174329.0
GCRN,Nordeste,peak,2,144,4291.478373371551,4989.388402226573,8.012570385733321,9.315630250559506,14.7808069724828,72.9756856734421,54.31198156299232,53559322.0
GCRN,Sudeste,peak,2,144,9482.088858467729,11488.921951884795,11.54566185923514,13.989239076276798,20.650631826064476,320.3488659166986,43.743754568143146,82126854.0
GCRN,Sul,peak,2,144,2863.0900573649383,3892.9453780843046,9.916107305201422,13.48293743086107,33.10616954835846,60.02841800240133,10.216438037365563,28873125.0
GCRN,Centro-Oeste,peak,2,144,4928.32549138663,6331.578501834578,30.330236124412654,38.96623129631519,45.38596846505651,51485.37119870299,61.77286034891083,16248886.0
GCRN,Brasil,peak,2,145,16384.274360302614,19208.84404655153,8.275616802598172,9.70229312903142,23.081908311812455,47.32019172048977,33.76359010975005,197982516.0
GCRN,Norte,peak,2,145,1280.4485986150376,1572.7200104915464,7.455596073739112,9.15738839340708,11.017689747328614,148.20376523971433,70.45743801436657,17174329.0
GCRN,Nordeste,peak,2,145,3921.1464257476837,4781.774252801186,7.321127824858731,8.927996237146514,14.942443502857262,61.82713489634926,48.41543463582283,53559322.0
GCRN,Sudeste,peak,2,145,9254.219943551147,11447.087955164421,11.268202168746347,13.938300808605698,21.751020118042316,203.66988797975674,35.931260834709974,82126854.0
GCRN,Sul,peak,2,145,2813.761283132025,3496.819149211505,9.745260629502434,12.110982615188018,34.844068421937465,43.09728547466583,15.88388800009746,28873125.0
GCRN,Centro-Oeste,peak,2,145,5125.847270726433,6595.790720527155,31.54583810069461,40.59226411291922,48.488598752947084,23302.38136964212,59.16562168720798,16248886.0
GCRN,Brasil,peak,2,146,12778.835720004356,14743.278656432853,6.4545273886732275,7.4467579028204955,22.085788605037735,45.58681079970586,24.690690789342305,197982516.0
GCRN,Norte,peak,2,146,1372.372545444279,1545.350895363945,7.990836471365368,8.99802778532975,9.830702212973872,187.30529176126012,98.90908572699382,17174329.0
GCRN,Nordeste,peak,2,146,4219.8436858298755,4820.486545286457,7.878822076630985,9.000275517465393,13.705897387985503,75.08654485608928,59.13842656495448,53559322.0
GCRN,Sudeste,peak,2,146,6798.6413793401925,8853.197221638542,8.278219666541949,10.779905463855394,20.348138110046783,242.97623720832001,27.406770159024063,82126854.0
GCRN,Sul,peak,2,146,3146.6259398968027,3677.7856973126086,10.898113522165692,12.73774729030061,36.78927822428143,36.050719093031944,21.417044218732812,28873125.0
GCRN,Centro-Oeste,peak,2,146,4334.36910053313,5851.474335999689,26.674869283550454,36.01154156660149,45.316073587794484,25596.864028566062,48.99853401985496,16248886.0
GCRN,Brasil,peak,2,147,12088.000438203928,14059.254809591206,6.1055898684527925,7.10126080506584,21.541476473424794,45.04873356043661,21.842658766238195,197982516.0
GCRN,Norte,peak,2,147,1376.7408734301696,1519.0773443420142,8.016271689159847,8.845046256782515,9.9051488648154,177.69438892183652,93.43978081104993,17174329.0
GCRN,Nordeste,peak,2,147,4745.630693984654,5408.173753271218,8.86051301019952,10.097539609017488,12.840501817954262,87.40347288994992,79.29948319961768,53559322.0
GCRN,Sudeste,peak,2,147,6730.836139767229,8764.14882300713,8.19565807277511,10.671477593683463,19.742280948326336,245.26699013808565,25.370101114870096,82126854.0
GCRN,Sul,peak,2,147,2447.750788229117,2845.949749185787,8.477609500977525,9.856743075734917,36.20816443183607,32.266448390739434,21.692313126905688,28873125.0
GCRN,Centro-Oeste,peak,2,147,4174.926876620286,5710.456540266402,25.69361909868951,35.14368025147325,45.552573322540525,24692.053322127886,47.53043578846011,16248886.0
GCRN,Brasil,peak,2,148,13891.350575100481,16028.120488850433,7.016453197867474,8.095725224974126,20.630645683333334,52.689238241071585,26.646445435370364,197982516.0
GCRN,Norte,peak,2,148,1526.23536327223,1662.2536823643015,8.886724851213867,9.678711071415375,9.401906084462501,202.0512896721388,99.91362731982903,17174329.0
GCRN,Nordeste,peak,2,148,5251.078893855032,6032.855349337642,9.80422958650416,11.263875501145518,11.905357146486368,111.18868602815324,80.39319135909206,53559322.0
GCRN,Sudeste,peak,2,148,7165.707657861355,9063.927361867592,8.72517003739283,11.03649649342174,18.95473622273127,252.039707459364,32.22601199737723,82126854.0
GCRN,Sul,peak,2,148,2432.148941917533,2807.880521440698,8.423573623975699,9.724893032675535,36.099808595022616,31.957131909262273,20.969600096664955,28873125.0
GCRN,Centro-Oeste,peak,2,148,3723.7542852628217,5276.464359683284,22.916982033493383,32.472776039436084,42.24201667872041,29645.614063100744,49.250361696191575,16248886.0
GCRN,Brasil,peak,2,149,15690.344651713387,17928.12324727823,7.925116302549355,9.055407320552604,19.66591403380252,60.55689619634425,30.726377299801396,197982516.0
GCRN,Norte,peak,2,149,1408.602831552172,1577.1217130521964,8.201792521572003,9.183017939461834,9.861063127478317,182.9110702282343,87.15324231576214,17174329.0
GCRN,Nordeste,peak,2,149,5473.662458731101,6349.612123936327,10.219812824985164,11.855288466751555,11.112377942278245,127.0972731290076,88.40459755441213,53559322.0
GCRN,Sudeste,peak,2,149,7585.529232692672,9474.097445339567,9.236356761812248,11.535931286664853,17.965239109801757,264.5663362503199,47.87433051985698,82126854.0
GCRN,Sul,peak,2,149,2201.993173421852,2609.63710058848,7.626445607885715,9.038291146484767,35.33414353523814,31.21980020399689,17.056750144501343,28873125.0
GCRN,Centro-Oeste,peak,2,149,3452.400427475232,4880.724229363452,21.24699765556378,30.037285198280372,38.9776170814433,35851.1492790626,59.24505275029176,16248886.0
GCRN,Brasil,peak,2,150,16502.659657686898,18880.24469001306,8.335412636986035,9.53631920205169,18.543195855164225,65.3580730780023,33.9040070663686,197982516.0
GCRN,Norte,peak,2,150,1487.8201687078667,1633.0038699219474,8.663046857364073,9.5083998328083,9.480095861754313,193.93385307237537,89.50893945197731,17174329.0
GCRN,Nordeste,peak,2,150,5586.561896843418,6351.993802250926,10.430606079821956,11.85973527120251,10.639737801443392,131.26751644122618,100.27857835314384,53559322.0
GCRN,Sudeste,peak,2,150,8130.208081049836,9948.436102097116,9.89957326388009,12.113499565071756,17.01592373319576,264.4235663817506,53.50584698219293,82126854.0
GCRN,Sul,peak,2,150,2247.5188908218493,2745.300805677864,7.784120668690519,9.508152670269894,34.157072671547134,32.154854920475024,14.45277428743874,28873125.0
GCRN,Centro-Oeste,peak,2,150,3195.4577715128153,3979.6819454436113,19.665703676626293,24.49202945631849,34.148275082417086,44258.91800339819,43.389443552559975,16248886.0
GCRN,Brasil,peak,2,151,15018.677350091462,17561.994508172753,7.585860435318168,8.8704774860891,18.902138087863197,55.64397631958949,38.321907109588224,197982516.0
GCRN,Norte,peak,2,151,1490.7503330739753,1630.5752187087255,8.680108160697138,9.494258661917595,9.49964331996168,186.08522011948426,95.51850170511523,17174329.0
GCRN,Nordeste,peak,2,151,5704.617178981183,6411.675769316539,10.651025752307289,11.9711667920601,10.301528041172556,134.86493435602358,100.20750194053639,53559322.0
GCRN,Sudeste,peak,2,151,7279.1749198238485,9568.092743291945,8.863331012075355,11.65038264255434,18.09874338425726,186.1807307710262,42.568610579841106,82126854.0
GCRN,Sul,peak,2,151,2474.3305645064543,3065.3179597127555,8.56966665196945,10.61650915760852,33.03269539518451,36.72675799789814,23.630408675199547,28873125.0
GCRN,Centro-Oeste,peak,2,151,2378.5044348585625,3248.755809824911,14.637953856397063,19.993714091076217,36.14093916784675,55.46868534054112,23.843133843223473,16248886.0
GCRN,Brasil,peak,2,152,12598.841437167091,15325.480858924206,6.363613157217928,7.740825386280172,19.534661475978293,35.86525311417895,29.12105663209955,197982516.0
GCRN,Norte,peak,2,152,1312.7206299286554,1513.166447310357,7.643504616271503,8.810629208921974,9.859815422373352,104.35165423685234,80.75371105078077,17174329.0
GCRN,Nordeste,peak,2,152,5049.965159022555,5800.200853758946,9.428732423129917,10.829488942669862,10.397949833295396,120.57052403645696,92.34179884171007,53559322.0
GCRN,Sudeste,peak,2,152,6595.114154072154,9108.233335116873,8.030399111686604,11.090444710224592,19.056843087422017,48.680114159844116,32.22012123395865,82126854.0
GCRN,Sul,peak,2,152,2319.6457218970986,2673.8564319616175,8.033926781036339,9.260710200096517,33.81468803703565,27.315744905874887,22.182472574796783,28873125.0
GCRN,Centro-Oeste,peak,2,152,2189.040562257074,3162.6658015275852,13.471942398125469,19.463893103364658,36.91725614587245,45.637322743451136,16.724353641211582,16248886.0
GCRN,Brasil,peak,2,153,13326.3561550035,15897.479076867545,6.731077281088548,8.02973888707806,18.928691667978644,38.92753562388095,31.71068417666105,197982516.0
GCRN,Norte,peak,2,153,1478.2698560240387,1538.3078783211795,8.607438788578225,8.957018805923536,8.157108031647963,135.9346212512142,112.30181631943506,17174329.0
GCRN,Nordeste,peak,2,153,4872.142833965753,5591.019645181928,9.096722385630185,10.438929090965582,10.157628853502585,118.97408812811355,112.80316485374517,53559322.0
GCRN,Sudeste,peak,2,153,6672.909898578349,9311.384760023171,8.125125429227264,11.337807679840227,18.131967267183192,50.80196795420209,36.64857489133422,82126854.0
GCRN,Sul,peak,2,153,2136.669184814378,2532.828255614369,7.400200653079215,8.772269214414335,34.53607068509617,22.180002583555627,17.82214607412942,28873125.0
GCRN,Centro-Oeste,peak,2,153,2254.9171468100344,3209.6632560935805,13.877364557853594,19.753128036553278,35.51847893357134,48.88095984322717,33.32632246770163,16248886.0
GCRN,Brasil,decline,2,154,16096.604932623277,19766.09307881644,8.130316382393724,9.983756888318583,17.301888561038457,67.04766065855975,42.339332093670166,197982516.0
GCRN,Norte,decline,2,154,1532.0909199141572,1633.5684369046899,8.920819671698133,9.51168710524114,7.806501701483086,163.58543047445679,131.66461033883365,17174329.0
GCRN,Nordeste,decline,2,154,5260.76120944361,6076.435841047674,9.822307327646175,11.345244140782205,9.020838617091055,159.53805906391693,116.78585043204183,53559322.0
GCRN,Sudeste,decline,2,154,7788.635782668191,10551.400117905054,9.483665090432163,12.847685749541865,16.750741648339105,703.302064341345,45.708865332314815,82126854.0
GCRN,Sul,decline,2,154,2409.684626547814,3136.728910533114,8.345770077010418,10.863835869976366,31.76928620005193,42.52417198224295,18.482928277974644,28873125.0
GCRN,Centro-Oeste,decline,2,154,2378.5445687010474,2945.5634518585634,14.638200850821697,18.127787048654064,31.71206412200399,62.091543493300506,41.043671060716306,16248886.0
GCRN,Brasil,decline,2,155,18457.272153211554,23605.69686843981,9.32267784353824,11.923121973275565,15.841333902217713,300.1996696732762,44.738648715077105,197982516.0
GCRN,Norte,decline,2,155,1521.761872302244,1651.974979974745,8.860677306823714,9.618861848836977,7.356494505817635,221.06981202241758,144.0272762845832,17174329.0
GCRN,Nordeste,decline,2,155,5770.757722640213,6687.084758731723,10.774516007951355,12.485379778951874,7.944195302318195,406.28962813106415,128.33309418001102,53559322.0
GCRN,Sudeste,decline,2,155,8583.782784000605,11432.86357655698,10.451858759865079,13.920980799480008,15.576164990539043,1934.5650988198545,52.429715946999835,82126854.0
GCRN,Sul,decline,2,155,3186.213463462212,4327.0386105681355,11.035222074029784,14.986388243628411,29.213276069414594,195.72611820103734,22.79083419899237,28873125.0
GCRN,Centro-Oeste,decline,2,155,2773.761697527069,3544.2047526190163,17.07047300059259,21.81198608088589,28.419091126012233,217.98932192062438,43.48777852350563,16248886.0
GCRN,Brasil,decline,2,156,20317.003552693386,24917.49531636786,10.262019072781854,12.585704950010768,14.88147280880488,309.3868240695015,56.89062465353581,197982516.0
GCRN,Norte,decline,2,156,1405.4178333188295,1554.3099496943812,8.18324741140588,9.050193167339353,7.6784035236973995,204.14494197307218,134.18338350491777,17174329.0
GCRN,Nordeste,decline,2,156,6080.054394849244,6910.955218449149,11.352000301365361,12.90336576413187,7.217897830169385,421.68419719249283,148.44961256761798,53559322.0
GCRN,Sudeste,decline,2,156,8997.006146985237,11763.54417231579,10.955011313333928,14.323626925141673,14.619108977884695,1988.5910679408746,61.4155829025024,82126854.0
GCRN,Sul,decline,2,156,3755.9126400092073,4872.5663008271695,13.008334359405874,16.87578431786365,27.24134838855772,214.61167594595423,31.526637343797944,28873125.0
GCRN,Centro-Oeste,decline,2,156,2764.5104653232775,3486.03605732819,17.013538437793688,21.454000337796636,27.118782191265197,230.4115351553469,40.71696111360714,16248886.0
GCRN,Brasil,decline,2,157,18983.373215322976,24010.568630565922,9.588408915524125,12.127620719076992,15.227968060516012,297.5528550354178,55.33850155300054,197982516.0
GCRN,Norte,decline,2,157,1304.4648598373988,1472.3210202818964,7.595434207865697,8.572800837120894,7.691296517029598,189.54964093654254,116.11361369141461,17174329.0
GCRN,Nordeste,decline,2,157,6205.863852605463,6971.009019788123,11.586897706818363,13.015491532525605,6.675775313398278,433.20762400979754,156.04979131488844,53559322.0
GCRN,Sudeste,decline,2,157,8243.690781740012,11272.391308638551,10.037753037197811,13.725585188784356,15.158953284716702,1909.0239186134263,48.67643197030462,82126854.0
GCRN,Sul,decline,2,157,4260.5372506391,5324.094048836126,14.756065547595213,18.439618326163608,29.15142919163413,214.7060638009369,36.1745007809766,28873125.0
GCRN,Centro-Oeste,decline,2,157,2751.7259853013666,3469.33052172009,16.93485932082585,21.351189993702278,26.9913009158403,229.71408885947935,40.2565144603532,16248886.0
GCRN,Brasil,decline,2,158,19508.387651944533,23818.552804274466,9.8535911382925,12.030634464850657,13.802228884692926,310.87331127923363,64.66371291616541,197982516.0
GCRN,Norte,decline,2,158,1484.6813651106738,1642.4529309097086,8.64477072210899,9.563418349035404,6.535085818119388,220.17605981506952,146.16940314123454,17174329.0
GCRN,Nordeste,decline,2,158,5973.668116282292,6636.733014978489,11.153367692522867,12.391368611758171,6.7052486381916925,412.7223847790833,142.41155225602014,53559322.0
GCRN,Sudeste,decline,2,158,6835.1664443589325,8882.48554688867,8.322693627542257,10.815567764094155,12.7080410122727,2001.0839426914495,56.244897556872566,82126854.0
GCRN,Sul,decline,2,158,4976.9645841115425,5934.795654783633,17.237360293046017,20.55473958840144,27.01795731901291,245.3703770360424,38.00995903724184,28873125.0
GCRN,Centro-Oeste,decline,2,158,2587.7311580072096,3369.383202480567,15.925591194419173,20.736087399964322,26.92316436064234,222.52270818474153,38.53843678401566,16248886.0
GCRN,Brasil,decline,2,159,20199.339329213508,23797.623834446073,10.202587449294517,12.020063344606688,13.201742958583184,311.2439503916534,66.85869477609455,197982516.0
GCRN,Norte,decline,2,159,1359.948364836506,1502.8244185422475,7.91849489337549,8.750411259399115,6.616602834798127,200.58336955958586,156.05740863399092,17174329.0
GCRN,Nordeste,decline,2,159,5864.38662353295,6495.31400520067,10.949329462260462,12.127326789537534,6.427852614880138,420.72702131951746,163.05831063386128,53559322.0
GCRN,Sudeste,decline,2,159,7011.081246980041,8713.338615385599,8.536892508971599,10.609609635583508,12.25508320032856,1936.686893129577,62.20689618393175,82126854.0
GCRN,Sul,decline,2,159,5125.872224091152,5955.422252223706,17.75309123654316,20.626178330969392,25.672168010410083,247.17149445475846,50.053651646163786,28873125.0
GCRN,Centro-Oeste,decline,2,159,2628.5972489220826,3385.213290273944,16.177092072170872,20.83351000354082,25.11556791479209,230.7658714929395,39.69069315242861,16248886.0
GCRN,Brasil,decline,2,160,21191.72547288149,24188.64551176043,10.70383683419878,12.21756648034538,12.628604327711335,311.2156520264387,67.93758034616116,197982516.0
GCRN,Norte,decline,2,160,1379.4878222986683,1529.6355095166264,8.032266193914582,8.90652269160924,6.303427780942334,213.14475206826273,179.0592832559841,17174329.0
GCRN,Nordeste,decline,2,160,5975.72184330666,6476.252344126348,11.1572021828556,12.091736979281306,6.2291410381445,410.7273172881349,144.51757842405908,53559322.0
GCRN,Sudeste,decline,2,160,7690.702456939581,9218.449767157894,9.364418679594838,11.224647381668722,11.396046278037364,1976.7463429143606,64.73220765863368,82126854.0
GCRN,Sul,decline,2,160,5238.367730917021,5907.72092978064,18.142711365385704,20.460968217955767,24.502766168748458,242.5394597276576,64.22283894900613,28873125.0
GCRN,Centro-Oeste,decline,2,160,2358.6923337141307,3099.0155585817447,14.516024875269176,19.072172446663387,25.53801447656648,212.91419299923743,36.371954797280694,16248886.0
GCRN,Brasil,decline,2,161,22626.2029241848,25901.06634921517,11.428384375206544,13.082501865576438,11.444553160541536,376.8121209936471,67.89228493463,197982516.0
GCRN,Norte,decline,2,161,1499.8866675442823,1633.2837916448427,8.733305781811227,9.510029717288186,5.602215113396734,268.8228283323438,177.55888114280827,17174329.0
GCRN,Nordeste,decline,2,161,5939.452826949602,6454.51386977607,11.089484715563804,12.051149321449719,5.775838596154783,432.757692086859,162.26537224961524,53559322.0
GCRN,Sudeste,decline,2,161,8436.378876986699,10060.365606140971,10.272375558166027,12.249788121849853,10.175895520427519,2435.119611149655,66.49304292518916,82126854.0
GCRN,Sul,decline,2,161,5760.058268755835,6348.522564745464,19.949549169879724,21.987653102133777,22.58130558905649,269.8537121195765,73.24765804031925,28873125.0
GCRN,Centro-Oeste,decline,2,161,2475.673032106345,3335.901889156138,15.235955450154215,20.53003442301299,22.927725622581555,46729.45281585735,41.2777878778421,16248886.0
GCRN,Brasil,decline,2,162,22479.722540240535,26096.68367515996,11.354397850081133,13.18130721965366,10.540144291668208,430.0042143486762,81.37114246468153,197982516.0
GCRN,Norte,decline,2,162,1467.0794437596855,1598.649291188031,8.542281004164328,9.308365358483764,5.323560009231552,482.98080771415596,173.82053113163454,17174329.0
GCRN,Nordeste,decline,2,162,5553.57982911357,6118.813198966238,10.369025636869656,11.424366423022006,5.451365266858218,498.9409799668865,223.22117489594166,53559322.0
GCRN,Sudeste,decline,2,162,8737.078246671854,10415.52174418527,10.638515687782041,12.682236365933692,9.113862524369882,126213.67225092129,66.2233191722234,82126854.0
GCRN,Sul,decline,2,162,6247.048223179219,6809.236079182835,21.636203989624327,23.5833013544008,20.365453604339592,337.95017242308626,88.33744321091072,28873125.0
GCRN,Centro-Oeste,decline,2,162,2172.384819354199,2914.4815956671155,13.36943849168613,17.936500974079795,22.577371927875927,42150.33731716028,34.630810113700626,16248886.0
GCRN,Brasil,decline,2,163,22160.926465197805,25675.64334022299,11.193375512612338,12.968641806846717,9.880598316389834,420.34253809192666,97.10960393080902,197982516.0
GCRN,Norte,decline,2,163,1543.4015181982847,1642.679369300508,8.986677256493019,9.5647368191241,4.911400016368536,489.4536835153443,166.67319271495612,17174329.0
GCRN,Nordeste,decline,2,163,5204.764383968232,5834.207886471342,9.717756292673444,10.89298308606547,5.271057851955775,477.3206898862527,280.23008353116654,53559322.0
GCRN,Sudeste,decline,2,163,8417.687549110766,10060.872204803305,10.249616464196675,12.250404970831228,8.48800145960642,117484.54856532595,81.66784270542033,82126854.0
GCRN,Sul,decline,2,163,6348.684468524155,6834.739283971462,21.988213844272675,23.671629877165916,18.960291240876092,338.4509638250634,115.18419198149725,28873125.0
GCRN,Centro-Oeste,decline,2,163,2334.422935587675,2994.865125830393,14.366664493723908,18.431202765718172,21.231345588852957,42966.778323779945,52.37676190124305,16248886.0
GCRN,Brasil,decline,2,164,21247.731094913546,24675.91460311916,10.732124999822483,12.463683713929141,9.742130095708573,401.31481616736136,91.12535965890449,197982516.0
GCRN,Norte,decline,2,164,1425.6260367748866,1533.3008884690557,8.300912581649547,8.927864887583414,4.958397074372256,458.6672685638422,153.43705304390636,17174329.0
GCRN,Nordeste,decline,2,164,5201.3259639706675,5724.505552593532,9.711336457863801,10.688159108126,5.007931716866727,455.65802963620047,290.47621842119446,53559322.0
GCRN,Sudeste,decline,2,164,7415.114393195187,9356.140356650532,9.028854792362054,11.392303370893194,8.889818867754748,113728.94799167455,56.987754723944185,82126854.0
GCRN,Sul,decline,2,164,6200.602296807062,6693.730293741209,21.475341850967162,23.18325534122548,18.24929887060292,329.2071821875969,122.92026161165597,28873125.0
GCRN,Centro-Oeste,decline,2,164,2308.827121934305,3004.136538385563,14.20914099547689,18.488261523808852,19.594310269042698,43423.03379118528,56.59380684046751,16248886.0
GCRN,Brasil,decline,2,165,22115.76214791311,25021.551040851937,11.170563236964373,12.638262987248801,9.041851810338017,405.43127756471756,92.39372507423874,197982516.0
GCRN,Norte,decline,2,165,1441.0588750509742,1541.6829864067672,8.39077250151068,8.976670858039155,4.821980848728348,456.6187248208201,168.82616778174452,17174329.0
GCRN,Nordeste,decline,2,165,5025.994989825172,5539.166747978214,9.383977993271035,10.342115137264459,5.015400069146377,437.06356267784906,280.8529470498735,53559322.0
GCRN,Sudeste,decline,2,165,8274.733755556956,9927.25495177055,10.075551847580762,12.087708792267327,7.798997661786374,112462.59616328352,90.36477762417678,82126854.0
GCRN,Sul,decline,2,165,6202.684764227072,6694.676272843827,21.482554327690792,23.18653167207854,17.024729557276135,333.6049959906938,130.29698855671637,28873125.0
GCRN,Centro-Oeste,decline,2,165,2334.51663770817,2919.5581706519756,14.367241161690531,17.967743577325706,18.870744185514237,40785.125576387574,56.37235639100009,16248886.0
GCRN,Brasil,decline,2,166,22144.376537004184,24369.336335901407,11.185016224869162,12.308832531404647,8.80875041919001,393.391569928959,95.8431466315136,197982516.0
GCRN,Norte,decline,2,166,1404.7652391336055,1502.0087437505197,8.179447587929669,8.745661875643117,4.66934440304479,445.3842439527126,173.60781565677996,17174329.0
GCRN,Nordeste,decline,2,166,5018.775261450813,5420.964147606948,9.370498120664807,10.121420408583493,4.813487774580992,431.7367937266721,276.9489479032844,53559322.0
GCRN,Sudeste,decline,2,166,8164.66676680772,9648.332704229744,9.9415311425514,11.748085107740453,7.731680202751222,107528.28108478732,93.19880947331828,82126854.0
GCRN,Sul,decline,2,166,6008.0035009037465,6445.428147485315,20.80828971891247,22.32327864574865,16.538860035130135,319.2419369156655,119.80157895596969,28873125.0
GCRN,Centro-Oeste,decline,2,166,2473.5528735860817,2990.7279959178236,15.222907426306527,18.405741759267826,18.061018325526454,40361.94326111698,78.96479144267494,16248886.0
GCRN,Brasil,decline,2,167,22305.80833207488,24248.428980482982,11.266554634589491,12.247762817845482,8.369678456411565,390.06469104154945,144.43901614873735,197982516.0
GCRN,Norte,decline,2,167,1414.319258430763,1508.3468430290022,8.235077239004582,8.782566370010743,4.393600620101311,452.27011740064734,206.75694815861226,17174329.0
GCRN,Nordeste,decline,2,167,5111.693162213429,5514.508471216894,9.543984074730126,10.296075949611337,4.612242290680795,427.7826017197595,266.9233508415212,53559322.0
GCRN,Sudeste,decline,2,167,8224.665236318267,9638.242490901266,10.014586990411525,11.735798976180515,7.213318338159563,105419.05808052955,145.59836102921653,82126854.0
GCRN,Sul,decline,2,167,6055.218795271586,6413.423857594663,20.971816508506045,22.21243408046293,15.601013118795535,316.84953449689664,144.66811109480417,28873125.0
GCRN,Centro-Oeste,decline,2,167,2386.805966379131,2867.662422681425,14.68904370662168,17.64836323352521,17.952439475504235,38779.56148541897,74.64727898365355,16248886.0
GCLSTM,Brasil,surge,1,78,12412.990591113088,13063.054012141783,6.269740804341071,6.598084657203661,2.5300574656107204,763.3026408113503,231.92842510365523,197982516.0
GCLSTM,Norte,surge,1,78,960.4931425724741,998.591052391926,5.59260942638559,5.814439984187597,1.5276121931016635,809.9091874222304,329.6746448209076,17174329.0
GCLSTM,Nordeste,surge,1,78,4612.040030099616,4861.086648207833,8.611087403420857,9.076079507145055,1.2878910222681494,25482.022651724634,613.1696401671543,53559322.0
GCLSTM,Sudeste,surge,1,78,4355.580179139342,4635.18725630597,5.303478663798984,5.643936216412198,2.66965054412917,48094.57906149213,168.47533928804086,82126854.0
GCLSTM,Sul,surge,1,78,1753.9858224805819,1863.0686005177326,6.0748042426324895,6.4526046297992785,2.875635108837899,572.6497703397899,177.61685456801018,28873125.0
GCLSTM,Centro-Oeste,surge,1,78,1088.7099382623953,1182.390569271161,6.700212791587038,7.27674850615089,6.364392358608676,1406.7573041902747,141.28222685645036,16248886.0
GCLSTM,Brasil,surge,1,79,12218.501626016838,12801.299722299802,6.171505379806789,6.465873846304591,2.576814840342795,723.843456642871,219.79172512578077,197982516.0
GCLSTM,Norte,surge,1,79,922.8174987557238,960.8306398812401,5.373237573099501,5.594574552992668,1.6436491725865803,743.1308133251708,298.65555298711126,17174329.0
GCLSTM,Nordeste,surge,1,79,4524.9140838123485,4791.302728985515,8.448415541579015,8.945786746489278,1.3080289094444075,24443.792461226276,692.953063946187,53559322.0
GCLSTM,Sudeste,surge,1,79,4409.554421244279,4604.574464940883,5.369199240536207,5.606661208453064,2.6532995306540985,45724.47899887401,161.84536965763772,82126854.0
GCLSTM,Sul,surge,1,79,1817.27657908052,1894.3343970580902,6.2940072440392925,6.560891476271066,2.8330844163046516,558.3846087574655,191.91686990387507,28873125.0
GCLSTM,Centro-Oeste,surge,1,79,965.861388664991,1040.0981879086678,5.9441698874925395,6.401043049404542,6.903330388345993,1267.3040093915085,82.70501407856648,16248886.0
GCLSTM,Brasil,surge,1,80,12463.303561815741,13014.941468124285,6.2951536396354015,6.573783246660168,2.459271991377835,716.5224980853442,228.7766288954867,197982516.0
GCLSTM,Norte,surge,1,80,925.8018559806544,956.4079990511766,5.390614422145135,5.568823090853661,1.688566721213536,718.2605669538424,274.4618656405761,17174329.0
GCLSTM,Nordeste,surge,1,80,4525.350175019191,4803.286916202228,8.449229762503698,8.968162285927049,1.2692201363828395,23439.821145454905,754.8246464809558,53559322.0
GCLSTM,Sudeste,surge,1,80,4387.368241637781,4631.369418568461,5.342184715413281,5.6392875082837834,2.5071841033552333,43355.03031672417,200.9780669605526,82126854.0
GCLSTM,Sul,surge,1,80,1790.564839541834,1857.3084679817723,6.201493047745383,6.432654823410256,2.8461959596758724,530.2680230241629,195.8600780402007,28873125.0
GCLSTM,Centro-Oeste,surge,1,80,1032.7704168908822,1119.442646480485,6.35594598233308,6.889350115943241,6.266803242618406,1350.3112506027453,100.91723922360038,16248886.0
GCLSTM,Brasil,surge,1,81,12839.471288790273,13348.257304099105,6.485154117745565,6.742139444323005,2.3312664563567584,713.4153253566041,229.20315834802116,197982516.0
GCLSTM,Norte,surge,1,81,934.3962077044949,959.1677483982995,5.440656270789356,5.584892128235691,1.7309888431370646,692.0136165939892,272.6590840954889,17174329.0
GCLSTM,Nordeste,surge,1,81,4604.493863622992,4858.303604470506,8.59699804195242,9.070883317885365,1.1980040406035959,22561.12247529698,885.7020501053256,53559322.0
GCLSTM,Sudeste,surge,1,81,4556.940661155463,4829.672053866315,5.548660930267052,5.880746453366295,2.2673112758441363,41916.05177459661,242.72710180550322,82126854.0
GCLSTM,Sul,surge,1,81,1803.6315788630127,1860.275236998597,6.246748763298093,6.442930015364104,2.857823179671246,519.1888823160394,183.59536648547984,28873125.0
GCLSTM,Centro-Oeste,surge,1,81,1142.9659888666679,1195.5604121322312,7.034119070480695,7.357799249328423,6.088769065289201,1387.1386075260325,109.57814848579889,16248886.0
GCLSTM,Brasil,surge,1,82,12697.111571363164,13266.705229534498,6.413248921113399,6.700947890537213,2.252399464692573,731.517958410467,290.34790882678,197982516.0
GCLSTM,Norte,surge,1,82,896.3957820639199,918.7885924549389,5.2193933286355465,5.349778686870031,1.8553438847948514,630.1994361555072,227.8370513682228,17174329.0
GCLSTM,Nordeste,surge,1,82,4510.693619417003,4785.910669886035,8.421864674494952,8.935719294366788,1.2080063015643794,20807.49625305851,824.6341801694992,53559322.0
GCLSTM,Sudeste,surge,1,82,4654.822873468834,4934.768406095932,5.667845103952033,6.008714769587949,2.0552699684104345,44001.97053631684,319.30054002066373,82126854.0
GCLSTM,Sul,surge,1,82,1867.1520773330606,1930.115841166617,6.466747459213578,6.684817944599406,2.7118644115379733,538.529870387022,176.20744155639036,28873125.0
GCLSTM,Centro-Oeste,surge,1,82,994.9343709411017,1048.4004778371188,6.123092813507965,6.45213756707456,6.2944974519578,968.4791080502673,84.36335317352872,16248886.0
GCLSTM,Brasil,surge,1,83,12147.68237533637,12757.78609288793,6.135734922843575,6.443895325023514,2.2938894200811624,603.1490698235488,263.14667901399696,197982516.0
GCLSTM,Norte,surge,1,83,860.1918889719245,891.8923280768987,5.008590955558872,5.193171320270497,1.9019250292055103,453.0826685655044,206.9232926640151,17174329.0
GCLSTM,Nordeste,surge,1,83,4442.475554332099,4743.364887920097,8.294495502262144,8.85628254950669,1.208939845937122,18994.289097818833,791.0369457132458,53559322.0
GCLSTM,Sudeste,surge,1,83,4456.801510448843,4748.2251440691625,5.4267286440180005,5.781574372822271,2.029438848742093,42085.73388263349,297.31232030109504,82126854.0
GCLSTM,Sul,surge,1,83,1708.6690477802674,1764.592899900784,5.917852839899621,6.11154109539852,2.921154441512783,405.2521816134768,152.24303986459398,28873125.0
GCLSTM,Centro-Oeste,surge,1,83,911.2674712570043,969.6295385257455,5.608184285722753,5.967360091797958,6.5063801158238945,175.41720317767331,76.04910199058702,16248886.0
GCLSTM,Brasil,surge,1,84,11775.246264193232,12297.999591322676,5.9476192656291085,6.211659413057806,2.46132844729411,566.9169613756163,243.62729376187798,197982516.0
GCLSTM,Norte,surge,1,84,843.1188371552289,886.0447063411792,4.909180656520723,5.159122701918539,1.929374632095767,436.53154058417607,192.5100636923208,17174329.0
GCLSTM,Nordeste,surge,1,84,4564.075976184126,4815.811212077686,8.5215342647245,8.991546256089062,1.1678638959769023,17764.28955510267,772.5008979127126,53559322.0
GCLSTM,Sudeste,surge,1,84,3945.784910207926,4360.598921599792,4.804500255431586,5.309589627772413,2.553975820254064,39186.413372403906,269.96568582184705,82126854.0
GCLSTM,Sul,surge,1,84,1646.7186245763955,1721.7149984693372,5.703291987190148,5.963036555514297,2.9322868842957632,401.93995348916025,136.6154184129403,28873125.0
GCLSTM,Centro-Oeste,surge,1,84,1012.5260352317845,1070.3098003748928,6.231356631044028,6.586973410822703,5.981948577233264,202.35455747693211,97.44745999566717,16248886.0
GCLSTM,Brasil,surge,1,85,11906.950795753817,12381.466985814088,6.014142580021469,6.25381838556597,2.4136691158989305,546.9628407082179,287.8723094654179,197982516.0
GCLSTM,Norte,surge,1,85,841.4167677287053,885.674305255619,4.899270112554064,5.156965988340033,1.9497538920174586,419.62068031597676,216.9625614781951,17174329.0
GCLSTM,Nordeste,surge,1,85,4629.013105466852,4850.113345932005,8.64277763909493,9.055591379465195,1.1218534950064671,15472.050899078171,775.9246116955679,53559322.0
GCLSTM,Sudeste,surge,1,85,4017.930913807187,4366.257761448527,4.892347287291909,5.316479992583823,2.4937032049418852,37512.37230200303,257.0391036341896,82126854.0
GCLSTM,Sul,surge,1,85,1656.6335058888724,1720.7721126368865,5.7376314683252065,5.959770937980861,2.941192854568287,392.2037471735998,151.00003959706237,28873125.0
GCLSTM,Centro-Oeste,surge,1,85,1066.3907855395016,1132.3354164094624,6.562854743023624,6.968695678026558,5.820179241832323,215.19510040297504,144.9111710000823,16248886.0
GCLSTM,Brasil,surge,1,86,11515.256693923611,12000.932256866929,5.8162998059503455,6.061612156129447,2.5062097547343307,511.4420194823397,265.1476554907034,197982516.0
GCLSTM,Norte,surge,1,86,844.8793132563271,886.2215419088085,4.919431281748051,5.160152352437224,2.021705145478459,403.63767413734405,227.8102134407577,17174329.0
GCLSTM,Nordeste,surge,1,86,4502.124620918295,4746.342870056233,8.405865595009388,8.861842706030208,1.1896021435579986,13474.99845611077,721.8138856351233,53559322.0
GCLSTM,Sudeste,surge,1,86,3840.8864760408433,4160.932965370639,4.676772929888248,5.0664706642368635,2.6625186925920334,35208.88819922953,243.393116646623,82126854.0
GCLSTM,Sul,surge,1,86,1699.0518153519208,1773.912788196131,5.884544244351523,6.143819860843366,2.846690744188545,393.0703117563191,163.83596586360463,28873125.0
GCLSTM,Centro-Oeste,surge,1,86,1004.347739047295,1088.887300545493,6.181025204111193,6.70130432661964,5.963046184570274,197.91513596647192,131.64104805013363,16248886.0
GCLSTM,Brasil,surge,1,87,10717.968658354575,11268.331689556462,5.4135935207301715,5.6915791945771925,2.683678526369781,470.26675508248536,201.38099327527453,197982516.0
GCLSTM,Norte,surge,1,87,781.1459920650392,831.356361908254,4.548334855265899,4.840691953136883,2.2142682905310997,317.3578864922633,197.36118716815966,17174329.0
GCLSTM,Nordeste,surge,1,87,4512.197286583009,4745.870441230651,8.424672154331994,8.860960639551507,1.195603500288498,13880.492047109166,715.4430133261367,53559322.0
GCLSTM,Sudeste,surge,1,87,3443.0218725516206,3759.9542945443786,4.192321640071128,4.578227597205146,2.90978425391951,33204.1752407613,146.1506877806196,82126854.0
GCLSTM,Sul,surge,1,87,1496.1471585606294,1576.1064363991295,5.181798501411362,5.458731732014216,3.1361344030647977,316.6818497506097,135.70871116448805,28873125.0
GCLSTM,Centro-Oeste,surge,1,87,933.0333898550035,1036.4167596113568,5.742137583185724,6.3783865528464965,6.138003219672882,178.9010492362376,110.63066894899937,16248886.0
GCLSTM,Brasil,surge,1,88,10813.343701149275,11340.304952780612,5.461766988126,5.727932537629036,2.6944298361372816,453.72566835830077,220.63097620451765,197982516.0
GCLSTM,Norte,surge,1,88,808.8895165716646,855.6183442280426,4.709875515786757,4.981960833684056,2.2126046733633595,315.5109398087537,198.9163652568932,17174329.0
GCLSTM,Nordeste,surge,1,88,4487.689161753099,4716.800100587648,8.378913313639591,8.806683737683699,1.2233431014669098,11954.02273366305,703.8189166665175,53559322.0
GCLSTM,Sudeste,surge,1,88,3620.1765606029285,3885.1104772738945,4.408030241366519,4.730621335225984,2.847946120494095,32697.1693051111,162.26462739360414,82126854.0
GCLSTM,Sul,surge,1,88,1494.7931243805567,1581.299472642697,5.177108901030134,5.476717441020662,3.1846224088257165,308.9768105684237,137.58878102652557,28873125.0
GCLSTM,Centro-Oeste,surge,1,88,873.1293579721976,985.7789399025911,5.373472113547954,6.066747836759955,6.405713863903735,166.59782380975884,101.71584059080469,16248886.0
GCLSTM,Brasil,surge,1,89,10515.646162793364,11214.346247536472,5.3114014182915845,5.664311411991791,2.6813695188986038,460.2353457308639,195.37839194724626,197982516.0
GCLSTM,Norte,surge,1,89,796.6053054969042,847.1334649108902,4.638348930528257,4.9325564038681815,2.287883135626434,299.2019236082577,184.0552741457728,17174329.0
GCLSTM,Nordeste,surge,1,89,4421.9728981043545,4680.466882579776,8.25621522636966,8.738846400221004,1.2110736604642296,12768.293685302686,599.4887494004519,53559322.0
GCLSTM,Sudeste,surge,1,89,3415.018682473604,3753.4838980170252,4.158224157074864,4.570349057833173,2.826898541588001,77588.26832147293,142.15220551310605,82126854.0
GCLSTM,Sul,surge,1,89,1537.9396104169066,1651.1401636352662,5.3265436644523465,5.718605670966569,3.073050538411341,332.47141066022897,157.1594938839763,28873125.0
GCLSTM,Centro-Oeste,surge,1,89,863.9114984378257,977.0172593994713,5.316742935102294,6.012826106352591,6.512094781220959,162.71474062310736,109.6650779964949,16248886.0
GCLSTM,Brasil,surge,1,90,10187.56887738602,11062.45521068325,5.145691186885422,5.587591992559207,2.696414136951276,428.2445165570897,174.3576020232975,197982516.0
GCLSTM,Norte,surge,1,90,778.8070985357496,849.7398517584024,4.534716311395627,4.947732466045121,2.279980981580842,425.75133918408346,167.03343585294434,17174329.0
GCLSTM,Nordeste,surge,1,90,4359.407593731471,4640.845093406588,8.139400259270404,8.664869008996394,1.2138742925991595,5676.718279716937,540.0637674989096,53559322.0
GCLSTM,Sudeste,surge,1,90,3349.164517289171,3725.8102390371905,4.078038247135548,4.536652821301533,2.826898541588,92713.41678764635,130.02469333422482,82126854.0
GCLSTM,Sul,surge,1,90,1457.876687375435,1585.7624408203903,5.049251466114025,5.492174611582191,3.1574097529674745,289.3786006159806,136.15598976232695,28873125.0
GCLSTM,Centro-Oeste,surge,1,90,830.0081876333336,970.3901887423729,5.108092872541131,5.9720413371253445,6.544624483418112,151.6321390847131,94.05904793792146,16248886.0
GCLSTM,Brasil,surge,1,91,10444.85923472106,11352.333979524275,5.2756472873195825,5.734008340172966,2.640132110352972,431.71670980380446,184.78859450795196,197982516.0
GCLSTM,Norte,surge,1,91,791.0208927728652,861.6481438351486,4.605832884492111,5.017070208886464,2.3298893520126263,415.4930146811329,183.56934295319417,17174329.0
GCLSTM,Nordeste,surge,1,91,4449.940456575993,4703.258542936653,8.30843313620735,8.781400449648434,1.2097400203259845,5494.441839283466,548.4003332389584,53559322.0
GCLSTM,Sudeste,surge,1,91,3500.781042600418,3844.060763944335,4.262650853033307,4.680638033382278,2.7382725783133055,90178.25145161922,224.08492310702138,82126854.0
GCLSTM,Sul,surge,1,91,1436.3041945555235,1586.6685787606623,4.974536682660861,5.495312955423641,3.1529567794631674,318.88881485876567,120.88146992391961,28873125.0
GCLSTM,Centro-Oeste,surge,1,91,881.7067387241093,1038.8275473322178,5.426259613884357,6.39322318669857,6.275595063298845,172.71637114096208,96.72108323476711,16248886.0
GCLSTM,Brasil,peak,1,92,10938.762602638828,11680.490673859662,5.525115461528344,5.899758680640093,2.6379674151463215,430.59123346422115,178.92559974143794,197982516.0
GCLSTM,Norte,peak,1,92,821.3154292790774,884.2826622641571,4.782227179175836,5.148862946925944,2.3494368063567066,412.1444943494852,207.66288535067275,17174329.0
GCLSTM,Nordeste,peak,1,92,4427.075252122021,4666.687749365855,8.265741773433989,8.713119537558477,1.2269439083494997,5249.26065972102,533.7880974759188,53559322.0
GCLSTM,Sudeste,peak,1,92,3306.708264567143,3643.594210557774,4.0263423028077305,4.4365442399118,2.925178559882798,85912.45160583127,205.38695988689324,82126854.0
GCLSTM,Sul,peak,1,92,1541.0838905159649,1670.0934097786915,5.3374336533228215,5.784248881195546,3.0611759260878686,327.52676579962275,181.36042068262307,28873125.0
GCLSTM,Centro-Oeste,peak,1,92,1240.4494413934885,1376.0929980673334,7.634058368022821,8.468845175400538,5.390259600813632,241.3859838891765,166.41789892133286,16248886.0
GCLSTM,Brasil,peak,1,93,11684.0549704889,12460.765590682277,5.901558989425562,6.293871722835504,2.420235344068871,474.2485986393719,182.0877783978495,197982516.0
GCLSTM,Norte,peak,1,93,870.2030618884637,930.4278485860734,5.066882449314112,5.4175499292349265,2.2982807221058517,419.2282321122229,221.82424885062238,17174329.0
GCLSTM,Nordeste,peak,1,93,4515.120237358798,4767.661655012626,8.430129562429482,8.901646766575249,1.12812157195242,5472.339980875574,548.9472833160205,53559322.0
GCLSTM,Sudeste,peak,1,93,3802.1177703321036,4132.968982408076,4.629567047986647,5.0324209209427115,2.5636298585654647,84784.92401573388,299.2992842339955,82126854.0
GCLSTM,Sul,peak,1,93,1626.888502307354,1742.465660207888,5.634611779318497,6.034904985892203,2.975579766918264,332.2186029862417,215.315288905653,28873125.0
GCLSTM,Centro-Oeste,peak,1,93,1272.5271074586333,1382.0885838498439,7.831472923489237,8.505743617438414,5.096613102312558,239.59326266417446,183.84170141844407,16248886.0
GCLSTM,Brasil,peak,1,94,11564.713502737359,12331.148584678707,5.841280198064236,6.228402807386642,2.4913455216692593,457.3162542504851,205.52411140226445,197982516.0
GCLSTM,Norte,peak,1,94,937.1205268116325,1001.6095692305943,5.4565190105047625,5.832015732495833,2.149803311983254,473.2733248101516,223.19154340278416,17174329.0
GCLSTM,Nordeste,peak,1,94,4477.214631318571,4725.91053360325,8.359356437183001,8.823693723388153,1.184000873290001,5262.195322470919,534.4938916617173,53559322.0
GCLSTM,Sudeste,peak,1,94,3446.8138127693273,3827.0714253377714,4.196938814640736,4.659951330094504,2.9030872968500825,80975.46206663494,185.50667415132898,82126854.0
GCLSTM,Sul,peak,1,94,1755.478883151288,1879.9098373082234,6.07997535130433,6.510933046936288,2.7554046765223,381.52675961990695,226.89308902424875,28873125.0
GCLSTM,Centro-Oeste,peak,1,94,1395.2589776137327,1491.3530162365578,8.586797751019562,9.178186222960502,4.611305106751797,275.6548771757738,197.01628731818315,16248886.0
GCLSTM,Brasil,peak,1,95,11645.127493422051,12556.308323732379,5.8818969112515225,6.34212988975874,2.4371921111281263,473.71248300890863,300.28541537120674,197982516.0
GCLSTM,Norte,peak,1,95,976.0025058253658,1036.7748638635817,5.682914923927251,6.036770716710864,2.0957359079409748,478.5703559662516,245.73666065199106,17174329.0
GCLSTM,Nordeste,peak,1,95,4474.874400769397,4729.078705417742,8.354987019382726,8.829608980893639,1.1691975258560967,4999.670277134856,539.4597641216949,53559322.0
GCLSTM,Sudeste,peak,1,95,3292.5632880383637,3797.7627743500275,4.009118975917869,4.624264280657855,2.9295272398541985,76827.28015553662,162.67830261998762,82126854.0
GCLSTM,Sul,peak,1,95,1858.41998674883,1978.9337110907384,6.436504489032033,6.8538951398254895,2.5819858654664234,403.2911096378396,258.3879850328043,28873125.0
GCLSTM,Centro-Oeste,peak,1,95,1518.1760592227818,1600.981926125732,9.343262419483906,9.85287192073187,4.231938412830398,311.36351805838905,231.34215183665907,16248886.0
GCLSTM,Brasil,peak,1,96,11259.636374155265,12335.817408316872,5.687187233318757,6.230761007359292,2.4227969024149556,503.53035241663144,281.76017065756616,197982516.0
GCLSTM,Norte,peak,1,96,1018.7233185245593,1071.5529132022339,5.931662998447038,6.239270909519865,2.046243442108091,486.16978203065685,307.29622283116083,17174329.0
GCLSTM,Nordeste,peak,1,96,4442.444660302788,4716.454687462524,8.294437820371938,8.806038820772459,1.1555944549673791,5108.872497799303,518.2023192206352,53559322.0
GCLSTM,Sudeste,peak,1,96,3139.7933623065433,3687.459291477908,3.823101956768663,4.4899556136387595,2.937093931645443,65133.73973875061,146.02529800151007,82126854.0
GCLSTM,Sul,peak,1,96,1761.1209867159207,1886.908699321436,6.099516372806617,6.535173104128617,2.6398745974507896,376.3684957545401,267.7651195048939,28873125.0
GCLSTM,Centro-Oeste,peak,1,96,1435.3821711885118,1525.3341658775162,8.833726639404768,9.387315326586181,4.012582717867406,16523.47025561581,248.3598422825384,16248886.0
GCLSTM,Brasil,peak,1,97,11024.106672089589,12213.642690990397,5.568222333374927,6.169051155502234,2.4027734886152814,552.3406597630282,257.28811143014934,197982516.0
GCLSTM,Norte,peak,1,97,984.6750729296875,1043.3713281368098,5.733412192870461,6.075179578409204,2.0441639293771545,492.7086347355788,279.1207621710413,17174329.0
GCLSTM,Nordeste,peak,1,97,4382.159342422307,4684.871730540858,8.181879790080814,8.747070641672533,1.153727366486519,6045.93545138147,488.71396747034584,53559322.0
GCLSTM,Sudeste,peak,1,97,3056.894484781444,3663.648728338067,3.7221619189034616,4.460963192792052,2.9344847268408465,59763.15883100238,128.8225871063856,82126854.0
GCLSTM,Sul,peak,1,97,1846.8971135356064,1954.409168992615,6.39659584314343,6.768956145178656,2.4951527691716002,416.4505970105152,325.5866587802399,28873125.0
GCLSTM,Centro-Oeste,peak,1,97,1336.8671865528834,1422.5385212823464,8.227439016760185,8.754683375108584,4.04731036665255,15246.885143770469,273.2341881578021,16248886.0
GCLSTM,Brasil,peak,1,98,11978.830446886224,12930.887190399708,6.050448640063865,6.531327842302857,2.210368330993196,572.6195486410887,391.6579636221418,197982516.0
GCLSTM,Norte,peak,1,98,947.6613800935346,1010.1790325918406,5.517894644347006,5.8819126650702955,2.0861701448512453,459.605493369592,249.66724410994027,17174329.0
GCLSTM,Nordeste,peak,1,98,4450.079447477999,4747.02294482326,8.308692644537208,8.863112465880842,1.0935804393343698,5637.31184163047,802.0692096382994,53559322.0
GCLSTM,Sudeste,peak,1,98,3640.6384625483115,4265.058654428196,4.432945236826327,5.19325707329322,2.4566525051253727,67073.17507897996,281.81501644139973,82126854.0
GCLSTM,Sul,peak,1,98,1738.9054751252606,1855.3307681976742,6.022574539906092,6.425805201888172,2.532755708379573,372.1548550336812,288.0324720218141,28873125.0
GCLSTM,Centro-Oeste,peak,1,98,1201.5456816411263,1293.8017856211527,7.394634202253166,7.962402995633995,4.205123377455981,14569.819536624256,210.3284843934506,16248886.0
GCLSTM,Brasil,peak,1,99,11467.629984969428,12341.040124536417,5.792243788319888,6.233398975764313,2.448340282718231,535.9437182333878,364.74794046452894,197982516.0
GCLSTM,Norte,peak,1,99,907.9171303748735,966.9287537808608,5.286478035764154,5.6300816979857595,2.245876946204265,423.3570653507542,228.25404803121734,17174329.0
GCLSTM,Nordeste,peak,1,99,4452.4863725197165,4726.41182313605,8.313186586864779,8.824629675364543,1.1345230299658202,5231.474476103613,766.5443774092679,53559322.0
GCLSTM,Sudeste,peak,1,99,3338.6270817097507,4027.688772887422,4.0652075650063875,4.904228734839182,2.8415970648313773,63917.386969397274,265.60142264628985,82126854.0
GCLSTM,Sul,peak,1,99,1768.1885028999684,1864.2251812552106,6.123994208801327,6.456610364327417,2.546609417090453,366.4886980489077,274.7276888091663,28873125.0
GCLSTM,Centro-Oeste,peak,1,99,1003.5502255693091,1114.6830195801776,6.176117092392113,6.860058096168424,4.830660763738474,13299.979830107375,149.75877693476218,16248886.0
GCLSTM,Brasil,peak,1,100,11635.787233223527,12346.693393742835,5.877179191532007,6.236254414376083,2.5061015187466995,518.6937626229616,349.310447207611,197982516.0
GCLSTM,Norte,peak,1,100,918.460603710573,968.2345380128585,5.347868925246354,5.637684814427734,2.3232349205447984,409.1890943639297,210.47959793950707,17174329.0
GCLSTM,Nordeste,peak,1,100,4419.583808939683,4679.833451134138,8.251754585204948,8.737663727584414,1.2114737515360636,4971.657356915537,723.691318690366,53559322.0
GCLSTM,Sudeste,peak,1,100,3665.059961162934,4179.590263499938,4.462681550133326,5.0891883226160575,2.8042854569891236,63307.40915979766,268.6967674595587,82126854.0
GCLSTM,Sul,peak,1,100,1710.4710955411488,1800.6819978328506,5.924094103222802,6.236533100704722,2.6430906269994376,343.7932425201495,251.73903891466108,28873125.0
GCLSTM,Centro-Oeste,peak,1,100,934.368551361357,1044.1519475305504,5.7503545249893255,6.425990972738379,5.216181715469442,12558.329326260937,139.64591424979108,16248886.0
GCLSTM,Brasil,peak,1,101,11726.745199716825,12221.180495514049,5.923121615303053,6.172858463680727,2.642296809567915,506.03649449932834,330.3016945240889,197982516.0
GCLSTM,Norte,peak,1,101,922.1776610174924,961.7722719633517,5.369512025870079,5.6000573411825965,2.4130699929473147,397.3374941566917,198.88376365654227,17174329.0
GCLSTM,Nordeste,peak,1,101,4440.228696954496,4674.01761936115,8.290300420446876,8.726805054330505,1.2710872222820717,4749.356667817228,680.9727443818759,53559322.0
GCLSTM,Sudeste,peak,1,101,3631.774478370746,4093.0958407255166,4.422152196857249,4.983870246296682,3.0604223237462054,62287.88055936573,259.18087711451744,82126854.0
GCLSTM,Sul,peak,1,101,1814.6238390752558,1872.74253686485,6.284819669070306,6.486109615307834,2.5755537723987816,347.70483960148323,245.16336091839534,28873125.0
GCLSTM,Centro-Oeste,peak,1,101,924.203171071694,1033.8804580641404,5.6877940498302095,6.362777473262724,5.4096015698858215,12551.725702569325,132.70878426178808,16248886.0
GCLSTM,Brasil,peak,1,102,11226.756493901838,11738.38199384741,5.670579766701135,5.928999303073515,3.0609484950319916,485.1760491933519,324.80766062030665,197982516.0
GCLSTM,Norte,peak,1,102,917.9512817037009,949.3443413969073,5.344903324628874,5.527693928519172,2.53077057673805,379.01757992407545,184.908101437237,17174329.0
GCLSTM,Nordeste,peak,1,102,4431.122582028573,4623.706931187288,8.273298496998473,8.632870541541374,1.3701762845832222,4363.155816282899,629.1254508722544,53559322.0
GCLSTM,Sudeste,peak,1,102,3673.579193834979,4114.486544130034,4.47305481083566,5.009916176906075,3.8390957569546256,61491.65048535643,253.85934629347736,82126854.0
GCLSTM,Sul,peak,1,102,1774.0590780807672,1812.631789321495,6.144326525378765,6.277920347456312,2.785338570042251,332.34682200949044,234.6859967513032,28873125.0
GCLSTM,Centro-Oeste,peak,1,102,1010.7690420529686,1117.9841374002485,6.2205436240550185,6.880374060106326,5.751163472873667,13390.876047496158,142.8794499201947,16248886.0
GCLSTM,Brasil,peak,1,103,10684.839056487772,11320.321610256833,5.3968599209476515,5.717839049109181,3.127368501692591,443.07560943201105,300.7316068552176,197982516.0
GCLSTM,Norte,peak,1,103,917.7793989619561,943.1227922005362,5.343902512651039,5.491468063762702,2.597730983437277,365.71853948257495,206.98377399664665,17174329.0
GCLSTM,Nordeste,peak,1,103,4286.161510289954,4481.375488669366,8.002643331239247,8.367125126545414,1.486869322957345,3200.14169941577,541.3098707699053,53559322.0
GCLSTM,Sudeste,peak,1,103,3476.363196572975,4004.694767836433,4.232918987220642,4.876230578412797,3.861882804195049,33344.782042219806,233.5691526292041,82126854.0
GCLSTM,Sul,peak,1,103,1654.9812189939641,1690.7616698651086,5.731908891032627,5.855831919354447,3.0183778183644128,298.2775347077114,189.6429836387813,28873125.0
GCLSTM,Centro-Oeste,peak,1,103,1053.2812018101274,1170.412682328866,6.482174850695165,7.20303337920437,5.57576684019502,12949.223813880428,175.70261905237612,16248886.0
GCLSTM,Brasil,peak,1,104,10160.712106067522,11069.194571241218,5.132125963116623,5.590996010597834,3.1340429725283894,456.86449757976624,275.23568072944545,197982516.0
GCLSTM,Norte,peak,1,104,875.9114366231142,917.2634518015363,5.100120281980823,5.340898336124435,2.6060490411828137,388.187386930481,188.52693403338048,17174329.0
GCLSTM,Nordeste,peak,1,104,4220.934968910308,4456.921428138682,7.88085959883941,8.32146722869024,1.486735960087731,4426.644081008536,485.342955351232,53559322.0
GCLSTM,Sudeste,peak,1,104,3357.9591553894975,3934.6171940867084,4.088746849342965,4.790902125736739,3.870928044722561,3781.4753137436464,213.6194321268817,82126854.0
GCLSTM,Sul,peak,1,104,1616.179202213063,1664.0698561447057,5.597520885643875,5.763386734704698,3.026294225672254,294.7343362801959,170.64222337482263,28873125.0
GCLSTM,Centro-Oeste,peak,1,104,1008.3502918262839,1128.4161711960312,6.205657986807735,6.944575592419266,5.588954558270319,12002.574504096987,155.90859966932948,16248886.0
GCLSTM,Brasil,peak,1,105,9707.13255703698,10661.438953915747,4.903025152502345,5.385040643647415,3.281097801284454,420.2526321962736,232.75260131464933,197982516.0
GCLSTM,Norte,peak,1,105,921.6113878974663,958.3420023390631,5.366214819207588,5.580084103076534,2.6147829959588123,395.8036544601576,192.54474831248558,17174329.0
GCLSTM,Nordeste,peak,1,105,4196.699335247628,4382.6951256658285,7.835609523301338,8.182880144871566,1.6447716769480087,4111.220530295092,441.37222231282374,53559322.0
GCLSTM,Sudeste,peak,1,105,3238.9570095955205,3758.2745340787974,3.943846442231332,4.576182272949111,4.049919433639734,3513.909214472772,142.94386149063484,82126854.0
GCLSTM,Sul,peak,1,105,1535.3154186777465,1601.7662049913613,5.317454964357847,5.547602502297071,3.1015000875916723,253.88645753622285,152.69534849798683,28873125.0
GCLSTM,Centro-Oeste,peak,1,105,938.0310658368588,1063.0025319443962,5.77289462081806,6.542002522169189,5.812266569362653,11630.668187624831,131.18672530054664,16248886.0
GCLSTM,Brasil,peak,1,106,10274.677120847558,11474.632794539479,5.189689134391826,5.795780873165325,3.0599022221829775,466.8086450343148,319.35783096807154,197982516.0
GCLSTM,Norte,peak,1,106,954.1377398934304,1001.7598220509839,5.555604180480241,5.832890601146536,2.462978343881729,435.10786312174184,189.2683953228738,17174329.0
GCLSTM,Nordeste,peak,1,106,4282.72958837301,4477.361304884365,7.99623562892191,8.359630289726903,1.5844913883595972,3922.4213948372694,576.879893753523,53559322.0
GCLSTM,Sudeste,peak,1,106,3715.503419560765,4257.549938713336,4.524102943917424,5.184114246861734,3.702721353131194,3591.9057275583973,323.4648021949274,82126854.0
GCLSTM,Sul,peak,1,106,1577.309656821362,1668.1305101612584,5.46289899974929,5.777450518990439,2.971126754269315,273.36316296716507,201.84149758704223,28873125.0
GCLSTM,Centro-Oeste,peak,1,106,927.6396966542148,1052.2258650067367,5.708943349434631,6.475680025121333,5.462792073902648,10696.232283409485,120.09597166817798,16248886.0
GCLSTM,Brasil,decline,1,107,8970.003156684284,10191.940171095006,4.5307046995424,5.147899105946813,3.5118180254334392,398.4977916453705,191.05695485231536,197982516.0
GCLSTM,Norte,decline,1,107,903.7827155669564,950.2474369395368,5.262404811081448,5.53295233216702,2.6942204846126225,402.0528599659033,174.75955322604307,17174329.0
GCLSTM,Nordeste,decline,1,107,4023.6553735821685,4217.3645700933785,7.512521113658177,7.874193347879531,1.8734900406730945,3466.6737208588283,366.273370449976,53559322.0
GCLSTM,Sudeste,decline,1,107,3376.324825003016,3821.845492530454,4.111109412522993,4.653588085244875,4.607506301864443,2588.8814124874925,117.6231516306267,82126854.0
GCLSTM,Sul,decline,1,107,1638.979189171682,1755.3620213830357,5.676487007110183,6.07957060894183,2.828878804186512,304.57034072763963,307.02457341166235,28873125.0
GCLSTM,Centro-Oeste,decline,1,107,916.4960328517448,1046.2521540687933,5.64036225530627,6.438916206740531,5.451802318974681,10248.94286446411,161.47911603301668,16248886.0
GCLSTM,Brasil,decline,1,108,8826.569500450996,9979.313133275116,4.458257061674575,5.040502229638862,4.4250660476726305,379.44165159622526,177.46775831775082,197982516.0
GCLSTM,Norte,decline,1,108,837.8986105980918,902.5554060753244,4.878785136805588,5.2552586250986835,3.929036862378681,339.7688746323303,149.53317034139621,17174329.0
GCLSTM,Nordeste,decline,1,108,3830.6758432814872,4004.9413728085974,7.152211230906707,7.477580415989204,2.311322316022527,3343.4632036185462,325.6913604406499,53559322.0
GCLSTM,Sudeste,decline,1,108,4008.304591488645,4606.748686051114,4.8806260026576025,5.60930860209392,5.697631709906019,2647.972150873135,119.55977870520239,82126854.0
GCLSTM,Sul,decline,1,108,1401.1979800545762,1532.6594004572053,4.8529488237057,5.308256035525095,3.76746789259895,243.64409980451597,183.96900899401356,28873125.0
GCLSTM,Centro-Oeste,decline,1,108,836.975561166003,950.9755144651147,5.150971956883709,5.852558227469346,6.6532033460896995,9286.996365511488,89.81504828410877,16248886.0
GCLSTM,Brasil,decline,1,109,8149.789883560226,9342.527540040046,4.1164189890183165,4.718864942619502,5.3359689919709306,334.90398108309364,88.7842010569794,197982516.0
GCLSTM,Norte,decline,1,109,761.969332258844,853.556203632584,4.436675996243253,4.969953723563721,4.449747580588577,311.6153372453864,109.33257404976806,17174329.0
GCLSTM,Nordeste,decline,1,109,3487.1439743286023,3683.36237063423,6.510806791633027,6.877163924207686,2.9159923011549447,3045.1776259059143,218.6887228233245,53559322.0
GCLSTM,Sudeste,decline,1,109,4447.281001336148,5214.191973370845,5.415136200561326,6.3489488753226135,7.067898655758622,2492.6221603419153,64.77603061023464,82126854.0
GCLSTM,Sul,decline,1,109,1229.6133636577638,1396.953839459622,4.258677796940109,4.838249546800431,4.492066588652868,212.54558767047794,106.19152264121243,28873125.0
GCLSTM,Centro-Oeste,decline,1,109,812.947204483073,917.398985175253,5.003095008993681,5.645919265943849,6.995204821705659,9077.247491402233,69.23074731651468,16248886.0
GCLSTM,Brasil,decline,1,110,7997.070199321679,9236.45653105975,4.039281023846408,4.665288995044264,5.560591999115289,279.9042047698778,78.71637149972092,197982516.0
GCLSTM,Norte,decline,1,110,730.5123086696087,832.8002500526399,4.25351295337133,4.8490991994659,4.634824465230338,287.1101849655653,95.69652013152076,17174329.0
GCLSTM,Nordeste,decline,1,110,3314.968761351495,3550.501663571501,6.189340412769779,6.629101211496854,3.123505860545003,2584.649414878444,181.28890696683433,53559322.0
GCLSTM,Sudeste,decline,1,110,4600.34168527675,5409.7441368989685,5.601507255199072,6.587058767524406,7.148088191821118,2189.5726027194933,62.310493432234544,82126854.0
GCLSTM,Sul,decline,1,110,1149.6185568814128,1326.7369510343808,3.981621514406261,4.595058383996816,5.180794050227244,196.69517511110914,73.20753672082215,28873125.0
GCLSTM,Centro-Oeste,decline,1,110,791.579573912532,882.0378106861646,4.871592882813825,5.428297119483542,7.223352329328818,134.10101984039937,57.80333123620719,16248886.0
GCLSTM,Brasil,decline,1,111,8136.023603086869,9481.178939464342,4.109465708116806,4.788897085975179,5.676403091000867,230.2339096935641,73.18374567593295,197982516.0
GCLSTM,Norte,decline,1,111,695.6183636817761,823.2900510897414,4.0503379414810095,4.793724698587883,4.781638264896858,242.32372226759804,82.4473046169414,17174329.0
GCLSTM,Nordeste,decline,1,111,3111.0843746446553,3361.235222087739,5.808670196842027,6.275723994578832,3.405169513357282,1718.3838930954287,164.63697344776762,53559322.0
GCLSTM,Sudeste,decline,1,111,4748.6680907809705,5601.27634092775,5.7821137173730905,6.820273842375297,7.180616268678144,673.7590365956394,62.7727247720065,82126854.0
GCLSTM,Sul,decline,1,111,1116.2703102215505,1280.598091756051,3.866122251129902,4.435259750221186,5.41383329840108,166.39823886169214,61.290127334986266,28873125.0
GCLSTM,Centro-Oeste,decline,1,111,880.7374713927971,991.5345973344093,5.420294482912841,6.102169695414254,6.972346113700575,13106.52106905845,52.42546332089803,16248886.0
GCLSTM,Brasil,decline,1,112,7493.46264629465,8944.50129585249,3.784911313226593,4.5178238344301525,6.378124517096585,201.86925837793328,39.99208959075513,197982516.0
GCLSTM,Norte,decline,1,112,673.2935676441417,804.779353890732,3.920348606598498,4.685943502600492,5.046568555109548,218.37861093758983,71.68741915731974,17174329.0
GCLSTM,Nordeste,decline,1,112,2806.0805719657333,3064.644912127035,5.239201071226654,5.721963605377669,3.9302215056169403,1527.2982369796148,131.11734261216137,53559322.0
GCLSTM,Sudeste,decline,1,112,5238.524330335305,6229.430050716602,6.378576647213718,7.585131716742251,8.498612198358485,621.7127784071317,63.49940562739264,82126854.0
GCLSTM,Sul,decline,1,112,1168.5053944200406,1336.5341741331697,4.047034723189959,4.628990364337667,5.500419011097169,153.9628891933869,57.12623811730988,28873125.0
GCLSTM,Centro-Oeste,decline,1,112,968.2531327210061,1078.5921461962391,5.958889321526449,6.63794518711153,6.696283212394211,12813.099377527036,93.16101355424203,16248886.0
GCLSTM,Brasil,decline,1,113,7900.028124513005,9135.45552646138,3.990265546737978,4.6142738818721645,6.5209582023440325,203.70188962205867,42.35816449206823,197982516.0
GCLSTM,Norte,decline,1,113,691.6184839360585,811.3922475549255,4.02704806654198,4.724448026790016,5.327719067121091,215.1852223511965,70.01708510263401,17174329.0
GCLSTM,Nordeste,decline,1,113,2761.144519861281,3034.6380179300763,5.1553014802190384,5.6659380750377615,4.130133345276902,1311.6675271672127,127.99255594863784,53559322.0
GCLSTM,Sudeste,decline,1,113,5134.676870280053,6092.991621147876,6.2521290177267135,7.419000393157488,8.503395751146327,665.0005890103513,61.49136057268841,82126854.0
GCLSTM,Sul,decline,1,113,1187.9127101844185,1334.8033131372051,4.114250571022079,4.622995651275035,5.753744057506806,151.05124667828747,55.877208542497215,28873125.0
GCLSTM,Centro-Oeste,decline,1,113,986.0106733457086,1125.9496898450204,6.068173986485649,6.929396205038428,7.006194582259962,13132.337694528633,115.23331609180663,16248886.0
GCLSTM,Brasil,decline,1,114,8006.872474455862,9087.598468655266,4.044232105049045,4.590101516163814,7.242450482090504,198.58079114482425,41.54479908047796,197982516.0
GCLSTM,Norte,decline,1,114,699.0314644471115,808.680939835353,4.070211211437206,4.70866104774954,5.637566891341872,209.60460363171416,72.04518007634859,17174329.0
GCLSTM,Nordeste,decline,1,114,2556.8429868558783,2828.6747905103457,4.7738524151890465,5.28138647929551,4.725201159057075,1168.1800111119717,109.64506991070257,53559322.0
GCLSTM,Sudeste,decline,1,114,5486.341293313922,6236.780465307866,6.680325650016889,7.594081791210297,9.429402241232392,668.8330145129511,60.377395767561666,82126854.0
GCLSTM,Sul,decline,1,114,1217.872740898742,1344.4447634214255,4.218014991098961,4.656388123632012,6.642113437316454,145.796732514659,50.33461580697808,28873125.0
GCLSTM,Centro-Oeste,decline,1,114,989.9990500174033,1137.9507396689849,6.092719525617961,7.00325388256761,7.249288153833168,13103.151540270765,121.37545814415125,16248886.0
GCLSTM,Brasil,decline,1,115,8167.798699976803,9088.441536398965,4.125515154063807,4.590527345555587,7.614669492357482,202.44431441153714,42.54060974377957,197982516.0
GCLSTM,Norte,decline,1,115,738.7789098729099,835.3595310596168,4.301646427484358,4.864000981113246,5.742374475204745,211.59061435251894,81.16208581747668,17174329.0
GCLSTM,Nordeste,decline,1,115,2255.908462147495,2626.4422625543434,4.211980992118412,4.903800430024756,5.531783438426136,1210.3781908989647,92.264099205762,53559322.0
GCLSTM,Sudeste,decline,1,115,5326.471382764916,6015.999819992361,6.4856634868357625,7.325252979972132,9.624135818728453,718.4780333703183,56.47529806068127,82126854.0
GCLSTM,Sul,decline,1,115,1150.6443607802298,1304.3957089913915,3.985174312722401,4.517681092681833,7.231391034584535,136.36493722077947,38.33223482031967,28873125.0
GCLSTM,Centro-Oeste,decline,1,115,1104.29747140508,1215.875369963813,6.796142648825771,7.482822945301069,6.983775453145299,13067.073541463595,170.65346819444562,16248886.0
GCLSTM,Brasil,decline,1,116,9225.295630975113,10321.870513459678,4.659651679027613,5.21352628605835,8.540400597392196,215.89779620716814,44.924005175517635,197982516.0
GCLSTM,Norte,decline,1,116,727.3791171121773,822.750523413565,4.2352694950246805,4.79058322111778,6.419048869828336,202.40201992204908,78.11821487520129,17174329.0
GCLSTM,Nordeste,decline,1,116,2246.3392997255964,2599.691125864647,4.194114517964953,4.853853687439596,6.78806734143528,1068.5821688308943,76.71236990761363,53559322.0
GCLSTM,Sudeste,decline,1,116,5712.857586166759,6253.262931319169,6.95613834929895,7.614151311968152,10.440990639028758,836.3182665766195,48.66333618526395,82126854.0
GCLSTM,Sul,decline,1,116,1415.1271512716726,1663.8733157917866,4.901191510346291,5.762706031272287,8.615772823002581,144.9778550903537,44.840003704585556,28873125.0
GCLSTM,Centro-Oeste,decline,1,116,1266.1744989758693,1394.219760945441,7.792377268053141,8.580402133078175,6.818489387361527,14729.482679763309,209.3604535279277,16248886.0
GCLSTM,Brasil,decline,1,117,9132.085612697085,10297.099667909379,4.612571754920563,5.2010146531875465,8.88390134856234,187.25189879680738,42.232405639861085,197982516.0
GCLSTM,Norte,decline,1,117,764.3253268882518,867.5362272456592,4.45039411372783,5.051354421157644,6.468957242418855,200.00496281347142,79.26541819835566,17174329.0
GCLSTM,Nordeste,decline,1,117,2137.1926756939033,2556.068494817121,3.990328099548951,4.7724063699258945,7.225499529142061,962.0643126728764,56.14242798704399,53559322.0
GCLSTM,Sudeste,decline,1,117,5820.484524903851,6569.073915355,7.087187979834039,7.99869177425815,10.533530407292266,636.0293834782226,53.889811796025626,82126854.0
GCLSTM,Sul,decline,1,117,1531.592944860157,1761.1872054066657,5.304562442964373,6.099745716498182,9.754003819460172,143.56429789723288,44.23858514688408,28873125.0
GCLSTM,Centro-Oeste,decline,1,117,1171.752346353678,1292.8517010138637,7.211278030713477,7.956555920288097,7.018942691195016,13536.706507041537,165.06984381974408,16248886.0
GCLSTM,Brasil,decline,1,118,9293.436336582872,10764.455643616313,4.694069215982118,5.4370738695008365,9.035502038035201,122.95474198591167,46.9383797559379,197982516.0
GCLSTM,Norte,decline,1,118,745.7891273476064,883.1492973739934,4.342464426689429,5.142263766892979,6.5367494554994545,144.70856369631542,61.15249787571436,17174329.0
GCLSTM,Nordeste,decline,1,118,2090.6064486220725,2476.6311313598208,3.9033474856572545,4.62408977350352,7.58451399666205,90.44979101243362,50.306429132773886,53559322.0
GCLSTM,Sudeste,decline,1,118,5970.936840970373,6870.358986904764,7.270383011347754,8.365545071170951,10.570668076465095,404.95833706905586,58.055179604443424,82126854.0
GCLSTM,Sul,decline,1,118,1605.28906375702,1831.9755321578411,5.559803671258376,6.3449160150064845,10.038252339252596,126.53416684133182,48.56115387683435,28873125.0
GCLSTM,Centro-Oeste,decline,1,118,1106.5969428551837,1244.737803883587,6.810294212508991,7.6604501002935645,6.918276449363832,26772.09584006584,141.37582501343476,16248886.0
GCLSTM,Brasil,decline,1,119,9037.072334426606,10733.066944461867,4.564581013015617,5.4212195911591845,9.48013004217956,114.60722407529342,44.999879432403574,197982516.0
GCLSTM,Norte,decline,1,119,764.3112715820861,925.1074907866105,4.45031227468675,5.386571380964057,6.520945139790032,152.87786300989302,55.6103546668802,17174329.0
GCLSTM,Nordeste,decline,1,119,2042.4527740029428,2401.2881071411084,3.8134403083051405,4.48341767123398,8.129703865459247,84.040803180672,45.11471717207689,53559322.0
GCLSTM,Sudeste,decline,1,119,6141.111957431539,7027.947405963783,7.4775930871911145,8.557429225237074,11.322814609576987,392.563426943831,59.22524798073951,82126854.0
GCLSTM,Sul,decline,1,119,1707.7528117846941,1956.2046635122747,5.914679522167047,6.775174711820333,10.17060478081711,118.33862269776976,52.21179953506026,28873125.0
GCLSTM,Centro-Oeste,decline,1,119,1175.9442211989165,1343.3769122907902,7.23707595215399,8.267501613900118,6.518688602374936,42785.49435409759,154.9126638552725,16248886.0
GCLSTM,Brasil,decline,1,120,9370.888649794591,11676.258707279883,4.733190000370836,5.897621135029865,10.968392772804503,64.43521838814074,45.61665168442064,197982516.0
GCLSTM,Norte,decline,1,120,666.5415408414221,868.6647118027937,3.8810339597047556,5.0579251847498305,7.4242867309093015,105.30073860961465,32.44604974211545,17174329.0
GCLSTM,Nordeste,decline,1,120,1639.7655341552727,2102.803961931201,3.061587549885849,3.926121323812129,9.07458405917997,48.500850389236554,29.24644001193358,53559322.0
GCLSTM,Sudeste,decline,1,120,6973.9737664910135,8145.406484137076,8.491709382281968,9.918079272995257,13.26580184664821,250.75678095618522,63.13257312195684,82126854.0
GCLSTM,Sul,decline,1,120,1792.656341625247,2092.2414391486313,6.208736815378478,7.246328338718553,11.55325486059926,92.04828049040876,49.61584712874128,28873125.0
GCLSTM,Centro-Oeste,decline,1,120,1121.0472765514676,1279.1853861110349,6.899225439525316,7.872449755084963,8.30562426789427,38305.738304172875,110.4222838404034,16248886.0
GCLSTM,Brasil,surge,2,125,12300.396848557071,16267.776134139574,6.21287025595587,8.216774118649736,12.655699051958475,196.12689340089815,36.60000027118045,197982516.0
GCLSTM,Norte,surge,2,125,843.1634322493554,1055.7124283831467,4.909440317868345,6.147037409048975,6.560455917191168,16042.532479473362,44.71708616371707,17174329.0
GCLSTM,Nordeste,surge,2,125,3276.5211896561195,4533.573907462335,6.117555389622221,8.46458419966992,11.961636481904527,61735.25630156007,45.94726712646418,53559322.0
GCLSTM,Sudeste,surge,2,125,7293.848854982176,8758.103146215868,8.881198414080462,10.664116205176773,13.504804944040243,88345.24872704773,57.50793900566974,82126854.0
GCLSTM,Sul,surge,2,125,2907.8017018801197,3658.161097937874,10.070962882888914,12.66977889624997,16.8827289503593,33136.34213796374,50.10750748562795,28873125.0
GCLSTM,Centro-Oeste,surge,2,125,1135.723602952355,1295.685441607723,6.989547486223701,7.973995519494218,9.583074463685199,37619.66445035503,56.45984893621686,16248886.0
GCLSTM,Brasil,surge,2,126,12362.332507321897,16174.69827736165,6.244153654114537,8.169760948669653,12.776669318226674,201.61540849203985,31.94906552930992,197982516.0
GCLSTM,Norte,surge,2,126,824.9670338699842,1038.5610064323203,4.803489171949508,6.0471707886364605,7.19637179075778,15784.237600299723,43.085113610389044,17174329.0
GCLSTM,Nordeste,surge,2,126,3423.4268896699723,4582.457372055123,6.391841348682443,8.55585395956865,12.191688469889275,61536.26105820668,48.1090401836682,53559322.0
GCLSTM,Sudeste,surge,2,126,6725.67030242935,8219.92870986988,8.189368001883222,10.008819660704257,13.462970681025107,97092.50049976485,45.658350019657505,82126854.0
GCLSTM,Sul,surge,2,126,2998.2958598775285,3806.851088568112,10.384382916215436,13.184756026817713,17.08138130614081,30530.86295941554,53.8415638895736,28873125.0
GCLSTM,Centro-Oeste,surge,2,126,1143.641962671054,1325.6445916840476,7.0382791944694185,8.158372159691732,9.485045765447971,49216.765671055684,52.35035088174001,16248886.0
GCLSTM,Brasil,surge,2,127,13831.755670162865,17378.68305665957,6.986352103012402,8.777887768968231,14.171741999143034,201.9593015165755,41.71953143736711,197982516.0
GCLSTM,Norte,surge,2,127,862.1596330276118,1043.8115722894713,5.020048428253656,6.077742963288239,7.23047583973958,15651.216299539534,53.854372423777164,17174329.0
GCLSTM,Nordeste,surge,2,127,3472.9904738352297,4589.663542112093,6.4843809520875375,8.569308517594925,13.435836301134936,59877.587825271374,36.41137508014034,53559322.0
GCLSTM,Sudeste,surge,2,127,7317.3444022599715,8632.239597911124,8.909807262628094,10.510861158654786,14.722781331644807,94495.10161430367,47.4696847085102,82126854.0
GCLSTM,Sul,surge,2,127,3406.8615258606665,4122.04268806001,11.799420831173164,14.276399551693867,19.010016124426237,30583.020589934888,56.51476654326419,28873125.0
GCLSTM,Centro-Oeste,surge,2,127,1697.73067649159,2323.321015470729,10.448289664236613,14.298340301425766,12.551629612805607,58495.85073697724,71.18520110447588,16248886.0
GCLSTM,Brasil,surge,2,128,13798.99969464004,17311.61423539684,6.969807220067877,8.744011635551109,14.72795994328531,211.83332201520102,38.30114686208188,197982516.0
GCLSTM,Norte,surge,2,128,935.3992107270054,1082.6445666617872,5.44649640010393,6.303853656592856,7.267491229775669,15855.05306239626,60.65380850044245,17174329.0
GCLSTM,Nordeste,surge,2,128,3461.836118078318,4642.62700536194,6.463554781515566,8.668195996510075,14.235216951505336,62060.221514764824,40.46268457403444,53559322.0
GCLSTM,Sudeste,surge,2,128,7188.205916426935,8524.799276630501,8.75256455875801,10.380038758857733,15.037625267810158,101631.23994261758,44.94851204366159,82126854.0
GCLSTM,Sul,surge,2,128,3476.7808162725714,4093.2640925382125,12.041581284577168,14.17672694776964,20.197724661090383,34561.55350307949,52.845818561188146,28873125.0
GCLSTM,Centro-Oeste,surge,2,128,1716.6418674681456,2322.5503073973396,10.564674202700084,14.29359715735183,12.952975825981405,59528.59369934661,75.06925938656777,16248886.0
GCLSTM,Brasil,surge,2,129,13989.463527574888,17435.757582494938,7.0660095700445025,8.806715832672284,15.11778513040056,215.22665421669618,39.12346666975963,197982516.0
GCLSTM,Norte,surge,2,129,943.2786258860748,1075.1642388259247,5.492375427803175,6.260298372215443,7.465461115684749,15272.83349683994,59.341262043819924,17174329.0
GCLSTM,Nordeste,surge,2,129,3666.013567381327,4805.765788318136,6.844772171278283,8.972790559817273,14.179070928634316,67188.08458920041,49.63886722093124,53559322.0
GCLSTM,Sudeste,surge,2,129,7046.489939136377,8542.043000340967,8.580007142531452,10.401035208704046,15.564075661048195,101632.69363201609,45.6024080439307,82126854.0
GCLSTM,Sul,surge,2,129,3459.360897953788,4079.694652548882,11.981248645422996,14.129730164465682,20.726392257076768,36431.395089368234,53.27393033542164,28873125.0
GCLSTM,Centro-Oeste,surge,2,129,1605.199526085827,2305.7427907462215,9.878828161424895,14.190159194582458,14.078327689761721,54377.37421090482,58.16250583807215,16248886.0
GCLSTM,Brasil,surge,2,130,13576.853300476067,16780.1496974341,6.857602163453699,8.475571498159008,14.908387117806791,238.3669839413283,33.47538568195458,197982516.0
GCLSTM,Norte,surge,2,130,1030.7903528453028,1158.7095278941451,6.001925040828685,6.746752830309383,7.237130285653639,15995.152994202634,66.29237826168239,17174329.0
GCLSTM,Nordeste,surge,2,130,3946.530494197855,5092.847596268328,7.368522129906452,9.508797733228079,13.522922646195715,74072.1281350623,54.68382050368257,53559322.0
GCLSTM,Sudeste,surge,2,130,7317.97911020551,8715.053236883192,8.910580101126861,10.611697407626488,14.229989637741205,114479.43394177043,45.28090447174628,82126854.0
GCLSTM,Sul,surge,2,130,4163.120705667937,5420.210272308064,14.41867032289694,18.772509980502853,24.314256660440797,42900.67321709678,52.03125331727959,28873125.0
GCLSTM,Centro-Oeste,surge,2,130,1635.5745640831403,2306.263072430979,10.06576428736801,14.193361147533308,14.29856255473361,54335.93691538041,60.44308740331203,16248886.0
GCLSTM,Brasil,surge,2,131,14429.878330976731,18072.595798109756,7.288460932063684,9.128379698998145,14.674347692617996,247.46669048491938,30.66814314858604,197982516.0
GCLSTM,Norte,surge,2,131,1034.3592427181795,1208.5228440677647,6.022705415263557,7.036798026099096,6.958891092095355,15210.604095021898,56.948396728107525,17174329.0
GCLSTM,Nordeste,surge,2,131,4304.008177744547,5379.465769812414,8.03596464074834,10.043939260120608,13.326878345695357,67922.50524731677,65.12647525926349,53559322.0
GCLSTM,Sudeste,surge,2,131,7289.05541516428,8748.196913647824,8.875361785031094,10.652054093838569,14.187198692394519,103228.30050208268,51.01834576391622,82126854.0
GCLSTM,Sul,surge,2,131,4310.332514901793,5391.414979544611,14.92852787809353,18.67277954687832,23.6037590695641,45489.53378036456,58.90941030114614,28873125.0
GCLSTM,Centro-Oeste,surge,2,131,1773.212716786873,2433.6244997325284,10.912826373370292,14.977177510707678,13.866005424364655,71044.0591378768,57.89793511296381,16248886.0
GCLSTM,Brasil,surge,2,132,15276.765441326308,19806.727617667977,7.716219467241394,10.004281195046525,16.848998597964037,208.77337191688122,31.698291045353372,197982516.0
GCLSTM,Norte,surge,2,132,977.7070769561849,1176.8931230007252,5.692840034426876,6.852629427331485,8.603372057956692,13546.634748817261,44.76692667329284,17174329.0
GCLSTM,Nordeste,surge,2,132,4357.461718382907,5306.395015926555,8.135767137573001,9.907509687905598,15.094877898392223,61661.75861085558,49.39271709577142,53559322.0
GCLSTM,Sudeste,surge,2,132,8411.148167383471,10567.16092327145,10.241653926477534,12.866876555713981,17.042711535214288,95527.6017403118,54.08002909768955,82126854.0
GCLSTM,Sul,surge,2,132,4435.622983543441,5593.277793861834,15.362462440568663,19.371916943045942,23.767282361023657,41110.54527166726,62.41581962853341,28873125.0
GCLSTM,Centro-Oeste,surge,2,132,2150.3183622341,3113.9064195265237,13.233635599598028,19.163814796451422,18.0737664000581,54480.87507938576,53.792193540214726,16248886.0
GCLSTM,Brasil,surge,2,133,16372.019142255045,20546.996776141616,8.269426751933512,10.378187524468887,18.001481321041823,207.768954359605,38.73629903844706,197982516.0
GCLSTM,Norte,surge,2,133,872.1337351702044,1111.5163973471865,5.078124072097398,6.471964042072249,9.19852944179368,13023.364305340463,33.282698938786815,17174329.0
GCLSTM,Nordeste,surge,2,133,4385.914127169633,5358.6431417563645,8.188890305910954,10.005061568472366,15.750892822921355,63293.63440348931,49.96197278842058,53559322.0
GCLSTM,Sudeste,surge,2,133,8779.633674430754,10672.923794956747,10.690332390463604,12.995656445036538,17.813557363469897,96507.41887504936,53.50801910390566,82126854.0
GCLSTM,Sul,surge,2,133,4822.351202190569,6085.312404797002,16.701867921087754,21.076043569225714,26.57043284386199,38411.96251250383,61.486831475266584,28873125.0
GCLSTM,Centro-Oeste,surge,2,133,2248.767489083029,3266.9827588867724,13.839517915769912,20.105887621383843,20.447555519296994,36697.63804181428,55.477944108977404,16248886.0
GCLSTM,Brasil,surge,2,134,15283.764609036309,19567.388560452524,7.719754712601141,9.883392208457701,18.376189736505765,207.89085540961244,28.53590681227017,197982516.0
GCLSTM,Norte,surge,2,134,949.5942808136989,1159.2825809818235,5.529149236710785,6.750089514308382,9.030088683264896,13424.905012270416,45.7448936954996,17174329.0
GCLSTM,Nordeste,surge,2,134,4242.40457529358,5172.860973303682,7.920945256352536,9.65818979804054,16.038557843459806,59181.27024829416,45.211381526176396,53559322.0
GCLSTM,Sudeste,surge,2,134,7919.357250319738,10107.99569059145,9.642835278117117,12.307783871267551,17.687097931267196,100679.08693807364,43.37380310646307,82126854.0
GCLSTM,Sul,surge,2,134,4809.395122371816,5978.685555613386,16.65699546679418,20.70674911570322,27.624304617003798,38821.039890040054,59.09805526011001,28873125.0
GCLSTM,Centro-Oeste,surge,2,134,2568.216887009751,3599.8687222417416,15.805495139849903,22.15455707081545,23.009489444262258,44229.89075167623,63.46531439301433,16248886.0
GCLSTM,Brasil,surge,2,135,16058.723084161784,19985.187060329692,8.111182446111446,10.094420186239926,19.273022177832615,210.6201658934142,28.78490651014344,197982516.0
GCLSTM,Norte,surge,2,135,986.0690205673702,1192.67740985124,5.741528653418542,6.944535707049982,8.930271937189547,12861.129215374307,49.163040445209795,17174329.0
GCLSTM,Nordeste,surge,2,135,4348.20390660171,5296.812982987708,8.11848198265413,9.889619183356555,16.05896245864968,60410.06495582284,46.15453794024978,53559322.0
GCLSTM,Sudeste,surge,2,135,8300.511589458292,10301.482310166886,10.106939673420696,12.543378698235397,18.53291488906411,100195.41598906161,44.58383340765886,82126854.0
GCLSTM,Sul,surge,2,135,4825.52886679732,5919.771308513672,16.712873534808995,20.502703841422335,28.724190510057806,42938.70865988642,58.11619154766086,28873125.0
GCLSTM,Centro-Oeste,surge,2,135,3148.4575105040103,4339.5836260437845,19.376451471836347,26.706960871310095,27.74563829571475,42942.05054539201,66.84630782881419,16248886.0
GCLSTM,Brasil,surge,2,136,17031.510991004343,20853.424162960124,8.60253285749957,10.532962498042062,21.340232132327852,62.44447959027348,36.78720318585982,197982516.0
GCLSTM,Norte,surge,2,136,787.5576987891728,1028.660637304248,4.585667939569417,5.989524465871406,9.62982099369762,462.3147719473181,31.848734238821933,17174329.0
GCLSTM,Nordeste,surge,2,136,3673.042666535792,4755.51151865274,6.857896122239546,8.878961385382622,17.109866619581492,52.42243777520328,31.192437035440157,53559322.0
GCLSTM,Sudeste,surge,2,136,8601.940816414963,10273.96196828005,10.473968498068809,12.509869144969379,20.164189218359187,150.35075654031863,38.659177525242015,82126854.0
GCLSTM,Sul,surge,2,136,5096.185799017731,6393.298289728105,17.65027443000275,22.14273061792967,31.629512125623197,62.48916251399344,52.359164244965584,28873125.0
GCLSTM,Centro-Oeste,surge,2,136,4222.871115622796,6061.605162185266,25.988680797088467,37.30474299706002,35.3224214086759,38035.721534136,72.69322863945327,16248886.0
GCLSTM,Brasil,surge,2,137,14323.207062323216,17264.926804712297,7.234581796264886,8.72043004277827,19.66937752625127,72.66797602950219,25.848226662554637,197982516.0
GCLSTM,Norte,surge,2,137,902.6889146754514,1113.8236145053565,5.256035998119352,6.485398145717113,9.336609281769944,487.732807863319,33.87875094772339,17174329.0
GCLSTM,Nordeste,surge,2,137,4112.478525402368,4746.7445059322845,7.678361808617309,8.862592595799262,15.401080457550082,73.55632638931534,46.119911268536335,53559322.0
GCLSTM,Sudeste,surge,2,137,7511.113013979791,9446.882802563416,9.14574545127443,11.502793961355705,17.64926448866034,231.3437160287013,29.063117304838403,82126854.0
GCLSTM,Sul,surge,2,137,4150.065273663606,5098.88663932487,14.373453769426085,17.659628596921426,31.086990811094797,68.10054647306193,35.31027758227485,28873125.0
GCLSTM,Centro-Oeste,surge,2,137,4450.790816519331,6158.156550140034,27.391359730872203,37.89894611938341,34.58171129069998,60115.606700473865,75.32559793360305,16248886.0
GCLSTM,Brasil,surge,2,138,16392.444948144905,19215.561163119262,8.27974372653437,9.70568591173943,19.16421026462549,93.48839027514418,30.81584108643421,197982516.0
GCLSTM,Norte,surge,2,138,1088.664320421904,1300.5845004275125,6.3389045384067355,7.572840257267183,8.75476080885382,607.2681345838498,40.32223041045795,17174329.0
GCLSTM,Nordeste,surge,2,138,4262.145012307646,4909.2438853015265,7.957802401433771,9.165993335952846,15.150757223893429,82.38065743841672,41.736426939045,53559322.0
GCLSTM,Sudeste,surge,2,138,8253.295795139984,9906.445556039977,10.049448375485056,12.062370678462829,17.408695879771127,356.9864525256106,34.13656717117753,82126854.0
GCLSTM,Sul,surge,2,138,4221.09518463573,5104.252460337032,14.619460777576831,17.6782127335958,29.507172704786992,83.50212204183147,44.111047772008334,28873125.0
GCLSTM,Centro-Oeste,surge,2,138,4371.893837759303,6043.413689701872,26.90580657504338,37.192787799125874,33.88979573414549,69199.28473665015,73.34546588512697,16248886.0
GCLSTM,Brasil,peak,2,139,16234.811270745548,19423.31719214192,8.200123727463666,9.810622465340282,20.444878907017973,74.37182672283427,31.965069473615937,197982516.0
GCLSTM,Norte,peak,2,139,1112.977652449716,1457.8952131499148,6.480472410012152,8.488804500891503,10.902484561322927,461.77295793721623,37.34836295442626,17174329.0
GCLSTM,Nordeste,peak,2,139,4082.9812965351193,4678.736670516894,7.623287868608791,8.735615940987628,15.512038875759103,72.54065426122277,38.51527814526919,53559322.0
GCLSTM,Sudeste,peak,2,139,8849.352601823162,10338.19863132905,10.775224145105037,12.588085538171292,19.16669054401563,312.64355911226113,38.06296226566898,82126854.0
GCLSTM,Sul,peak,2,139,4412.348749105934,5296.625611934789,15.28185379693377,18.344483362763086,29.79067905306396,77.05582336798292,45.54556289019524,28873125.0
GCLSTM,Centro-Oeste,peak,2,139,4576.570746917333,6254.778739059498,28.1654431381778,38.49358496982192,36.64383068625868,51658.37277173315,74.07925370244298,16248886.0
GCLSTM,Brasil,peak,2,140,17676.560561153467,20144.15848828679,8.928344238818273,10.174715876571035,21.49912063036593,76.03800300306109,34.005588748246865,197982516.0
GCLSTM,Norte,peak,2,140,1256.2415541862679,1502.7235397039192,7.314647076961596,8.749823877858164,10.45954773600777,502.1254472058339,50.26520783920752,17174329.0
GCLSTM,Nordeste,peak,2,140,4026.7860622514368,4593.029469988495,7.518366386810193,8.57559300319092,16.035090413910105,69.35676744341217,41.420717996812186,53559322.0
GCLSTM,Sudeste,peak,2,140,8516.591188237155,10241.522338453951,10.370044356304158,12.470369726391748,19.116332909523344,326.58500378465254,35.42823592823204,82126854.0
GCLSTM,Sul,peak,2,140,4874.8811529054965,5840.313764652801,16.883801642203593,20.22750833050735,32.83181653892418,62.65888757845498,48.59386065733814,28873125.0
GCLSTM,Centro-Oeste,peak,2,140,5410.089207243241,7146.485323245177,33.295139169806724,43.98138631316126,43.08383261590877,36966.34860045497,75.2684770966566,16248886.0
GCLSTM,Brasil,peak,2,141,15641.294176629783,18735.214926872566,7.900341147614157,9.46306537839562,21.026928861403096,75.39306256489586,27.065740023871932,197982516.0
GCLSTM,Norte,peak,2,141,1265.1719566546362,1529.9509000204316,7.3666456293846245,8.908359098165823,10.39175553761242,490.73838635242686,56.641457367315255,17174329.0
GCLSTM,Nordeste,peak,2,141,4350.14703712299,4877.065973619004,8.122109979515779,9.105914323596187,15.544046113601766,74.59066573952792,51.91361022805722,53559322.0
GCLSTM,Sudeste,peak,2,141,8064.384220116658,10100.352865783847,9.819424253261495,12.298477749779442,18.401932853747972,333.0308050482704,35.04067161010251,82126854.0
GCLSTM,Sul,peak,2,141,4559.484853308879,5566.511654741456,15.791449153179222,19.27921433769797,33.01290436929124,61.47993136944941,46.18963024194197,28873125.0
GCLSTM,Centro-Oeste,peak,2,141,4767.377039239406,6363.047836595586,29.33971620724895,39.15990201787117,42.30971360108466,49483.92630068051,62.83669810356696,16248886.0
GCLSTM,Brasil,peak,2,142,14999.518061394872,18488.61536264186,7.576183172353902,9.338509145242835,21.136318032826384,76.10409376549863,23.710331587376032,197982516.0
GCLSTM,Norte,peak,2,142,1334.2200829443532,1588.9814134394107,7.768688272737487,9.25207275020416,10.203767320689193,491.877306296422,74.05577859433568,17174329.0
GCLSTM,Nordeste,peak,2,142,4969.840512068322,5415.663339820852,9.279132607519418,10.111523330748758,15.003390599712336,83.99889279721071,64.14825200382123,53559322.0
GCLSTM,Sudeste,peak,2,142,7873.461559916534,10077.816868537517,9.586951376362881,12.27103727672013,18.708775245401544,342.47621626649544,36.75705448469964,82126854.0
GCLSTM,Sul,peak,2,142,4449.37588772614,5440.958022018454,15.410094638963187,18.844368325279838,33.75110939344034,62.87559319482246,42.16088656270222,28873125.0
GCLSTM,Centro-Oeste,peak,2,142,4742.511649092332,6307.322807645361,29.186687931051594,38.816955252473065,42.76073352874938,50135.4066856696,61.38148742575566,16248886.0
GCLSTM,Brasil,peak,2,143,16202.183620909645,19153.980331319843,8.18364366119564,9.674581734944637,21.06441413600887,78.57463721300552,28.11899911564342,197982516.0
GCLSTM,Norte,peak,2,143,1416.766052485366,1650.623082386917,8.24932404919788,9.610990230750309,9.938421125256559,497.23478250832443,96.9044347918601,17174329.0
GCLSTM,Nordeste,peak,2,143,4964.558050658982,5413.841696151786,9.269269783995739,10.108122160604994,14.87042722182104,84.51471608064915,65.98981202801157,53559322.0
GCLSTM,Sudeste,peak,2,143,8639.220652690918,10656.447538418903,10.519361490080842,12.975594485110683,17.897051882005304,360.9788321361002,46.539733335616255,82126854.0
GCLSTM,Sul,peak,2,143,4647.384166761739,5559.916940911115,16.095882128317385,19.256374018784303,35.24458917855012,60.62858524724533,44.707081713472306,28873125.0
GCLSTM,Centro-Oeste,peak,2,143,4894.456812801144,6312.605164732243,30.121799197810507,38.84946429393524,44.052250649454926,51497.9105497864,60.546002795870834,16248886.0
GCLSTM,Brasil,peak,2,144,17232.750959164143,19635.774384639062,8.704178180645073,9.917933553606856,22.047148828530084,81.39688247818374,27.929691631019995,197982516.0
GCLSTM,Norte,peak,2,144,1464.7955804112269,1666.5664767433086,8.528982881434418,9.70382293679892,10.712416853292623,503.3758653170783,95.18871140126481,17174329.0
GCLSTM,Nordeste,peak,2,144,4825.867602436237,5416.55654107561,9.010322427972925,10.113191016636861,14.7808069724828,83.50698749765583,63.138549785549955,53559322.0
GCLSTM,Sudeste,peak,2,144,9451.947844713772,11464.224111544394,11.508961301152205,13.959166281402176,20.650631826064476,324.77226445911776,43.09362307734314,82126854.0
GCLSTM,Sul,peak,2,144,2930.205801703984,3942.3428740268587,10.148557877624897,13.65402211927825,33.10616954835846,61.611996136491264,11.923012494358769,28873125.0
GCLSTM,Centro-Oeste,peak,2,144,4902.63183200192,6316.394290031017,30.172110457307163,38.87278358670875,45.38596846505651,50585.59366453582,61.1318977677665,16248886.0
GCLSTM,Brasil,peak,2,145,16065.05332576128,18748.158414146623,8.114379820166182,9.469603070478518,23.081908311812455,48.09231627941729,31.97302312408584,197982516.0
GCLSTM,Norte,peak,2,145,1315.740745306972,1582.2938526650994,7.6610896723066855,9.213133466030023,11.017689747328614,154.92494097993267,72.94279138727926,17174329.0
GCLSTM,Nordeste,peak,2,145,4321.940865617648,5051.462337951687,8.069446558000955,9.431527788853801,14.942443502857262,70.5028521302187,55.42734279448247,53559322.0
GCLSTM,Sudeste,peak,2,145,9199.255128228482,11393.773577826352,11.201275441804311,13.873383702030461,21.751020118042316,205.91919471136703,35.84833835416373,82126854.0
GCLSTM,Sul,peak,2,145,2792.834954734299,3482.5487839931434,9.672783790235034,12.061558227566788,34.844068421937465,43.46907198172629,16.082991630455,28873125.0
GCLSTM,Centro-Oeste,peak,2,145,5120.416113570419,6584.09471458486,31.512413303720752,40.52028375720564,48.488598752947084,23087.798780221194,58.16816129891008,16248886.0
GCLSTM,Brasil,peak,2,146,12786.802732187289,14788.55123045615,6.4585514875400865,7.4696248584173714,22.085788605037735,46.768640674943775,23.694777729538018,197982516.0
GCLSTM,Norte,peak,2,146,1413.2768359176541,1569.6595285230283,8.229007584038095,9.139568297096371,9.830702212973872,194.0273777401167,103.30034020951643,17174329.0
GCLSTM,Nordeste,peak,2,146,4820.487342298901,5415.114637007091,9.00027700555825,10.11049885397558,13.705897387985503,85.60993999172676,66.3857851474572,53559322.0
GCLSTM,Sudeste,peak,2,146,6797.944797380644,8849.06857536901,8.27737148847884,10.77487830639295,20.348138110046783,244.43937946246518,27.223494728906154,82126854.0
GCLSTM,Sul,peak,2,146,3173.658211781548,3697.007796006464,10.991737859277608,12.804321652077716,36.78927822428143,36.38061859948449,21.565336227898946,28873125.0
GCLSTM,Centro-Oeste,peak,2,146,4333.360153401373,5842.220319894711,26.66865995245073,35.954589870928444,45.316073587794484,25667.466050246196,49.120692250302625,16248886.0
GCLSTM,Brasil,peak,2,147,12051.039738299649,14205.413836253101,6.086921199799102,7.175085014200497,21.541476473424794,46.471168203132585,22.619641997108943,197982516.0
GCLSTM,Norte,peak,2,147,1435.878195634398,1558.6825855586847,8.360607250707716,9.075653468375299,9.9051488648154,187.85803650080675,100.67072761596133,17174329.0
GCLSTM,Nordeste,peak,2,147,5537.956331517363,6096.887096183796,10.339855182478528,11.383428446282041,12.840501817954262,100.67764435095933,89.59401524317613,53559322.0
GCLSTM,Sudeste,peak,2,147,6747.284891067003,8802.592577308083,8.215686541538535,10.718287805482094,19.742280948326336,248.00499801053778,25.17088401962426,82126854.0
GCLSTM,Sul,peak,2,147,2434.6104600453496,2853.3490412857277,8.432098915671059,9.882369993846277,36.20816443183607,32.50202072480417,21.847496400178315,28873125.0
GCLSTM,Centro-Oeste,peak,2,147,4161.216136856338,5699.325147596119,25.60923953098285,35.07517467718168,45.552573322540525,24336.906308105357,47.80958134863272,16248886.0
GCLSTM,Brasil,peak,2,148,14033.54158100029,16288.332961144195,7.088273179132792,8.227157271374507,20.630645683333334,54.26703352487452,27.180771663435763,197982516.0
GCLSTM,Norte,peak,2,148,1577.3759309185905,1698.089918281778,9.184498159541432,9.887372707730114,9.401906084462501,209.44582963613058,107.96179200962621,17174329.0
GCLSTM,Nordeste,peak,2,148,5964.796952234527,6609.976464388099,11.136804443182696,12.3414117609407,11.905357146486368,123.44771385896013,95.1928866025026,53559322.0
GCLSTM,Sudeste,peak,2,148,7179.898772810076,9058.199624566043,8.742449543738855,11.029522237106566,18.95473622273127,256.74019027060547,31.751755505019496,82126854.0
GCLSTM,Sul,peak,2,148,2361.9293354726346,2777.5412486026344,8.180373047505716,9.619815134671548,36.099808595022616,31.63383521967825,20.561147578524732,28873125.0
GCLSTM,Centro-Oeste,peak,2,148,3717.047685772908,5262.1224612098995,22.87570782251108,32.38451215184782,42.24201667872041,29938.043553708878,48.9568596918044,16248886.0
GCLSTM,Brasil,peak,2,149,16045.992534093735,18367.76095090342,8.104752307569289,9.27746617327735,19.66591403380252,62.700828801233015,30.910066884085637,197982516.0
GCLSTM,Norte,peak,2,149,1463.5081898448896,1608.568948182341,8.521486864755472,9.366123987623277,9.861063127478317,192.68468414293596,93.8998348330897,17174329.0
GCLSTM,Nordeste,peak,2,149,6326.916556281025,7027.725032584588,11.812913830912619,13.121385353953114,11.112377942278245,142.47679740080133,100.02038321581722,53559322.0
GCLSTM,Sudeste,peak,2,149,7603.630193633202,9486.14375691037,9.258397008161548,11.550599219239993,17.965239109801757,268.21622100277364,47.9393080697628,82126854.0
GCLSTM,Sul,peak,2,149,2174.0663410289153,2624.2440717680047,7.529723024538963,9.088881344738418,35.33414353523814,31.315319298089662,16.013261743719898,28873125.0
GCLSTM,Centro-Oeste,peak,2,149,3448.0975863750436,4888.32666538479,21.220516818045517,30.084072627408364,38.9776170814433,36337.96800884588,59.393427265951104,16248886.0
GCLSTM,Brasil,peak,2,150,16999.20881155069,19484.16438192786,8.586217184728921,9.841356083144161,18.543195855164225,67.80133039281897,36.64176950903669,197982516.0
GCLSTM,Norte,peak,2,150,1552.384969234612,1674.3721317403988,9.038984691830535,9.749272485349493,9.480095861754313,203.54095372380567,97.09611319648414,17174329.0
GCLSTM,Nordeste,peak,2,150,6418.774569121139,7046.443911112194,11.984420880311255,13.15633515882108,10.639737801443392,147.26276170489677,116.43478015052413,53559322.0
GCLSTM,Sudeste,peak,2,150,8156.428486786949,9930.6679281631,9.931499977811093,12.091864529673936,17.01592373319576,267.09376380489164,53.258188690651366,82126854.0
GCLSTM,Sul,peak,2,150,2220.044626709079,2732.7757877676404,7.688965523160651,9.464773168015725,34.157072671547134,32.1594015924392,14.009861101265507,28873125.0
GCLSTM,Centro-Oeste,peak,2,150,3193.358853818408,3981.476323229251,19.652786374514584,24.503072538198932,34.148275082417086,44308.639952852864,43.26980806890687,16248886.0
GCLSTM,Brasil,peak,2,151,15494.737267135335,17966.19394219319,7.826315969807827,9.074636642254404,18.902138087863197,58.12365345727384,38.65319139282677,197982516.0
GCLSTM,Norte,peak,2,151,1535.7135846328779,1656.506408789832,8.941913157904905,9.645246744660778,9.49964331996168,193.97127650496876,105.00540690115622,17174329.0
GCLSTM,Nordeste,peak,2,151,6522.635487769629,7101.304518482748,12.178338418416926,13.258764773913208,10.301528041172556,151.49713901080267,129.23426733819562,53559322.0
GCLSTM,Sudeste,peak,2,151,7202.609778926645,9504.331299856623,8.770103112590487,11.57274489030911,18.09874338425726,188.7965697636035,42.535902773476124,82126854.0
GCLSTM,Sul,peak,2,151,2451.3287012001456,3041.672614061944,8.490001346235108,10.534615196872329,33.03269539518451,36.7651871338335,22.531227389502156,28873125.0
GCLSTM,Centro-Oeste,peak,2,151,2364.7025539896576,3245.722183255266,14.55301338189989,19.97504433999516,36.14093916784675,55.04030511479924,23.67636324674288,16248886.0
GCLSTM,Brasil,peak,2,152,12768.873925713164,15466.48211183579,6.449495735124996,7.812044429133222,19.534661475978293,36.56220029883281,31.514747932388516,197982516.0
GCLSTM,Norte,peak,2,152,1345.7825772900044,1517.5217269351963,7.836012558569271,8.835988450758084,9.859815422373352,107.99462667167406,83.8944972003301,17174329.0
GCLSTM,Nordeste,peak,2,152,5787.735842187603,6434.357357372653,10.806215661556738,12.013515326748633,10.397949833295396,135.30125228255574,111.1534298224417,53559322.0
GCLSTM,Sudeste,peak,2,152,6543.429228515962,9055.618338829008,7.967466072079129,11.026379189965086,19.056843087422017,48.09029037858592,31.233441376655577,82126854.0
GCLSTM,Sul,peak,2,152,2296.8686907375036,2646.1201089853303,7.955040165335424,9.164647432466456,33.81468803703565,27.345590062551427,22.548976004863988,28873125.0
GCLSTM,Centro-Oeste,peak,2,152,2184.76214320553,3166.8238413483605,13.445611860440955,19.48948279499506,36.91725614587245,45.464258899566,17.20756995735312,16248886.0
GCLSTM,Brasil,peak,2,153,13652.86648074879,16081.350651454239,6.895996048837357,8.122611519622389,18.928691667978644,40.262033272306645,34.24075753636185,197982516.0
GCLSTM,Norte,peak,2,153,1544.7438043433474,1606.0315010152813,8.994492910572212,9.35134933664821,8.157108031647963,142.81447178627965,122.54213828348051,17174329.0
GCLSTM,Nordeste,peak,2,153,5519.113106846661,6221.477374107943,10.304673212343243,11.616049534958533,10.157628853502585,133.520633804682,133.1036072296692,53559322.0
GCLSTM,Sudeste,peak,2,153,6616.554156830726,9226.030456967588,8.056505070595698,11.233877845811053,18.131967267183192,50.4471972390462,37.48529073512982,82126854.0
GCLSTM,Sul,peak,2,153,2080.9346215453043,2481.528187718615,7.207167985956851,8.594595104335312,34.53607068509617,21.47122507515784,18.039964362499674,28873125.0
GCLSTM,Centro-Oeste,peak,2,153,2267.478683147519,3192.70802455454,13.954671619626842,19.64878099676827,35.51847893357134,49.46501490667429,33.131787114442766,16248886.0
GCLSTM,Brasil,decline,2,154,16713.865853818003,20199.323283776987,8.442091853109899,10.202579344823048,17.301888561038457,69.42612109877224,45.22358921436326,197982516.0
GCLSTM,Norte,decline,2,154,1612.1547696384248,1703.1973640212818,9.387002948635867,9.917111544918477,7.806501701483086,171.4148632425652,140.94587911764518,17174329.0
GCLSTM,Nordeste,decline,2,154,6051.088651652977,6733.151831194084,11.297918692198863,12.571391085186036,9.020838617091055,178.14621616552793,138.6872559959586,53559322.0
GCLSTM,Sudeste,decline,2,154,7697.825672175508,10456.799385336279,9.37309210964724,12.73249719919416,16.750741648339105,705.4098158757497,46.412504881948905,82126854.0
GCLSTM,Sul,decline,2,154,2382.254705778364,3076.2920949210716,8.250768511473433,10.654517288728087,31.76928620005193,42.13120130126878,18.21661916758918,28873125.0
GCLSTM,Centro-Oeste,decline,2,154,2381.3911857109706,2955.569869352733,14.65571969494383,18.18936922415932,31.71206412200399,62.16075199303322,41.90322887832882,16248886.0
GCLSTM,Brasil,decline,2,155,19084.39809930574,24058.88818074395,9.639436090056428,12.152026687419182,15.841333902217713,305.8680548370662,44.895174116263284,197982516.0
GCLSTM,Norte,decline,2,155,1591.0528243836902,1713.9519206005525,9.264133838263435,9.97973149693681,7.356494505817635,229.3461753399054,155.35739277347898,17174329.0
GCLSTM,Nordeste,decline,2,155,6563.467610692722,7345.00182582595,12.2545756099988,13.713769240443241,7.944195302318195,436.3967649512242,149.0144617820772,53559322.0
GCLSTM,Sudeste,decline,2,155,8526.486890043923,11378.051245290937,10.382093645087055,13.85423974147474,15.576164990539043,1938.7981208556164,52.731643928359546,82126854.0
GCLSTM,Sul,decline,2,155,3136.7822227750803,4265.442226560647,10.864020513107189,14.77305358031265,29.213276069414594,194.20889709301017,21.582229507747975,28873125.0
GCLSTM,Centro-Oeste,decline,2,155,2815.072769353215,3592.3786373109133,17.32471241015055,22.108461080414457,28.419091126012233,221.2330801851677,45.356118550837664,16248886.0
GCLSTM,Brasil,decline,2,156,21101.361016888146,25451.033036843,10.658194189676903,12.85519224174472,14.88147280880488,313.40302521228347,58.47888208424635,197982516.0
GCLSTM,Norte,decline,2,156,1485.197090734307,1617.5302694080892,8.647773608705801,9.41830256895678,7.6784035236973995,212.34670750112156,148.8041331913873,17174329.0
GCLSTM,Nordeste,decline,2,156,6920.314908522759,7625.742833586727,12.920841134849987,14.237937578049861,7.217897830169385,453.95847894609915,159.5237711215034,53559322.0
GCLSTM,Sudeste,decline,2,156,8944.207753075954,11703.830329426157,10.890722482899386,14.250917646773802,14.619108977884695,1977.861756849549,63.28083053078265,82126854.0
GCLSTM,Sul,decline,2,156,3730.7973012487687,4826.131779707062,12.921349182843107,16.7149616804799,27.24134838855772,212.44831839856238,30.494326637924082,28873125.0
GCLSTM,Centro-Oeste,decline,2,156,2765.565136396904,3500.6227188411494,17.0200291662881,21.543770562739805,27.118782191265197,230.35031873855152,41.85548956785608,16248886.0
GCLSTM,Brasil,decline,2,157,19750.53010204341,24453.609519002806,9.975896104908278,12.35139850379657,15.227968060516012,303.9664486929987,56.26946085829658,197982516.0
GCLSTM,Norte,decline,2,157,1378.9789269478772,1531.3953017082906,8.02930307756348,8.916769334675553,7.691296517029598,198.88135918120696,131.2345013076561,17174329.0
GCLSTM,Nordeste,decline,2,157,7042.294416232748,7673.152225967037,13.14858768419949,14.32645511451216,6.675775313398278,469.54711080510975,176.16300240025663,53559322.0
GCLSTM,Sudeste,decline,2,157,8181.459521220105,11244.611839713127,9.961978479317015,13.691760115044865,15.158953284716702,1926.1664518994821,49.842883100826796,82126854.0
GCLSTM,Sul,decline,2,157,4220.65011968021,5264.8803272990945,14.617919326987327,18.234535843623075,29.15142919163413,213.20326579644055,34.50924076234649,28873125.0
GCLSTM,Centro-Oeste,decline,2,157,2737.615602920166,3471.0113280898076,16.848020245327376,21.36153412664602,26.9913009158403,228.488017717924,40.57115045842856,16248886.0
GCLSTM,Brasil,decline,2,158,20354.443954127582,24539.681247481112,10.280930036330876,12.394872912657151,13.802228884692926,317.5549393953946,69.41510856480573,197982516.0
GCLSTM,Norte,decline,2,158,1569.445453628786,1716.5137463335127,9.138321815244055,9.994648095617084,6.535085818119388,230.22062604078957,158.65480271323673,17174329.0
GCLSTM,Nordeste,decline,2,158,6836.3892497854395,7378.593052426351,12.764144493437461,13.776487036983685,6.7052486381916925,454.0827395181913,165.59218602776312,53559322.0
GCLSTM,Sudeste,decline,2,158,6857.9961505547235,8872.599246978161,8.350491728996126,10.80352992332832,12.7080410122727,1993.1034264716623,57.28849081764668,82126854.0
GCLSTM,Sul,decline,2,158,4961.592368573384,5894.239173067865,17.184119725777464,20.414275119398624,27.01795731901291,243.4273028194509,37.8886351713693,28873125.0
GCLSTM,Centro-Oeste,decline,2,158,2574.8084887379323,3382.3239617240747,15.846061623781054,20.815728301152923,26.92316436064234,223.76514471055606,39.4080002550006,16248886.0
GCLSTM,Brasil,decline,2,159,21221.04914201552,24550.115586732576,10.718648075982387,12.400143246352409,13.201742958583184,316.1712003664658,70.79752006895394,197982516.0
GCLSTM,Norte,decline,2,159,1430.3555237746093,1571.5299466858546,8.32845069973103,9.150459075786044,6.616602834798127,208.49363580775912,163.7438702315477,17174329.0
GCLSTM,Nordeste,decline,2,159,6717.24924115582,7228.989060354127,12.54169954047555,13.497163127558126,6.427852614880138,455.2223167745697,182.88570033108516,53559322.0
GCLSTM,Sudeste,decline,2,159,7036.804228189338,8716.35574762035,8.568213544609097,10.613283381852604,12.25508320032856,1934.2482445767448,62.31850202124156,82126854.0
GCLSTM,Sul,decline,2,159,5118.469641132564,5927.431713671189,17.727452920778624,20.52923510590277,25.672168010410083,245.77268702906468,50.163565771282336,28873125.0
GCLSTM,Centro-Oeste,decline,2,159,2645.7038236772532,3387.896687880631,16.282370518675886,20.850024351704054,25.11556791479209,230.08690822082104,40.70944869918654,16248886.0
GCLSTM,Brasil,decline,2,160,22178.827698067067,24979.44833031222,11.202417337734543,12.61699711418569,12.628604327711335,320.2593367645085,72.75343721239544,197982516.0
GCLSTM,Norte,decline,2,160,1438.320851276688,1590.9097444097688,8.374829964400286,9.263300734542636,6.303427780942334,221.66853308384296,183.69822548435664,17174329.0
GCLSTM,Nordeste,decline,2,160,6797.019873753182,7206.628792204616,12.690638379912992,13.455414525606981,6.2291410381445,455.7628931514875,172.67538444351175,53559322.0
GCLSTM,Sudeste,decline,2,160,7720.224415739148,9211.90578881614,9.400365458707512,11.216679246980702,11.396046278037364,1979.3812097248208,65.1964506201362,82126854.0
GCLSTM,Sul,decline,2,160,5265.116183912177,5915.926652129474,18.235352716105986,20.48938814946243,24.502766168748458,242.7816134509996,64.95259079235336,28873125.0
GCLSTM,Centro-Oeste,decline,2,160,2362.6151209033187,3115.5949998412543,14.54016675914471,19.174206772336603,25.53801447656648,213.95181599137004,36.26023936132643,16248886.0
GCLSTM,Brasil,decline,2,161,23482.334123916975,26632.05631703992,11.860812054695261,13.451721321209961,11.444553160541536,383.11535027430637,71.38074712642265,197982516.0
GCLSTM,Norte,decline,2,161,1559.5786444881855,1690.3875954793261,9.080870900331451,9.84252482574036,5.602215113396734,277.26329505597033,186.53597508289744,17174329.0
GCLSTM,Nordeste,decline,2,161,6739.468012445809,7168.442579239569,12.5831839552521,13.384117482367623,5.775838596154783,470.5598913381459,188.65698900097624,53559322.0
GCLSTM,Sudeste,decline,2,161,8439.357460103884,10040.780230244682,10.276002365930008,12.225940409509272,10.175895520427519,2428.598489886202,66.5126132667076,82126854.0
GCLSTM,Sul,decline,2,161,5768.543042242595,6351.669317644224,19.978935575011693,21.99855165536887,22.58130558905649,269.3715453528069,73.92931732656702,28873125.0
GCLSTM,Centro-Oeste,decline,2,161,2453.7807917893765,3313.000622492755,15.10122473497184,20.389093889222654,22.927725622581555,46496.0306296815,42.08794014494019,16248886.0
GCLSTM,Brasil,decline,2,162,23356.88168102025,26801.893882290715,11.797446639692291,13.537505444314444,10.540144291668208,440.55429312584164,84.7154725870317,197982516.0
GCLSTM,Norte,decline,2,162,1518.6205054360037,1654.0796056913703,8.842386246566045,9.631116334683995,5.323560009231552,495.8284085245605,180.20679460713512,17174329.0
GCLSTM,Nordeste,decline,2,162,6350.390207381489,6849.360358887298,11.856741217488691,12.788362703484744,5.451365266858218,556.5585184831501,248.4703416881946,53559322.0
GCLSTM,Sudeste,decline,2,162,8770.255780760926,10408.916338102996,10.678913599638099,12.674193435076663,9.113862524369882,125968.16087542719,68.10683007793483,82126854.0
GCLSTM,Sul,decline,2,162,6215.165946616743,6775.884915502295,21.52578200875985,23.467791988232293,20.365453604339592,336.67121910970036,87.4062896766371,28873125.0
GCLSTM,Centro-Oeste,decline,2,162,2164.7956204366023,2916.6677525125456,13.322732527242806,17.94995516931158,22.577371927875927,42681.831130265484,35.81518563058323,16248886.0
GCLSTM,Brasil,decline,2,163,23075.190011216066,26451.640626699882,11.655165555738298,13.360594238887176,9.880598316389834,430.28243130160837,102.79856223683171,197982516.0
GCLSTM,Norte,decline,2,163,1615.2349117950387,1709.895676566896,9.404937519218588,9.95611343282696,4.911400016368536,505.67492528692577,178.6427411853021,17174329.0
GCLSTM,Nordeste,decline,2,163,6012.699826083594,6530.665053799087,11.226243353273954,12.193330329683947,5.271057851955775,529.0363593143281,332.820559386982,53559322.0
GCLSTM,Sudeste,decline,2,163,8441.939543744296,10057.496725307974,10.279146384621402,12.246294890716225,8.48800145960642,117452.16112162654,81.56529205137883,82126854.0
GCLSTM,Sul,decline,2,163,6360.76099124887,6838.543969239287,22.030040015581513,23.684807132027753,18.960291240876092,338.193715865407,115.87314523483514,28873125.0
GCLSTM,Centro-Oeste,decline,2,163,2337.781172525152,2996.5930406154434,14.387331984021257,18.44183681647741,21.231345588852957,43020.19914825986,51.799503292909456,16248886.0
GCLSTM,Brasil,decline,2,164,21919.965961777427,25398.766879937804,11.07166754147999,12.828792861657444,9.742130095708573,412.49087868848807,94.21698171544318,197982516.0
GCLSTM,Norte,decline,2,164,1502.9160562378722,1603.0184502995837,8.750944833057945,9.333805415626914,4.958397074372256,475.9947627537502,159.38237566338262,17174329.0
GCLSTM,Nordeste,decline,2,164,5977.384799149571,6449.377235428726,11.1603070687668,12.041558769972342,5.007931716866727,515.494703171737,334.37803568407537,53559322.0
GCLSTM,Sudeste,decline,2,164,7441.0889771727625,9375.630410580756,9.060482186706874,11.41603501648895,8.889818867754748,113811.41106278762,58.464273485322806,82126854.0
GCLSTM,Sul,decline,2,164,6170.284090519279,6656.134184144063,21.370336915450885,23.053043908977855,18.24929887060292,327.46740397149557,121.82818404364666,28873125.0
GCLSTM,Centro-Oeste,decline,2,164,2315.943368758665,3011.321010730799,14.252936285962404,18.532476692437864,19.594310269042698,43122.09426957007,58.08410927831838,16248886.0
GCLSTM,Brasil,decline,2,165,22844.611565685158,25691.50391556724,11.538701511241102,12.976652905839037,9.041851810338017,413.61460009334314,97.21390815326896,197982516.0
GCLSTM,Norte,decline,2,165,1508.0930217774946,1601.462688904071,8.78108845927835,9.324746771207604,4.821980848728348,472.6263805267121,173.27429456191896,17174329.0
GCLSTM,Nordeste,decline,2,165,5824.666986420996,6226.412741543124,10.875169380263992,11.625264303276886,5.015400069146377,491.2119395394189,313.31304050778743,53559322.0
GCLSTM,Sudeste,decline,2,165,8297.127081130922,9907.050544558095,10.102818599542267,12.063107329739058,7.798997661786374,112038.57928466971,91.27360884097655,82126854.0
GCLSTM,Sul,decline,2,165,6154.115711548928,6636.597579511982,21.31433889317117,22.985380278414553,17.024729557276135,330.5327341956048,129.18784344670934,28873125.0
GCLSTM,Centro-Oeste,decline,2,165,2349.739652329322,2938.6294172224716,14.460927674237617,18.085113140817604,18.870744185514237,41132.85618945049,58.37738618327086,16248886.0
GCLSTM,Brasil,decline,2,166,22756.60625609339,24988.680474423207,11.494250460022132,12.621660224998458,8.80875041919001,401.8277253099498,101.2765361286574,197982516.0
GCLSTM,Norte,decline,2,166,1471.0968114474383,1562.3664194967412,8.565672705160349,9.097103121156822,4.66934440304479,455.4830337065917,181.3960421356709,17174329.0
GCLSTM,Nordeste,decline,2,166,5822.050490356431,6156.990820724571,10.870284150266933,11.495647425717172,4.813487774580992,486.0416900473936,306.7253095939988,53559322.0
GCLSTM,Sudeste,decline,2,166,8145.2034423110945,9620.72336484167,9.917832043476418,11.714467188578379,7.731680202751222,106552.97369485084,92.92076096813861,82126854.0
GCLSTM,Sul,decline,2,166,5971.624691483782,6398.925153133655,20.682294318622535,22.16221885623276,16.538860035130135,316.30785730346196,118.80737732577393,28873125.0
GCLSTM,Centro-Oeste,decline,2,166,2450.990078483656,2960.364478967592,15.084049937230501,18.218876536936698,18.061018325526454,39996.7318006287,76.887346222735,16248886.0
GCLSTM,Brasil,decline,2,167,22971.81039715827,24883.922988249393,11.602949018568019,12.568747731365022,8.369678456411565,398.2497689039707,148.7643569645044,197982516.0
GCLSTM,Norte,decline,2,167,1489.667188760434,1577.7492065496804,8.673801397192484,9.186671610574598,4.393600620101311,473.3576492863903,220.43295558471618,17174329.0
GCLSTM,Nordeste,decline,2,167,5895.4311159274075,6201.0094252545105,11.007292280375408,11.577834060809266,4.612242290680795,481.3788933636971,304.3790448934199,53559322.0
GCLSTM,Sudeste,decline,2,167,8232.039481168742,9622.361464961317,10.023566081282915,11.716461786008894,7.213318338159563,105610.861742253,145.30178163801656,82126854.0
GCLSTM,Sul,decline,2,167,6005.357961573813,6361.183250085474,20.799127082966642,22.031502478811955,15.601013118795535,314.3178158589922,142.18044697597963,28873125.0
GCLSTM,Centro-Oeste,decline,2,167,2365.8014289929147,2845.097269537077,14.559776153226228,17.509491232427116,17.952439475504235,38569.45455562423,73.78601693702987,16248886.0
LSTM,Brasil,surge,1,78,42921.126773893055,42996.588289336054,21.6792510980581,21.71736634023585,2.5300574656107204,2251.8066883563074,828.5064197141451,197982516.0
LSTM,Norte,surge,1,78,3554.9769887610105,3559.8041862182854,20.699364666654578,20.727471717924384,1.5276121931016635,2880.1550264471975,1351.6744026924462,17174329.0
LSTM,Nordeste,surge,1,78,20862.33030644389,20891.381068798215,38.951819267697026,39.00605961516506,1.2878910222681494,80449.236627009,2843.448549451578,53559322.0
LSTM,Sudeste,surge,1,78,11402.76898301277,11476.830540868112,13.884336763968541,13.974516229329947,2.66965054412917,95899.33451613561,420.15654278159445,82126854.0
LSTM,Sul,surge,1,78,4794.46880831717,4824.558629632403,16.605299247369903,16.70951318789498,2.875635108837899,1415.07551640318,457.66547500708555,28873125.0
LSTM,Centro-Oeste,surge,1,78,2306.5816873582403,2497.6026934856427,14.195321989201231,15.370916464584974,6.364392358608676,3078.6432072492307,333.1785122974595,16248886.0
LSTM,Brasil,surge,1,79,42717.38292208257,42787.25544528028,21.576341075533442,21.611633345077948,2.576814840342795,2217.808230444928,804.1654437275956,197982516.0
LSTM,Norte,surge,1,79,3518.5441324252215,3522.1221256509543,20.487229122169612,20.508062502185407,1.6436491725865803,2767.0627777792065,1177.4056021435608,17174329.0
LSTM,Nordeste,surge,1,79,20778.322237584885,20807.433578997337,38.79496875928505,38.84932221322244,1.3080289094444075,80463.59772779323,2537.224110881009,53559322.0
LSTM,Sudeste,surge,1,79,11407.28636781944,11460.48216949924,13.889837260562107,13.954609986033606,2.6532995306540985,93151.34036473013,410.1920430004287,82126854.0
LSTM,Sul,surge,1,79,4885.441050134827,4908.177440750122,16.920375089758473,16.999120949845647,2.8330844163046516,1410.063726265837,466.397474654477,28873125.0
LSTM,Centro-Oeste,surge,1,79,2127.7891341182153,2307.7056818385017,13.094984690754893,14.202239352522394,6.903330388345993,2911.0370943582084,248.14476269586507,16248886.0
LSTM,Brasil,surge,1,80,42965.83746101579,43068.192880246446,21.701834247331107,21.75353346870612,2.459271991377835,2279.5477538549494,834.895602626414,197982516.0
LSTM,Norte,surge,1,80,3521.6487395981594,3525.654164788269,20.505306143827564,20.528628307913916,1.688566721213536,2769.9946554498238,1152.5615599150533,17174329.0
LSTM,Nordeste,surge,1,80,20789.585156909652,20827.404005786848,38.81599762765789,38.88660876959355,1.2692201363828395,84678.75222640543,2890.7167915263917,53559322.0
LSTM,Sudeste,surge,1,80,11401.989281024396,11472.845069287236,13.88338737658744,13.969663405452296,2.5071841033552333,92161.12638092763,480.2303191488255,82126854.0
LSTM,Sul,surge,1,80,4867.754044582122,4887.847216159431,16.859117413103437,16.928708673409723,2.8461959596758724,1390.0898139350732,482.6833721492735,28873125.0
LSTM,Centro-Oeste,surge,1,80,2384.860238901497,2515.567639015321,14.677069178167025,15.481477554924819,6.266803242618406,3046.260821338704,261.9145299726383,16248886.0
LSTM,Brasil,surge,1,81,43321.04369750144,43448.30280615154,21.88124717917083,21.945525132204878,2.3312664563567584,2392.760697029986,877.2455557913522,197982516.0
LSTM,Norte,surge,1,81,3527.5866748012522,3533.4645184056394,20.539880625328955,20.574105214856658,1.7309888431370646,2830.415594305338,1155.588740557386,17174329.0
LSTM,Nordeste,surge,1,81,20868.66028915844,20906.457470347348,38.96363790631711,39.03420859275879,1.1980040406035959,90790.5538506178,3272.947519881024,53559322.0
LSTM,Sudeste,surge,1,81,11547.875307923028,11637.180276749876,14.061022364162431,14.16976264152268,2.2673112758441363,94105.22135086833,624.3128450399729,82126854.0
LSTM,Sul,surge,1,81,4869.621991133344,4889.526498434801,16.865586912166048,16.934524747268615,2.857823179671246,1395.2260207446495,465.15504204638745,28873125.0
LSTM,Centro-Oeste,surge,1,81,2507.2994344853737,2638.8685232493312,15.43059280793387,16.240304247622458,6.088769065289201,3198.1325758575963,266.44267671117757,16248886.0
LSTM,Brasil,surge,1,82,43219.80150872348,43334.263894024305,21.830110245049863,21.88792463574122,2.252399464692573,2512.703756821029,889.5090370662534,197982516.0
LSTM,Norte,surge,1,82,3496.6276456445653,3502.23405995516,20.359617226644286,20.39226138008163,1.8553438847948514,2764.732786482635,974.2014482109064,17174329.0
LSTM,Nordeste,surge,1,82,20792.72813536059,20816.743315163712,38.82186584692127,38.8667043155694,1.2080063015643794,90259.98800431564,3099.5227679545,53559322.0
LSTM,Sudeste,surge,1,82,11657.901495538772,11756.94284324767,14.194993388567852,14.315588958573366,2.0552699684104345,102690.85080664104,866.6848026139207,82126854.0
LSTM,Sul,surge,1,82,4940.005081352041,4967.151615650764,17.109353702974794,17.203373779771894,2.7118644115379733,1466.4989282654276,512.7808587219736,28873125.0
LSTM,Centro-Oeste,surge,1,82,2332.539150827535,2456.492667448463,14.35507117735662,15.117914344703157,6.2944974519578,2400.3767581662864,247.3481164011949,16248886.0
LSTM,Brasil,surge,1,83,42681.17681379805,42736.59142923557,21.55805354741428,21.586043198499187,2.2938894200811624,1960.8936469304756,886.9027981106841,197982516.0
LSTM,Norte,surge,1,83,3464.096748149729,3468.8602252040214,20.17020139855088,20.197937428612327,1.9019250292055103,1818.0409326119548,1007.136542015845,17174329.0
LSTM,Nordeste,surge,1,83,20734.576385982124,20750.739592828406,38.7132913780763,38.7434695174603,1.208939845937122,85525.49944154685,3002.0625331685605,53559322.0
LSTM,Sudeste,surge,1,83,11474.602150916433,11564.47343611627,13.971802878162643,14.081232718492139,2.029438848742093,102948.56589911245,856.3945566794196,82126854.0
LSTM,Sul,surge,1,83,4783.509624793056,4804.660921516217,16.567342900337447,16.64059890128352,2.921154441512783,1125.2023667048945,483.83022290761926,28873125.0
LSTM,Centro-Oeste,surge,1,83,2224.3919039567077,2329.515553573267,13.68950403096377,14.336463149370774,6.5063801158238945,427.588969011229,243.54278108421,16248886.0
LSTM,Brasil,surge,1,84,42318.50822979381,42356.17929677993,21.374871420360076,21.393898891950606,2.46132844729411,1885.2748221094541,870.8110469949268,197982516.0
LSTM,Norte,surge,1,84,3448.378787748021,3452.688666345949,20.078681314117254,20.103776201946225,1.929374632095767,1689.9012685621358,1048.6419607847488,17174329.0
LSTM,Nordeste,surge,1,84,20833.87061245795,20852.237357867674,38.898682497246604,38.9329748383814,1.1678638959769023,82949.40542038615,2979.0532807784625,53559322.0
LSTM,Sudeste,surge,1,84,10927.461211996038,11086.970761555942,13.305588464396843,13.499811841758778,2.553975820254064,98923.33692860456,724.734457084048,82126854.0
LSTM,Sul,surge,1,84,4706.247891647484,4727.084932895061,16.299752422529547,16.371920022148835,2.9322868842957632,1042.1335769398208,462.9748462778741,28873125.0
LSTM,Centro-Oeste,surge,1,84,2402.549725944346,2489.716937881296,14.785935023141562,15.3223854107986,5.981948577233264,475.39771050866955,313.328487629553,16248886.0
LSTM,Brasil,surge,1,85,42582.284606197514,42654.4804010346,21.50810357728635,21.544569319966918,2.4136691158989305,1878.543624219905,903.3479893769465,197982516.0
LSTM,Norte,surge,1,85,3453.5086852888858,3457.903503330025,20.108550880147256,20.134140340097275,1.9497538920174586,1677.7405600204886,1006.339047435301,17174329.0
LSTM,Nordeste,surge,1,85,20923.91860705933,20948.49227735541,39.066810082210026,39.11269130209566,1.1218534950064671,80590.57669780309,3122.8661561489957,53559322.0
LSTM,Sudeste,surge,1,85,11043.648792144055,11208.022490141466,13.447061776095861,13.647207879339279,2.4937032049418852,96845.83497204666,739.1805223681006,82126854.0
LSTM,Sul,surge,1,85,4753.5549380152615,4770.584568847104,16.463596988601896,16.522577895004794,2.941192854568287,1038.2203918795933,459.2881617446716,28873125.0
LSTM,Centro-Oeste,surge,1,85,2407.6535836899848,2510.28455925484,14.817345531810517,15.448964065935597,5.820179241832323,492.54377156816537,396.53310282053525,16248886.0
LSTM,Brasil,surge,1,86,42218.51495828156,42320.32616755013,21.32436530823841,21.37578965182467,2.5062097547343307,1838.7126677317233,826.2717526744457,197982516.0
LSTM,Norte,surge,1,86,3456.3554529032726,3460.2014441242695,20.125126593902287,20.147520430779387,2.021705145478459,1650.144202087582,834.5488696414463,17174329.0
LSTM,Nordeste,surge,1,86,20804.116628433247,20831.122371733276,38.84312917260836,38.89355128829539,1.1896021435579986,78399.41921614218,3079.589887911434,53559322.0
LSTM,Sudeste,surge,1,86,10842.625183166334,11022.80134289095,13.202289695848249,13.421677327236901,2.6625186925920334,93985.88159908133,744.77637356468,82126854.0
LSTM,Sul,surge,1,86,4811.182699213337,4833.509233672172,16.663186611124836,16.740512963775732,2.846690744188545,1054.9264428699173,479.6177424383354,28873125.0
LSTM,Centro-Oeste,surge,1,86,2310.0873252686274,2422.4608885746543,14.21689662459708,14.908473655207219,5.963046184570274,464.4634418056558,337.953830508393,16248886.0
LSTM,Brasil,surge,1,87,41418.642875846126,41546.210826621245,20.920353833591108,20.984787781271173,2.683678526369781,1785.0983974521582,693.855529595947,197982516.0
LSTM,Norte,surge,1,87,3395.4252448815246,3398.535231881822,19.770351696893222,19.788460043369508,2.2142682905310997,1322.5667780697333,695.4653154580084,17174329.0
LSTM,Nordeste,surge,1,87,20791.09546507191,20824.49921827466,38.818817506823386,38.88118527391863,1.195603500288498,81409.37858308952,3000.3332861030262,53559322.0
LSTM,Sudeste,surge,1,87,10377.978270079197,10566.817573167125,12.636522360979756,12.866458482833307,2.90978425391951,93009.91575604242,419.8399034340223,82126854.0
LSTM,Sul,surge,1,87,4606.211513874742,4626.291420634386,15.953283594604818,16.022828913165394,3.1361344030647977,910.6619829797054,469.7012364979734,28873125.0
LSTM,Centro-Oeste,surge,1,87,2266.8401458911735,2374.76895007408,13.950741890189725,14.61496468172698,6.138003219672882,446.3331565328222,283.307057532213,16248886.0
LSTM,Brasil,surge,1,88,41501.006996863165,41654.105462919564,20.961955548066257,21.039284834080785,2.6944298361372816,1836.0165522319317,695.98449990021,197982516.0
LSTM,Norte,surge,1,88,3420.217353715336,3426.569611234075,19.91470731529212,19.95169424804937,2.2126046733633595,1360.522346804149,725.1702656396917,17174329.0
LSTM,Nordeste,surge,1,88,20758.21481709633,20793.966275595994,38.75742642353899,38.82417756445086,1.2233431014669098,86803.24372110206,2534.7559203721785,53559322.0
LSTM,Sudeste,surge,1,88,10539.984374644755,10735.633664093984,12.833785614927798,13.07201377042153,2.847946120494095,97155.55705097145,439.2484236261866,82126854.0
LSTM,Sul,surge,1,88,4600.556045828015,4625.026438839898,15.933696286176211,16.01844773934203,3.1846224088257165,908.6127126595978,464.60582803960244,28873125.0
LSTM,Centro-Oeste,surge,1,88,2205.7286146700458,2314.8785689008337,13.574645145950594,14.246383222214948,6.405713863903735,434.9439609392726,280.18837092068213,16248886.0
LSTM,Brasil,surge,1,89,41283.230692327445,41426.951285766336,20.851957802338184,20.924550370784427,2.6813695188986038,1872.2507514974573,723.01783272841,197982516.0
LSTM,Norte,surge,1,89,3410.467054431559,3418.711795840809,19.85793479577315,19.905940988092222,2.287883135626434,1330.6325933944293,692.1251419068501,17174329.0
LSTM,Nordeste,surge,1,89,20694.12057817533,20723.866150913957,38.637756800161384,38.69329442018321,1.2110736604642296,93463.11338767735,2447.625815801325,53559322.0
LSTM,Sudeste,surge,1,89,10368.22701321067,10570.469108195317,12.62464895247378,12.870904696039274,2.826898541588001,194301.51225165947,422.1451345082447,82126854.0
LSTM,Sul,surge,1,89,4659.735921094199,4696.341156774451,16.138661544582373,16.2654411560039,3.073050538411341,972.498940654411,460.04667451836235,28873125.0
LSTM,Centro-Oeste,surge,1,89,2176.0729333138434,2284.068957694838,13.392136133602287,14.056772616257126,6.512094781220959,425.635468735423,259.8907018887983,16248886.0
LSTM,Brasil,surge,1,90,40904.406580615316,41009.67638275927,20.660615597296136,20.71378685921906,2.696414136951276,1408.286821542106,747.5039381698651,197982516.0
LSTM,Norte,surge,1,90,3394.5973925094145,3403.9764953968684,19.7655314074245,19.820142582553697,2.279980981580842,1498.0143689817821,667.7526915910812,17174329.0
LSTM,Nordeste,surge,1,90,20646.503495172456,20668.66690261326,38.54885148690354,38.59023253246794,1.2138742925991595,19993.349429931197,2554.4506987543605,53559322.0
LSTM,Sudeste,surge,1,90,10204.404852642843,10402.023706919103,12.425174416936564,12.665800770743152,2.826898541588,196932.01855825,423.1538932938401,82126854.0
LSTM,Sul,surge,1,90,4570.938991986724,4609.869797482657,15.831119741928608,15.965953797805597,3.1574097529674745,841.8246787371626,437.1489946242534,28873125.0
LSTM,Centro-Oeste,surge,1,90,2106.8624671190987,2220.6260330032046,12.966196372595011,13.666327851664443,6.544624483418112,362.41880292420865,244.99257464301957,16248886.0
LSTM,Brasil,surge,1,91,41192.809124100124,41266.341280767054,20.806286310706408,20.843427043207722,2.640132110352972,1411.22082124138,769.1294241287574,197982516.0
LSTM,Norte,surge,1,91,3404.6039250854583,3411.190531723381,19.82379588213,19.8621473463294,2.3298893520126263,1443.2732395041035,672.0791123629484,17174329.0
LSTM,Nordeste,surge,1,91,20733.031737189314,20751.981184617132,38.710407381910684,38.74578767934578,1.2097400203259845,19383.151011720063,2739.9226463186405,53559322.0
LSTM,Sudeste,surge,1,91,10340.82441676516,10528.508116066998,12.591282769415665,12.819811795137067,2.7382725783133055,193022.08154074542,593.4877920082045,82126854.0
LSTM,Sul,surge,1,91,4541.834745209015,4581.907060930697,15.730319268208808,15.869106862976201,3.1529567794631674,862.5626589337171,417.75748328819043,28873125.0
LSTM,Centro-Oeste,surge,1,91,2172.762463541561,2299.9217752960067,13.371762615243659,14.15433510516356,6.275595063298845,400.1921704827568,282.73340897865603,16248886.0
LSTM,Brasil,peak,1,92,41618.464793905034,41665.082554768356,21.02128290656991,21.044829309456983,2.6379674151463215,1405.913937030859,787.6964613937441,197982516.0
LSTM,Norte,peak,1,92,3439.1636445270974,3443.48253290307,20.025024817721246,20.050172166278344,2.3494368063567066,1432.3503447161152,691.5723795891727,17174329.0
LSTM,Nordeste,peak,1,92,20740.598523698798,20759.301726133246,38.72453524280759,38.75945577902059,1.2269439083494997,19125.140803894323,2780.663211322781,53559322.0
LSTM,Sudeste,peak,1,92,10154.120652074385,10342.310298338527,12.363946940028148,12.59309202120238,2.925178559882798,189755.3553424262,531.021608809816,82126854.0
LSTM,Sul,peak,1,92,4661.364138740505,4692.914457772203,16.144300759756714,16.253573029494394,3.0611759260878686,876.0265603079666,462.5321948285681,28873125.0
LSTM,Centro-Oeste,peak,1,92,2623.217834864241,2661.5083761188016,16.143985716093034,16.379635970852412,5.390259600813632,454.97037598842815,312.50763220066005,16248886.0
LSTM,Brasil,peak,1,93,42331.41488136091,42433.4677628557,21.381390506907646,21.432936917952745,2.420235344068871,1527.2403433789098,953.465623861147,197982516.0
LSTM,Norte,peak,1,93,3482.116673785228,3485.956162974439,20.275125006544524,20.29748098440666,2.2982807221058517,1446.8619354813097,773.9101783717781,17174329.0
LSTM,Nordeste,peak,1,93,20810.99411629184,20835.445757593086,38.85597005184614,38.90162343278559,1.12812157195242,20758.682271279617,3068.2525696415514,53559322.0
LSTM,Sudeste,peak,1,93,10592.616055936602,10831.899367082571,12.897871451324072,13.189229636243672,2.5636298585654647,190662.14873975655,891.2527240525682,82126854.0
LSTM,Sul,peak,1,93,4755.645606948682,4781.059860567398,16.470837870679677,16.558858317440173,2.975579766918264,885.1127408820074,518.8117834582866,28873125.0
LSTM,Centro-Oeste,peak,1,93,2690.042428398562,2724.670778410642,16.555242177208715,16.76835432540201,5.096613102312558,467.766905493046,401.7799637405501,16248886.0
LSTM,Brasil,peak,1,94,42123.28858386095,42250.90348201224,21.276266932510826,21.340724593080854,2.4913455216692593,1523.4236785086202,850.4157968956215,197982516.0
LSTM,Norte,peak,1,94,3536.332281272777,3542.331120991001,20.590803176489615,20.625732283287462,2.149803311983254,1588.9136040608266,856.7338214344443,17174329.0
LSTM,Nordeste,peak,1,94,20753.932804015258,20782.14638158193,38.749431525692685,38.802108774980255,1.184000873290001,21540.331857449924,2652.2112267128286,53559322.0
LSTM,Sudeste,peak,1,94,10202.270025841786,10471.009482362664,12.422574990930235,12.749799818659392,2.9030872968500825,190817.2788744807,520.86896638146,82126854.0
LSTM,Sul,peak,1,94,4862.072332515394,4896.180585659135,16.83943921039165,16.957570701678932,2.7554046765223,980.3752272412981,560.6730029948084,28873125.0
LSTM,Centro-Oeste,peak,1,94,2768.6811402157364,2806.702196751194,17.039205889042094,17.273197662604034,4.611305106751797,518.562102746834,465.1719175238564,16248886.0
LSTM,Brasil,peak,1,95,42218.589697752665,42392.309766609265,21.324403058779527,21.412148215456188,2.4371921111281263,1598.972846674074,893.0596478510813,197982516.0
LSTM,Norte,peak,1,95,3566.611635821383,3573.3892445599745,20.76710907204225,20.806572673435884,2.0957359079409748,1642.1468297312144,899.4653756679696,17174329.0
LSTM,Nordeste,peak,1,95,20748.71549990861,20781.1668149944,38.73969035662664,38.80027983736314,1.1691975258560967,22308.241395442765,2545.420550245879,53559322.0
LSTM,Sudeste,peak,1,95,10006.254519321172,10320.38614351409,12.183900919084483,12.56639654492803,2.9295272398541985,190628.49047052138,500.93617910834087,82126854.0
LSTM,Sul,peak,1,95,4968.374270837025,5004.152795867505,17.207608358419897,17.33152471673054,2.5819858654664234,1027.6894219359035,759.365960156531,28873125.0
LSTM,Centro-Oeste,peak,1,95,2928.633771864498,2960.208640536557,18.023597259925992,18.217917465459216,4.231938412830398,577.0442598898622,525.8740960048003,16248886.0
LSTM,Brasil,peak,1,96,41915.59058736007,42082.65947506246,21.171359690852736,21.255745368476102,2.4227969024149556,1655.4011294307077,919.531593525782,197982516.0
LSTM,Norte,peak,1,96,3606.02815500548,3612.7602894411298,20.996617422465125,21.03581624319139,2.046243442108091,1682.3433758648061,946.362460632648,17174329.0
LSTM,Nordeste,peak,1,96,20730.056253198836,20759.35376911578,38.70485188964647,38.759552947880444,1.1555944549673791,23200.16648002792,2462.5286104994984,53559322.0
LSTM,Sudeste,peak,1,96,9819.219119791465,10134.482389208766,11.9561612816576,12.340034831005175,2.937093931645443,178138.1217374405,495.9013106696089,82126854.0
LSTM,Sul,peak,1,96,4898.526062898576,4934.5725443256215,16.96569409407044,17.090538500164502,2.6398745974507896,1001.3309296188015,643.6960423549224,28873125.0
LSTM,Centro-Oeste,peak,1,96,2861.760996465731,2900.0767789811284,17.612044274701237,17.847849870945787,4.012582717867406,25937.863038750533,554.9171664996666,16248886.0
LSTM,Brasil,peak,1,97,41660.111258959,41808.729792517406,21.042318332270813,21.11738482630325,2.4027734886152814,1731.3773170012369,936.4519714422602,197982516.0
LSTM,Norte,peak,1,97,3568.139033939628,3574.8056489243377,20.776002567201477,20.814819891503987,2.0441639293771545,1664.7664172323973,951.3570474988636,17174329.0
LSTM,Nordeste,peak,1,97,20676.82044750423,20702.600086220133,38.60545592325502,38.65358879303986,1.153727366486519,24424.511301683706,2462.4260231410476,53559322.0
LSTM,Sudeste,peak,1,97,9694.918250032142,9999.138592951715,11.80480899710604,12.175236364163803,2.9344847268408465,170966.53370413877,482.3777485042542,82126854.0
LSTM,Sul,peak,1,97,4968.3652480883,5001.653803969241,17.207577108776068,17.32286963731581,2.4951527691716002,1083.6526947311183,819.8868847083177,28873125.0
LSTM,Centro-Oeste,peak,1,97,2751.8682793946896,2791.494104448494,16.93573503681846,17.179602986004664,4.04731036665255,24062.726691314758,537.9773001345011,16248886.0
LSTM,Brasil,peak,1,98,42531.84523866115,42645.43869858543,21.482626899569834,21.540002400305607,2.210368330993196,1771.7146231346057,1148.1769478102833,197982516.0
LSTM,Norte,peak,1,98,3522.96721798924,3529.2109150915044,20.51298317383602,20.54933799795907,2.0861701448512453,1563.6039171021218,921.1042403538904,17174329.0
LSTM,Nordeste,peak,1,98,20751.443744980937,20775.711904224234,38.744784231923134,38.79009503560227,1.0935804393343698,23854.285887240716,3229.066924962293,53559322.0
LSTM,Sudeste,peak,1,98,10718.492347775373,10891.131817913252,13.051142014736582,13.26135275790943,2.4566525051253727,175300.3662912854,649.3150982310085,82126854.0
LSTM,Sul,peak,1,98,4865.32143470626,4897.6738640462145,16.85069224306777,16.962742564395832,2.532755708379573,956.2812601209343,786.4187608612478,28873125.0
LSTM,Centro-Oeste,peak,1,98,2673.620493209367,2712.176662810359,16.454177186112126,16.691462188917807,4.205123377455981,24382.52653290756,423.8796374342319,16248886.0
LSTM,Brasil,peak,1,99,42126.64498059409,42219.02743182727,21.27796223207613,21.32462415611855,2.448340282718231,1721.546722493041,1102.211088066788,197982516.0
LSTM,Norte,peak,1,99,3488.633219301761,3494.9481354471463,20.313068529790954,20.34983803703275,2.245876946204265,1504.5046231440576,876.6011285670593,17174329.0
LSTM,Nordeste,peak,1,99,20760.16307482586,20780.29463154145,38.76106399335276,38.79865139357337,1.1345230299658202,23365.44610773936,3183.210862051983,53559322.0
LSTM,Sudeste,peak,1,99,10494.882387355727,10680.881027271325,12.778868148724808,13.005345398073235,2.8415970648313773,171938.77528099652,632.7177468620987,82126854.0
LSTM,Sul,peak,1,99,4887.623051879091,4912.359330195246,16.927932296483636,17.013604624353082,2.546609417090453,948.7321072118523,764.6905246958569,28873125.0
LSTM,Centro-Oeste,peak,1,99,2495.3432472316713,2543.837393892743,15.357011226687609,15.655457204221527,4.830660763738474,23625.716043485863,346.68393637315216,16248886.0
LSTM,Brasil,peak,1,100,42176.1718734879,42269.75564111289,21.30297802331591,21.35024672638916,2.5061015187466995,1711.294087962679,1073.90371451469,197982516.0
LSTM,Norte,peak,1,100,3488.8130585389185,3495.3335545745995,20.314115669607347,20.352082195319536,2.3232349205447984,1480.7257366371484,872.8341123697793,17174329.0
LSTM,Nordeste,peak,1,100,20718.175750165647,20740.19254817592,38.68266993776666,38.72377725053338,1.2114737515360636,23365.961529335003,2906.8837141499657,53559322.0
LSTM,Sudeste,peak,1,100,10711.299380959337,10862.038029684212,13.042383653170662,13.22592733149648,2.8042854569891236,171084.01241785704,621.7836294516918,82126854.0
LSTM,Sul,peak,1,100,4836.86285319588,4858.1878895442605,16.752127984746647,16.825985720438158,2.6430906269994376,918.9913312962861,747.6969605833838,28873125.0
LSTM,Centro-Oeste,peak,1,100,2421.0208306281224,2471.4035668028114,14.899611152593,15.209680016235028,5.216181715469442,23385.721964561326,319.92260666572906,16248886.0
LSTM,Brasil,peak,1,101,42158.71966505769,42288.76314870435,21.294162998240555,21.359847325459967,2.642296809567915,1726.284183961756,1053.813659210528,197982516.0
LSTM,Norte,peak,1,101,3484.6527500979346,3492.1188196460935,20.289891675523013,20.333363938970155,2.4130699929473147,1474.5601099440753,871.9359061884127,17174329.0
LSTM,Nordeste,peak,1,101,20713.554369620597,20745.41160389513,38.67404141079418,38.73352169001529,1.2710872222820717,24404.886956437997,2920.8045188065016,53559322.0
LSTM,Sudeste,peak,1,101,10640.68042575993,10815.940072300598,12.95639599899922,13.16979714369748,3.0604223237462054,174160.87411933468,607.1856550882335,82126854.0
LSTM,Sul,peak,1,101,4921.385300071757,4936.823299297218,17.04486542441027,17.098333828767124,2.5755537723987816,926.5319296507599,751.892721771465,28873125.0
LSTM,Centro-Oeste,peak,1,101,2398.4468195074624,2446.3113134950045,14.760684637134277,15.055255563335262,5.4096015698858215,23724.237214864123,310.76766982750587,16248886.0
LSTM,Brasil,peak,1,102,41523.22677640884,41769.30376495601,20.97317864998182,21.09747093271408,3.0609484950319916,1728.5693338993744,1075.9410547000566,197982516.0
LSTM,Norte,peak,1,102,3472.3458004211707,3481.2421437572,20.218232691484896,20.270032929712713,2.53077057673805,1484.819557336057,864.2798248334644,17174329.0
LSTM,Nordeste,peak,1,102,20688.894486633297,20728.513946833737,38.62799922417482,38.70197226700095,1.3701762845832222,25235.37257234337,2803.80674297752,53559322.0
LSTM,Sudeste,peak,1,102,10057.212681576759,10469.567030093096,12.245949030967093,12.748043447631751,3.8390957569546256,179591.29088293613,605.5518650037469,82126854.0
LSTM,Sul,peak,1,102,4876.482259470234,4890.5244324947025,16.889346960089128,16.937981020394233,2.785338570042251,908.0984598014705,768.4112409330993,28873125.0
LSTM,Centro-Oeste,peak,1,102,2428.2915483074066,2484.734228461259,14.944357098126028,15.29172048139952,5.751163472873667,24222.876113823037,314.1816543539709,16248886.0
LSTM,Brasil,peak,1,103,40966.356733656066,41251.21242267967,20.691906316442644,20.83578553102117,3.127368501692591,1625.5631493271342,1124.5379029578694,197982516.0
LSTM,Norte,peak,1,103,3469.794876826237,3478.0332362246445,20.203379572070837,20.25134860421414,2.597730983437277,1479.5141980455903,873.0362744923272,17174329.0
LSTM,Nordeste,peak,1,103,20549.26337602795,20586.088151106385,38.367295568132754,38.436050686202464,1.486869322957345,17806.79110799763,2156.144352537554,53559322.0
LSTM,Sudeste,peak,1,103,9739.36193705702,10218.87616399526,11.858924898130178,12.442795098415994,3.861882804195049,95494.9732453998,612.5321604483324,82126854.0
LSTM,Sul,peak,1,103,4745.709359158349,4759.555704437558,16.436424388279235,16.48438021321751,3.0183778183644128,843.7818117712162,531.6646997804319,28873125.0
LSTM,Centro-Oeste,peak,1,103,2462.22718458651,2524.7813933500443,15.153206100322876,15.53818146887143,5.57576684019502,23635.86088261419,401.13792215599995,16248886.0
LSTM,Brasil,peak,1,104,40549.13854804488,40815.05731561046,20.48117145255639,20.615485720774686,3.1340429725283894,1525.6305333440287,1132.6753055598078,197982516.0
LSTM,Norte,peak,1,104,3434.276316165339,3440.8830949799635,19.99656764561421,20.035036565212902,2.6060490411828137,1318.647345229116,883.834027776857,17174329.0
LSTM,Nordeste,peak,1,104,20497.324782590385,20530.364848255696,38.27032161196959,38.33201034220653,1.486735960087731,17643.15984967491,2047.5197404298315,53559322.0
LSTM,Sudeste,peak,1,104,9523.970701660366,10014.85745720809,11.596658386135632,12.194376101644039,3.870928044722561,9465.1494723623,616.5170233041451,82126854.0
LSTM,Sul,peak,1,104,4715.6186609475835,4731.385581431153,16.332207410689293,16.38681501026007,3.026294225672254,841.5735252423796,514.0533287990634,28873125.0
LSTM,Centro-Oeste,peak,1,104,2377.948086681164,2443.458788088435,14.634529940582784,15.037700357356407,5.588954558270319,22343.834844018373,376.49648198865646,16248886.0
LSTM,Brasil,peak,1,105,40210.37037604669,40436.93699004288,20.310061306649263,20.424498994670255,3.281097801284454,1451.3113471096094,811.8896249297418,197982516.0
LSTM,Norte,peak,1,105,3452.735162106518,3457.3850407338628,20.104046930197494,20.13112151708438,2.6147829959588123,1301.4130111572272,872.8965044826859,17174329.0
LSTM,Nordeste,peak,1,105,20460.53930116776,20488.75134607277,38.201639858637044,38.254314246309484,1.6447716769480087,17007.332123160922,2065.6973249613284,53559322.0
LSTM,Sudeste,peak,1,105,9339.065616255451,9833.540588432026,11.371512679951739,11.97359951037699,4.049919433639734,9305.347423263567,402.2621544450218,82126854.0
LSTM,Sul,peak,1,105,4646.314416663952,4662.646843282056,16.092177125489368,16.148743315044893,3.1015000875916723,724.5106023506703,507.69503848353634,28873125.0
LSTM,Centro-Oeste,peak,1,105,2311.715879852991,2378.632568781815,14.226919186047528,14.638742426907388,5.812266569362653,21902.990199438784,301.2912520865116,16248886.0
LSTM,Brasil,peak,1,106,40872.41370468529,41120.15033356325,20.64445615222169,20.76958671116355,3.0599022221829775,1574.2785841495286,1081.4693407207237,197982516.0
LSTM,Norte,peak,1,106,3499.613698576096,3506.841881213718,20.377003949185415,20.419091081891573,2.462978343881729,1408.0157245327994,872.3648696629066,17174329.0
LSTM,Nordeste,peak,1,106,20549.200860878318,20578.478994642028,38.367178846809,38.42184371684546,1.5844913883595972,16790.153456857388,2634.587066692783,53559322.0
LSTM,Sudeste,peak,1,106,9771.311092070497,10303.532933346503,11.897827100585754,12.545875595510456,3.702721353131194,9465.212764968563,970.7175725701289,82126854.0
LSTM,Sul,peak,1,106,4694.9530683399735,4717.87159115896,16.260633611152148,16.340010273079066,2.971126754269315,766.5575684027741,684.4032782200063,28873125.0
LSTM,Centro-Oeste,peak,1,106,2357.3349848204284,2442.453877658308,14.507671386336446,15.03151586920056,5.462792073902648,22063.469897588348,366.8759854189757,16248886.0
LSTM,Brasil,decline,1,107,39499.95143522766,39701.894828630546,19.95123217609158,20.05323279588514,3.5118180254334392,1424.9502472351576,795.3896050900225,197982516.0
LSTM,Norte,decline,1,107,3446.6947795993933,3452.5357552072605,20.068875934538074,20.102885854855003,2.6942204846126225,1345.1784344791067,844.1674491580795,17174329.0
LSTM,Nordeste,decline,1,107,20315.928027604325,20337.720005330397,37.931637797066074,37.97232535044114,1.8734900406730945,15227.151435310258,2208.6849074312045,53559322.0
LSTM,Sudeste,decline,1,107,8637.118766163327,9271.594187646002,10.516802173091065,11.289357543935632,4.607506301864443,7402.41128677268,373.77870002195823,82126854.0
LSTM,Sul,decline,1,107,4756.058342544839,4788.1985815356575,16.472267350849066,16.583582766103973,2.828878804186512,828.654988411104,863.2928439071077,28873125.0
LSTM,Centro-Oeste,decline,1,107,2344.1515193157297,2438.2649903755655,14.426536805758436,15.00573633402047,5.451802318974681,21989.989220869465,395.79227597397573,16248886.0
LSTM,Brasil,decline,1,108,37763.439075741575,38442.66725112522,19.07412828097486,19.417203108543795,4.4250660476726305,1409.4265170902504,723.3491358790369,197982516.0
LSTM,Norte,decline,1,108,3190.4912065287217,3253.7241308437556,18.577093792303163,18.94527658602415,3.929036862378681,1178.488047588367,696.1336261693417,17174329.0
LSTM,Nordeste,decline,1,108,20102.925817445095,20148.86398325562,37.53394379683353,37.61971442292645,2.311322316022527,15767.630665202207,1968.0080268237903,53559322.0
LSTM,Sudeste,decline,1,108,8454.827672140582,9231.166661002857,10.294839337375059,11.24013183434843,5.697631709906019,7515.199509711226,367.567737307892,82126854.0
LSTM,Sul,decline,1,108,4400.509687083272,4475.943165014623,15.240850053755082,15.502108500602631,3.76746789259895,704.0172457563922,710.506896524121,28873125.0
LSTM,Centro-Oeste,decline,1,108,2073.1971982948476,2231.0370689468646,12.75901128418802,13.730400157566892,6.6532033460896995,21986.02804070515,305.20979694358454,16248886.0
LSTM,Brasil,decline,1,109,35750.122360524234,36837.326341936976,18.05721186032621,18.606353271082266,5.3359689919709306,1322.8988971729657,436.738370252668,197982516.0
LSTM,Norte,decline,1,109,3095.6867289134184,3177.274225824748,18.025081090000185,18.500136021761016,4.449747580588577,1147.0168155896686,505.8121561859858,17174329.0
LSTM,Nordeste,decline,1,109,19768.928074702537,19853.914722995887,36.91034041600179,37.06901801892841,2.9159923011549447,16412.763133983666,1461.7931345826682,53559322.0
LSTM,Sudeste,decline,1,109,7684.198473753342,8636.03708908396,9.356499244148987,10.515485092225694,7.067898655758622,7583.465672790297,215.09174451102916,82126854.0
LSTM,Sul,decline,1,109,4156.262682257735,4263.25758645571,14.394918050116623,14.76548723581431,4.492066588652868,641.8055288380507,476.80969548669145,28873125.0
LSTM,Centro-Oeste,decline,1,109,1964.5388864825559,2140.237422760759,12.090298907153116,13.171594795857136,6.995204821705659,22073.760602613704,229.4878631993755,16248886.0
LSTM,Brasil,decline,1,110,35023.731395027455,36271.967871362045,17.690315338263233,18.32079347418842,5.560591999115289,1118.0170634466406,441.6188059492104,197982516.0
LSTM,Norte,decline,1,110,3064.9124973131015,3156.37679725295,17.845893701658454,18.37845773918125,4.634824465230338,1119.9054145617295,403.13879728306466,17174329.0
LSTM,Nordeste,decline,1,110,19600.761098712566,19705.020546100975,36.596357770758495,36.79101939733475,3.123505860545003,14527.375149886971,1374.910778408519,53559322.0
LSTM,Sudeste,decline,1,110,7616.597375024504,8604.938429628235,9.274186218096828,10.477618477420595,7.148088191821118,6751.565074017094,212.00356943038804,82126854.0
LSTM,Sul,decline,1,110,3979.4345631846913,4115.207903094684,13.782486527470411,14.252727763602602,5.180794050227244,606.3527836777786,330.97396705969845,28873125.0
LSTM,Centro-Oeste,decline,1,110,1846.4972137198513,2027.262824645112,11.363838811595153,12.476318835919654,7.223352329328818,341.89814197482184,231.59206126544814,16248886.0
LSTM,Brasil,decline,1,111,34599.7569308253,35901.33435476683,17.47616791112267,18.13358829865907,5.676403091000867,881.7939490765336,441.8165848978511,197982516.0
LSTM,Norte,decline,1,111,3019.478225714792,3115.9354419963593,17.581346122545995,18.142982133371028,4.781638264896858,957.6999496535733,412.2102183741642,17174329.0
LSTM,Nordeste,decline,1,111,19409.757336860395,19512.154147393674,36.23973682277082,36.43092074129257,3.405169513357282,8400.802955362053,1231.530817374369,53559322.0
LSTM,Sudeste,decline,1,111,7627.186646927612,8598.925466000923,9.28708001761228,10.470296921395434,7.180616268678144,1732.5947244193812,208.9899895207796,82126854.0
LSTM,Sul,decline,1,111,3866.0279688184264,4016.39955835765,13.38971091220097,13.910512140122172,5.41383329840108,530.4529516753976,320.275201479289,28873125.0
LSTM,Centro-Oeste,decline,1,111,1889.9298214886046,2096.1495612442473,11.631134722027126,12.900266278218995,6.972346113700575,23531.040446934756,237.3924421630902,16248886.0
LSTM,Brasil,decline,1,112,33218.86446481736,34460.8895677358,16.77868588396834,17.406026685576517,6.378124517096585,798.2985546120756,338.278224727841,197982516.0
LSTM,Norte,decline,1,112,2977.133500245815,3063.826121788779,17.33478786999955,17.83956812396443,5.046568555109548,871.3513106237917,404.8710752839558,17174329.0
LSTM,Nordeste,decline,1,112,19135.395838401997,19227.193261107113,35.72747959431226,35.89887351656004,3.9302215056169403,7918.724299433596,1128.1358234966872,53559322.0
LSTM,Sudeste,decline,1,112,7096.891520367156,8078.37556615857,8.64137754548245,9.836460515288422,8.498612198358485,1656.808381025352,126.76876467655558,82126854.0
LSTM,Sul,decline,1,112,3818.2207096138113,3989.3356421717426,13.224133894802906,13.816778205240142,5.500419011097169,471.85937259034483,323.11820823027625,28873125.0
LSTM,Centro-Oeste,decline,1,112,1987.218697337403,2203.088804878751,12.229876542535921,13.558399048887111,6.696283212394211,23466.983315490983,286.67703141114987,16248886.0
LSTM,Brasil,decline,1,113,33981.55749527125,35026.36762730092,17.163918401396238,17.6916468862841,6.5209582023440325,792.6265011893893,360.6193121942641,197982516.0
LSTM,Norte,decline,1,113,2986.931014692635,3057.150265383899,17.391835306594132,17.80069699016421,5.327719067121091,847.6760821634798,397.13324861326146,17174329.0
LSTM,Nordeste,decline,1,113,19115.751788495345,19185.88446692923,35.69080241250131,35.821746337508216,4.130133345276902,7641.542527657594,1019.5122670865908,53559322.0
LSTM,Sudeste,decline,1,113,7444.0363748898835,8437.578911030507,9.064071022238211,10.273836753847293,8.503395751146327,1683.7861063795444,154.2378034008615,82126854.0
LSTM,Sul,decline,1,113,3842.132977456677,4005.695495531253,13.306952321429279,13.873439385349707,5.753744057506806,462.92113429950405,342.04766069469395,28873125.0
LSTM,Centro-Oeste,decline,1,113,2109.506892230085,2310.2719422209034,12.982470873573027,14.21803280680844,7.006194582259962,24124.7163186333,307.19110574468414,16248886.0
LSTM,Brasil,decline,1,114,33306.528361137855,34309.7581674454,16.822964489014705,17.329690954854517,7.242450482090504,766.5977953878358,274.15011619313907,197982516.0
LSTM,Norte,decline,1,114,2992.572488081091,3053.8613304901164,17.424683596553265,17.78154669384822,5.637566891341872,824.701536909099,392.0752085918633,17174329.0
LSTM,Nordeste,decline,1,114,18876.837986888986,18940.07034851141,35.24472917504256,35.362789597133826,4.725201159057075,7407.802657558564,858.2837720183753,53559322.0
LSTM,Sudeste,decline,1,114,6915.572476022765,8163.264398943822,8.420598305181354,9.939823579439462,9.429402241232392,1678.1009727797677,97.09931509045252,82126854.0
LSTM,Sul,decline,1,114,3668.497595316087,3865.524169558001,12.705578614424613,13.387966039554087,6.642113437316454,437.65339506001163,292.56290194004134,28873125.0
LSTM,Centro-Oeste,decline,1,114,2194.5517947674434,2368.9470608841707,13.50586000029444,14.579135215079795,7.249288153833168,24028.268722289966,314.327601615585,16248886.0
LSTM,Brasil,decline,1,115,33485.2528093122,34573.98831592029,16.913237333195728,17.463152309833404,7.614669492357482,770.5148820023032,218.8060815014381,197982516.0
LSTM,Norte,decline,1,115,3015.605392162705,3082.372735030296,17.558795992336613,17.947558446273483,5.742374475204745,824.6257654395368,368.2889200227239,17174329.0
LSTM,Nordeste,decline,1,115,18535.019827816308,18649.627612820383,34.60652438396496,34.82050727382319,5.531783438426136,7577.5387789189435,810.0445968135161,53559322.0
LSTM,Sudeste,decline,1,115,7193.270140023758,8483.194788190323,8.758730901860382,10.329379947015045,9.624135818728453,1733.7671225488555,92.96479563491354,82126854.0
LSTM,Sul,decline,1,115,3519.7024594563773,3719.7880926954535,12.190237320887078,12.883219577705752,7.231391034584535,410.11704740821807,217.60275527016904,28873125.0
LSTM,Centro-Oeste,decline,1,115,2304.3044683836065,2475.476332991599,14.181307373216889,15.23474491107636,6.983775453145299,24107.61922461699,367.361623578333,16248886.0
LSTM,Brasil,decline,1,116,33827.53168942777,35574.2552880187,17.08612072059321,17.968382262612877,8.540400597392196,806.8908955188746,225.2672137105228,197982516.0
LSTM,Norte,decline,1,116,2941.5271218808207,3031.7433208735183,17.127464612334027,17.65276140263482,6.419048869828336,823.6139535082976,334.43182137547035,17174329.0
LSTM,Nordeste,decline,1,116,17991.933607915093,18241.97076728652,33.59253428920383,34.05937582123709,6.78806734143528,7999.695545490499,721.8756264657883,53559322.0
LSTM,Sudeste,decline,1,116,7901.061017679931,9445.618944983413,9.620557263376886,11.501255052316278,10.440990639028758,1914.682841304122,106.73794043883827,82126854.0
LSTM,Sul,decline,1,116,3435.356303017782,3705.8310255998945,11.898110450523738,12.834880275688532,8.615772823002581,407.2267638822246,222.99408106120774,28873125.0
LSTM,Centro-Oeste,decline,1,116,2650.508195321676,2773.0932068019515,16.31193790959993,17.06635892947954,6.818489387361527,25931.735825002008,401.5289041591175,16248886.0
LSTM,Brasil,decline,1,117,32736.565571078772,34637.92992716558,16.535079072880745,17.49544890477378,8.88390134856234,738.7886605609149,221.5048778697451,197982516.0
LSTM,Norte,decline,1,117,2945.4375362947185,3053.2868794496426,17.150233562514835,17.778201870068067,6.468957242418855,829.707701910586,339.2407186136186,17174329.0
LSTM,Nordeste,decline,1,117,17813.231826830022,18102.84679110871,33.2588822293718,33.79961903010779,7.225499529142061,7974.76404936491,554.9986602004697,53559322.0
LSTM,Sudeste,decline,1,117,7756.328904550207,9119.869465633194,9.444327314120917,11.104613194647872,10.533530407292266,1567.753744926286,99.07695960321601,82126854.0
LSTM,Sul,decline,1,117,3208.581024478647,3586.5743263715467,11.112690519223834,12.421843241324057,9.754003819460172,392.650268391029,119.98912505525104,28873125.0
LSTM,Centro-Oeste,decline,1,117,2548.242325460801,2679.6038872470267,15.682566333844678,16.49100059688416,7.018942691195016,24936.39624042231,332.2109140800577,16248886.0
LSTM,Brasil,decline,1,118,31409.338956125783,33481.15523272183,15.864703404479304,16.911167667311506,9.035502038035201,456.9409370824229,223.8705806247895,197982516.0
LSTM,Norte,decline,1,118,2869.805676081126,2990.742099995862,16.70985618175316,17.4140258987461,6.5367494554994545,551.0098586904131,335.7417917138605,17174329.0
LSTM,Nordeste,decline,1,118,17503.75222124557,17793.61561154268,32.68105638313639,33.22225701726149,7.58451399666205,747.0512256280132,558.4079683545475,53559322.0
LSTM,Sudeste,decline,1,118,7616.736293568438,8824.393819433704,9.274355369278407,10.744833619748425,10.570668076465095,869.8058599919052,92.46402347944523,82126854.0
LSTM,Sul,decline,1,118,3064.557930587936,3468.8216809372566,10.613876851182322,12.014015389526616,10.038252339252596,343.76084601364283,115.65363046602904,28873125.0
LSTM,Centro-Oeste,decline,1,118,2401.3852759384076,2549.7924645459516,14.778768685671174,15.69210630529349,6.918276449363832,47154.08075131216,310.2186028158503,16248886.0
LSTM,Brasil,decline,1,119,30581.343387183675,32563.463768328224,15.44648689442035,16.44764619938875,9.48013004217956,429.0794982934179,187.13830887099425,197982516.0
LSTM,Norte,decline,1,119,2862.3718117701183,2983.3060107814445,16.66657143792994,17.370728200102864,6.520945139790032,555.5158671368574,337.1268942993811,17174329.0
LSTM,Nordeste,decline,1,119,17392.507977061054,17653.64394220038,32.47335352202751,32.960917507881035,8.129703865459247,707.6669949692738,396.2040294763957,53559322.0
LSTM,Sudeste,decline,1,119,7198.831233752192,8455.832558715547,8.765502248207623,10.296062915931916,11.322814609576987,852.5542650279004,57.848357769104695,82126854.0
LSTM,Sul,decline,1,119,2969.6824346772905,3401.727192954963,10.285282367867318,11.78163843697197,10.17060478081711,306.8204644893597,109.61827718506248,28873125.0
LSTM,Centro-Oeste,decline,1,119,2434.1125732118353,2606.5591196153778,14.980181245728694,16.04146351703974,6.518688602374936,72098.96735212124,363.784938090142,16248886.0
LSTM,Brasil,decline,1,120,26709.110176567727,28786.47221693156,13.490640848592774,14.539906249565776,10.968392772804503,249.98273813166657,136.96576240585472,197982516.0
LSTM,Norte,decline,1,120,2653.940963284816,2760.0864999292853,15.452952853557282,16.071000502722903,7.4242867309093015,397.09797331271005,320.0445215525167,17174329.0
LSTM,Nordeste,decline,1,120,16835.07776917135,17009.775115521283,31.432581930688645,31.758757356042114,9.07458405917997,485.48554784602936,380.5839582738817,53559322.0
LSTM,Sudeste,decline,1,120,6449.751384129328,7510.946914902933,7.853401256706275,9.14554320430067,13.26580184664821,557.2159290894339,39.233883646488785,82126854.0
LSTM,Sul,decline,1,120,2527.5208218583475,3023.1275292208084,8.75388729781881,10.470385624073627,11.55325486059926,231.9299607850028,57.759783943730845,28873125.0
LSTM,Centro-Oeste,decline,1,120,2089.1837953274157,2312.3316752000796,12.857397087575206,14.230708955679052,8.30562426789427,68576.67608983997,278.4689692917631,16248886.0
LSTM,Brasil,surge,2,125,29976.10460968414,32620.588130089396,15.140783749654005,16.476499434975054,12.655699051958475,456.80618005364005,134.93362782246064,197982516.0
LSTM,Norte,surge,2,125,3145.220527620771,3232.2309583248034,18.31349875515236,18.820129498653504,6.560455917191168,32195.130158714222,269.1491770465713,17174329.0
LSTM,Nordeste,surge,2,125,16330.213395503652,17021.428055761786,30.48995540963654,31.780514428023913,11.961636481904527,158042.30202678655,306.584739699015,53559322.0
LSTM,Sudeste,surge,2,125,8818.062616884246,10210.03335395135,10.737124566934277,12.432027840676025,13.504804944040243,131903.2991103135,68.06477339399335,82126854.0
LSTM,Sul,surge,2,125,3231.0743453262053,3920.20514279966,11.190594524583691,13.577349673094476,16.8827289503593,51552.474282320174,62.9836874777004,28873125.0
LSTM,Centro-Oeste,surge,2,125,1958.8910851964981,2177.4078479756454,12.055540824130947,13.40035155625835,9.583074463685199,67562.36546217234,139.6073969354179,16248886.0
LSTM,Brasil,surge,2,126,31082.42603231101,33599.146939670674,15.699581286415722,16.97076470109647,12.776669318226674,467.9851964492778,137.05218578063767,197982516.0
LSTM,Norte,surge,2,126,3059.3308351167966,3160.3111660447776,17.813393670965525,18.401366167171815,7.19637179075778,32740.244621808575,216.77744501194712,17174329.0
LSTM,Nordeste,surge,2,126,16484.418534663248,17168.333154944146,30.777870068376235,32.054799265278504,12.191688469889275,167135.59416898838,294.22110733749787,53559322.0
LSTM,Sudeste,surge,2,126,9342.570619202743,10778.745186895418,11.375780471516348,13.124507590288818,13.462970681025107,138550.6889448965,77.62073528744492,82126854.0
LSTM,Sul,surge,2,126,3184.1007548601233,3849.8231484005173,11.027904859138467,13.333586677578257,17.08138130614081,49091.4791858784,60.244144604381546,28873125.0
LSTM,Centro-Oeste,surge,2,126,1925.8766398987027,2128.3760311887017,11.852361078160698,13.098596612645949,9.485045765447971,86504.96859268613,134.72187784496455,16248886.0
LSTM,Brasil,surge,2,127,28463.671174992265,32230.885174649273,14.376861022915914,16.279662379201845,14.171741999143034,461.53637044600356,110.38302578011039,197982516.0
LSTM,Norte,surge,2,127,3137.8062584352483,3240.7856184880497,18.270328106764744,18.869940237479145,7.23047583973958,34688.9908043806,226.06722231534084,17174329.0
LSTM,Nordeste,surge,2,127,15900.04496518587,16561.42827880515,29.686792833534877,30.921654084428383,13.435836301134936,179017.9629797326,254.1306614433314,53559322.0
LSTM,Sudeste,surge,2,127,8873.80840278802,10503.709790374969,10.805002225932116,12.789616646432076,14.722781331644807,138207.07039640815,42.368094413063304,82126854.0
LSTM,Sul,surge,2,127,3239.5482358023514,3904.3548884638203,11.219943237188048,13.522453452696306,19.010016124426237,50506.89183250966,41.96703787589841,28873125.0
LSTM,Centro-Oeste,surge,2,127,2439.60607489885,2770.2600284389114,15.013989727657943,17.048922790392595,12.551629612805607,92041.02782956327,149.1584163219482,16248886.0
LSTM,Brasil,surge,2,128,28503.364474890306,32669.77654217906,14.396909914454419,16.501344261217014,14.72795994328531,473.0036639624327,115.28277743007493,197982516.0
LSTM,Norte,surge,2,128,3195.4701847253295,3294.2446549935794,18.60608460875141,19.18121316409846,7.267491229775669,35366.69678067327,227.2814767579344,17174329.0
LSTM,Nordeste,surge,2,128,15860.70649265787,16479.031896009816,29.61334441959118,30.767812736706816,14.235216951505336,184328.1089783768,242.42396185065127,53559322.0
LSTM,Sudeste,surge,2,128,8767.715538668408,10682.456565021761,10.675820528408902,13.007263817778483,15.037625267810158,145548.51552205122,45.26573614250766,82126854.0
LSTM,Sul,surge,2,128,3247.764076542068,3942.8214100384066,11.248398213016666,13.65567949447248,20.197724661090383,54069.85803819552,38.46205140318069,28873125.0
LSTM,Centro-Oeste,surge,2,128,2498.507023525353,2830.1307635986814,15.376481954057361,17.417383343071528,12.952975825981405,94528.67668112025,161.94374116410484,16248886.0
LSTM,Brasil,surge,2,129,28295.01420718013,32638.912021016993,14.29167321380042,16.48575474261424,15.11778513040056,471.3045491466599,95.41583946075255,197982516.0
LSTM,Norte,surge,2,129,3164.67698121921,3263.4430861992532,18.42678675376028,19.00186660101395,7.465461115684749,34422.03883301747,214.09452974572463,17174329.0
LSTM,Nordeste,surge,2,129,16474.79959423309,17126.865902500023,30.759910654270584,31.97737623060281,14.179070928634316,185707.47081902824,249.52745099769115,53559322.0
LSTM,Sudeste,surge,2,129,8379.231195508066,10407.586465152692,10.202790911128858,12.672574143839348,15.564075661048195,145516.02829602608,36.054606420349096,82126854.0
LSTM,Sul,surge,2,129,3177.0597791140426,3898.3144959514234,11.003518944049327,13.501532985956397,20.726392257076768,55274.974327560994,38.14416396872402,28873125.0
LSTM,Centro-Oeste,surge,2,129,2267.1807025694484,2664.764791551647,13.952837767274929,16.39967682431674,14.078327689761721,91161.01779883566,129.79830022294678,16248886.0
LSTM,Brasil,surge,2,130,31422.210750240945,35783.29663601146,15.871204884698479,18.07396802453579,14.908387117806791,505.4439891379565,105.73787996616747,197982516.0
LSTM,Norte,surge,2,130,3339.6057773643747,3430.414769546256,19.445334821316017,19.974083235195135,7.237130285653639,34947.09526676173,217.10903042966083,17174329.0
LSTM,Nordeste,surge,2,130,17759.80743261433,18427.41425596808,33.159134151500886,34.40561524652623,13.522922646195715,189934.22379019097,272.59818599302787,53559322.0
LSTM,Sudeste,surge,2,130,10046.29186111761,11977.250305143845,12.232651528472783,14.583841608183171,14.229989637741205,161065.85987045057,58.11614033547079,82126854.0
LSTM,Sul,surge,2,130,4146.86741636041,5298.834421077872,14.362378219747292,18.352133414993602,24.314256660440797,59585.34893713846,48.10813603523907,28873125.0
LSTM,Centro-Oeste,surge,2,130,2290.2520032819907,2692.0327323305564,14.094824736181856,16.567491041112334,14.29856255473361,92653.44871312114,128.9594659082872,16248886.0
LSTM,Brasil,surge,2,131,31651.701819372458,36239.45696226905,15.98711970069744,18.304372373098364,14.674347692617996,529.9180381078343,105.28671766843195,197982516.0
LSTM,Norte,surge,2,131,3342.059560326166,3445.738347981381,19.459622325426313,20.063306973922423,6.958891092095355,34582.52360482876,209.65085418946015,17174329.0
LSTM,Nordeste,surge,2,131,17936.549027096782,18597.126281235684,33.4891263692561,34.72248263567579,13.326878345695357,185337.6907671389,295.2027209601285,53559322.0
LSTM,Sudeste,surge,2,131,9647.196167083344,11546.063619849614,11.746701227692643,14.058816401088022,14.187198692394519,151516.22890801055,48.37081416712657,82126854.0
LSTM,Sul,surge,2,131,4513.073473621634,5554.132452510179,15.630706664490367,19.236339857601763,23.6037590695641,61302.555593030585,59.05934955240902,28873125.0
LSTM,Centro-Oeste,surge,2,131,2396.1266542416734,2826.5082714272858,14.7464057181623,17.395089555230346,13.866005424364655,120969.85348655119,123.42618290507835,16248886.0
LSTM,Brasil,surge,2,132,27608.691505906365,32011.447616496796,13.945014975921593,16.16882554240133,16.848998597964037,439.8918824197112,85.2753166440485,197982516.0
LSTM,Norte,surge,2,132,2950.3159623923207,3142.782630625745,17.178638899908815,18.299303749367702,8.603372057956692,32795.18328379077,199.1390453014714,17174329.0
LSTM,Nordeste,surge,2,132,16765.610622319717,17506.09363642758,31.30288061211775,32.68542801275113,15.094877898392223,179434.34536359276,269.5530521121102,53559322.0
LSTM,Sudeste,surge,2,132,9464.94616929488,11377.194796097278,11.524788431923717,13.853196904507357,17.042711535214288,143646.9828820722,43.35838901999742,82126854.0
LSTM,Sul,surge,2,132,4539.081449947185,5548.3858411683195,15.720783427312373,19.216436880899867,23.767282361023657,57725.75668940442,55.93100963257096,28873125.0
LSTM,Centro-Oeste,surge,2,132,2488.688270776143,3076.2984874918666,15.316054717696604,18.9323655018065,18.0737664000581,92539.42389479603,84.6293928246152,16248886.0
LSTM,Brasil,surge,2,133,26195.98336834609,31009.162888473762,13.231463008756839,15.662576430978259,18.001481321041823,432.3279631715063,76.0952836314281,197982516.0
LSTM,Norte,surge,2,133,2798.2511014833644,2993.0518563149762,16.293219382738997,17.427474787020653,9.19852944179368,32772.313135108634,185.03553211988535,17174329.0
LSTM,Nordeste,surge,2,133,16643.494478609435,17470.590816685715,31.07487895124855,32.61914110243165,15.750892822921355,186328.91572880425,250.66774088795552,53559322.0
LSTM,Sudeste,surge,2,133,9469.947949760497,11472.643815522675,11.530878742488415,13.969418353128047,17.813557363469897,146435.99802775067,45.537729461131185,82126854.0
LSTM,Sul,surge,2,133,4554.8119523451915,5576.999171400276,15.775264895452748,19.315537100332147,26.57043284386199,55272.65018642172,46.09114997123812,28873125.0
LSTM,Centro-Oeste,surge,2,133,2381.001084085766,3023.698225149635,14.653318904974569,18.60864938771578,20.447555519296994,66228.63367806262,66.3713087054494,16248886.0
LSTM,Brasil,surge,2,134,27444.485112042104,32465.201652970507,13.862075129928193,16.39801448576929,18.376189736505765,456.070506741838,85.57866422499796,197982516.0
LSTM,Norte,surge,2,134,2973.186236733675,3165.2911033719524,17.311804360645908,18.430362568295696,9.030088683264896,35035.33385557457,189.45342370311525,17174329.0
LSTM,Nordeste,surge,2,134,16721.069422904493,17629.94958681551,31.21971824606834,32.91667804684964,16.038557843459806,198370.04576755204,247.591760744844,53559322.0
LSTM,Sudeste,surge,2,134,9711.76311539865,11812.078956737609,11.825319785655797,14.382724263049951,17.687097931267196,158969.0891677009,51.03839980080761,82126854.0
LSTM,Sul,surge,2,134,4575.1986828563095,5574.137374117571,15.845872876096056,19.30562547045937,27.624304617003798,58965.90842850906,49.383000482028876,28873125.0
LSTM,Centro-Oeste,surge,2,134,2877.4618414119695,3455.914211496718,17.708671483152564,21.268622424310923,23.009489444262258,69991.82928848214,63.54514006963191,16248886.0
LSTM,Brasil,surge,2,135,26063.86104751557,32010.825541377595,13.164728671048696,16.168511335302757,19.273022177832615,460.23833179907973,64.75354299177408,197982516.0
LSTM,Norte,surge,2,135,3009.456667015368,3211.3997221247873,17.522994156076596,18.69883663067586,8.930271937189547,35758.82425822723,188.62702743653108,17174329.0
LSTM,Nordeste,surge,2,135,17083.230586648806,18008.23482474927,31.895905229436632,33.62297010546413,16.05896245864968,202530.1249727047,238.32428844522013,53559322.0
LSTM,Sudeste,surge,2,135,8950.586824123633,11549.15398269036,10.89848982176236,14.062579315031792,18.53291488906411,160727.95683716043,41.03771036744173,82126854.0
LSTM,Sul,surge,2,135,4577.724672998072,5544.710402612109,15.854621461993016,19.203707262764627,28.724190510057806,64872.33312019907,50.371187634998385,28873125.0
LSTM,Centro-Oeste,surge,2,135,3289.1340489445815,4030.5560205643833,20.242212598110306,24.805122151539393,27.74563829571475,68966.71953318859,63.654622766604135,16248886.0
LSTM,Brasil,surge,2,136,19048.158468101534,24391.725731979073,9.62113162967458,12.320141305800496,21.340232132327852,132.74741100469734,31.09711443101066,197982516.0
LSTM,Norte,surge,2,136,2717.1680055594757,2882.846208380916,15.821101398252448,16.785786556091455,9.62982099369762,1169.44761508706,172.90704509505088,17174329.0
LSTM,Nordeste,surge,2,136,15656.314464518513,16371.591904724679,29.23172639212743,30.567212752851276,17.109866619581492,266.58929417902,195.8110875405599,53559322.0
LSTM,Sudeste,surge,2,136,7187.06455873293,9469.16801557472,8.751174809073936,11.529929072377131,20.164189218359187,243.9450460920634,23.89946130205656,82126854.0
LSTM,Sul,surge,2,136,4375.042323443644,5235.986661132993,15.1526456642419,18.134464700765825,31.629512125623197,83.07086080370792,43.27432916809157,28873125.0
LSTM,Centro-Oeste,surge,2,136,4121.226333098084,5566.8316867896665,25.363131559284025,34.25977440416325,35.3224214086759,67767.49534267644,64.49087469110407,16248886.0
LSTM,Brasil,surge,2,137,25199.51771932888,30323.572118030024,12.728153085663827,15.316287887779962,19.66937752625127,164.50986090749822,64.25501165935273,197982516.0
LSTM,Norte,surge,2,137,2811.6126782094693,2981.418483348938,16.37101908441063,17.359737800230437,9.336609281769944,1212.8762086656548,181.32386727005317,17174329.0
LSTM,Nordeste,surge,2,137,17967.753389821777,18464.23271911424,33.54738767944407,34.47435857965909,15.401080457550082,307.88417149054345,261.0593829767939,53559322.0
LSTM,Sudeste,surge,2,137,8364.734039005923,10990.111426663556,10.185138759857919,13.381873152797935,17.64926448866034,346.87956489626174,35.50079208980457,82126854.0
LSTM,Sul,surge,2,137,3867.0975424743415,4843.402376438528,13.393415303935205,16.774777155013627,31.086990811094797,89.73608006365166,31.091367454543587,28873125.0
LSTM,Centro-Oeste,surge,2,137,4283.106230727317,5681.1531439302025,26.35938384162038,34.96333929556896,34.58171129069998,96548.82626204968,64.98203462345347,16248886.0
LSTM,Brasil,surge,2,138,26907.63052752917,32639.387620426798,13.590912506399892,16.485994965548773,19.16421026462549,197.1265207515965,63.293683131771886,197982516.0
LSTM,Norte,surge,2,138,3007.1414359453493,3179.9591569448753,17.509513390277718,18.51576941925868,8.75476080885382,1413.8916916829228,190.9244357627611,17174329.0
LSTM,Nordeste,surge,2,138,18142.6801033383,18582.998184431253,33.873991353621506,34.696104227068545,15.150757223893429,328.07941066287,249.58815589552967,53559322.0
LSTM,Sudeste,surge,2,138,8446.091105010833,11130.308331405942,10.284201444037821,13.552580902960123,17.408695879771127,541.4915735636274,30.850689059815423,82126854.0
LSTM,Sul,surge,2,138,4262.281895075346,5322.442491489954,14.762107998615829,18.43389827561081,29.507172704786992,112.43197332479583,42.458420240819294,28873125.0
LSTM,Centro-Oeste,surge,2,138,4456.43994410509,5662.333518334508,27.426125976298252,34.847518275003644,33.88979573414549,106468.17012542761,63.98354600160248,16248886.0
LSTM,Brasil,peak,2,139,23406.974666949136,28478.61855048731,11.822748361753892,14.384410869133166,20.444878907017973,142.0584887108467,39.7717154648195,197982516.0
LSTM,Norte,peak,2,139,2672.962117140286,2885.8301498009428,15.56370625682253,16.80316098405325,10.902484561322927,1051.4982116465983,176.86567343303204,17174329.0
LSTM,Nordeste,peak,2,139,17612.89207731969,17945.59595550048,32.8848301651759,33.50601778622306,15.512038875759103,289.53847671256983,242.8984825185417,53559322.0
LSTM,Sudeste,peak,2,139,7689.500026974037,10298.241953869747,9.362954566570926,12.539433147980741,19.16669054401563,450.5047273311332,22.645446926340576,82126854.0
LSTM,Sul,peak,2,139,4333.238332218911,5277.762561962265,15.007860535424935,18.279152540510474,29.79067905306396,104.10413088140251,44.95169704123043,28873125.0
LSTM,Centro-Oeste,peak,2,139,4365.413402313372,5687.774588402434,26.865924238211605,35.00408943974642,36.64383068625868,78745.50281809382,63.922711132083734,16248886.0
LSTM,Brasil,peak,2,140,21659.84673072942,27302.15491267217,10.94028259077656,13.790184842722258,21.49912063036593,133.57836587359594,24.713900992954503,197982516.0
LSTM,Norte,peak,2,140,2897.9984211869946,3094.282418727636,16.874012493803946,18.016904292025828,10.45954773600777,1065.5373054427444,205.02269101443488,17174329.0
LSTM,Nordeste,peak,2,140,17334.07558788619,17689.388644590486,32.364255073815514,33.02765603453771,16.035090413910105,275.9926572745194,223.12839685455512,53559322.0
LSTM,Sudeste,peak,2,140,7954.999235987149,10651.052948500816,9.686233976510472,12.969025878552241,19.116332909523344,472.0772051155876,24.312773996053537,82126854.0
LSTM,Sul,peak,2,140,4437.013925932991,5298.058364759967,15.367279869889355,18.349445599532324,32.83181653892418,76.61776546679586,44.520761950325095,28873125.0
LSTM,Centro-Oeste,peak,2,140,4959.789888464512,6412.073743113045,30.52387645814311,39.4616205881009,43.08383261590877,52956.5796737205,65.61884541130094,16248886.0
LSTM,Brasil,peak,2,141,25834.146911957134,30413.852021812876,13.048701185289076,15.361887825394074,21.026928861403096,145.0477784871611,46.725260250173946,197982516.0
LSTM,Norte,peak,2,141,2958.82886604736,3164.6633699636454,17.228206505461493,18.42670750026767,10.39175553761242,1063.7825698861393,214.40307742963563,17174329.0
LSTM,Nordeste,peak,2,141,18322.827410581387,18734.56473325815,34.210342338876856,34.97909240385483,15.544046113601766,292.27298683912306,246.02178231893845,53559322.0
LSTM,Sudeste,peak,2,141,9238.12627431339,11311.85124007017,11.248606058029923,13.773632726842512,18.401932853747972,488.8339209425299,40.39282876486744,82126854.0
LSTM,Sul,peak,2,141,4051.589836839305,5099.239632474741,14.032391148652268,17.66085116340798,33.01290436929124,73.98788279690682,40.251982296312136,28873125.0
LSTM,Centro-Oeste,peak,2,141,4593.505931712579,5831.444660498135,28.269666804927912,35.8882735745585,42.30971360108466,62160.29572931861,60.18909785761129,16248886.0
LSTM,Brasil,peak,2,142,27623.41894331691,32393.23607277041,13.952453732488635,16.361665023375302,21.136318032826384,153.4824565794827,46.36462672872699,197982516.0
LSTM,Norte,peak,2,142,3026.4919829247906,3243.272727825686,17.62218473236882,18.88442178920461,10.203767320689193,1098.9919679637305,225.89448197757295,17174329.0
LSTM,Nordeste,peak,2,142,19222.032202206385,19736.374590575844,35.889237362277264,36.84956017661285,15.003390599712336,314.96431337266097,278.02890800705234,53559322.0
LSTM,Sudeste,peak,2,142,9384.515889411054,11507.461488854753,11.426854228960304,14.011813345309381,18.708775245401544,500.53532700192494,41.040545808557304,82126854.0
LSTM,Sul,peak,2,142,3918.3870235784993,5128.148694956061,13.57105274741996,17.760975630300013,33.75110939344034,75.64303373809994,39.634183938945796,28873125.0
LSTM,Centro-Oeste,peak,2,142,4542.6779279497105,5717.369640160878,27.956857645193097,35.186225321298195,42.76073352874938,65673.94590986773,57.8509211228868,16248886.0
LSTM,Brasil,peak,2,143,27698.28127391004,32982.12815132335,13.99026632933084,16.659111530496638,21.06441413600887,157.93681900383714,45.69299802065108,197982516.0
LSTM,Norte,peak,2,143,3056.075429146115,3293.30875968099,17.794438601625224,19.17576377907393,9.938421125256559,1156.1296515235385,241.06131070965955,17174329.0
LSTM,Nordeste,peak,2,143,19138.481537938893,19648.433258572088,35.7332408687677,36.68536591738799,14.87042722182104,322.12592945451746,261.2773745571175,53559322.0
LSTM,Sudeste,peak,2,143,10330.960477106888,12579.264715503783,12.579272155130754,15.316871525973443,17.897051882005304,537.998614754324,41.60357821305604,82126854.0
LSTM,Sul,peak,2,143,3696.3064697994764,4931.37448484308,12.801892659002018,17.079462250252025,35.24458917855012,68.82594072450446,25.89966650846492,28873125.0
LSTM,Centro-Oeste,peak,2,143,4528.3405033714635,5709.421833731715,27.86862129115475,35.13731239010302,44.052250649454926,67710.0759306991,57.613261868345575,16248886.0
LSTM,Brasil,peak,2,144,26178.09166351506,31926.200416183143,13.22242599620012,16.12576759868187,22.047148828530084,153.39974842104715,39.018976136244035,197982516.0
LSTM,Norte,peak,2,144,2960.854661866611,3242.6899494071404,17.240001992896556,18.881028478068288,10.712416853292623,1164.3769850701403,248.96742410304927,17174329.0
LSTM,Nordeste,peak,2,144,18886.26286337438,19228.744106041162,35.26232625456756,35.90176908147038,14.7808069724828,318.59446843104655,250.9587329587324,53559322.0
LSTM,Sudeste,peak,2,144,9615.916547361496,11840.829736393667,11.708614270505839,14.417732032440531,20.650631826064476,481.4539287361643,35.66515895137332,82126854.0
LSTM,Sul,peak,2,144,3512.213685121155,4633.06203868672,12.164300487464224,16.046278463750358,33.10616954835846,81.05109687963007,19.05285497926271,28873125.0
LSTM,Centro-Oeste,peak,2,144,4360.967933846682,5661.783544771248,26.83856563364825,34.8441335902735,45.38596846505651,68987.17186636565,51.09844359942516,16248886.0
LSTM,Brasil,peak,2,145,21677.335082096866,26218.422375048576,10.949115871472642,13.242796841236515,23.081908311812455,87.50602346584336,35.14452852098392,197982516.0
LSTM,Norte,peak,2,145,2786.967031680159,3040.927928721455,16.227516263838655,17.706240102431106,11.017689747328614,387.08227422956935,253.3991229251302,17174329.0
LSTM,Nordeste,peak,2,145,18317.890952232767,18515.2808984674,34.20112553372645,34.56967005382817,14.942443502857262,283.6492000222123,242.82170143368177,53559322.0
LSTM,Sudeste,peak,2,145,7911.681898335058,10502.188338507232,9.633489550610397,12.78776408324034,21.751020118042316,305.25906399546597,23.350974579085907,82126854.0
LSTM,Sul,peak,2,145,2596.158585560587,3680.913214399117,8.99160927527099,12.748579221678003,34.844068421937465,55.001392716412795,13.546182190756813,28873125.0
LSTM,Centro-Oeste,peak,2,145,4324.7042612609175,5685.872129810285,26.615389271984046,34.99238119961137,48.488598752947084,33912.196099110406,45.52961226046581,16248886.0
LSTM,Brasil,peak,2,146,26514.797185215888,29886.158907482728,13.392494307535665,15.095352615623254,22.085788605037735,101.42977604330156,57.82599035537804,197982516.0
LSTM,Norte,peak,2,146,3210.2132101533703,3424.071364494868,18.691927994120586,19.937147847201878,9.830702212973872,434.6200288173178,282.81998363038974,17174329.0
LSTM,Nordeste,peak,2,146,19950.150280337355,20001.823464998557,37.248698331799936,37.34517674626007,13.705897387985503,312.6042459055949,265.8686061356267,53559322.0
LSTM,Sudeste,peak,2,146,7971.6608912327,10415.721774223119,9.706521683191104,12.682479928213393,20.348138110046783,352.3750519485046,28.970027557337247,82126854.0
LSTM,Sul,peak,2,146,2102.386781018307,3091.846452902094,7.281466003483541,10.708388693299025,36.78927822428143,34.073687492833365,7.395909846961702,28873125.0
LSTM,Centro-Oeste,peak,2,146,3738.5242478837,5195.662634749381,23.007880342589022,31.975500565081084,45.316073587794484,35242.73944678109,40.954365822953775,16248886.0
LSTM,Brasil,peak,2,147,29982.433611585544,32722.693209346122,15.1439804975433,16.528072210854276,21.541476473424794,110.2765489370967,71.82061965948628,197982516.0
LSTM,Norte,peak,2,147,3266.607434935246,3483.3488250688106,19.020291476512686,20.282299384557092,9.9051488648154,432.56897822618964,284.7632606349391,17174329.0
LSTM,Nordeste,peak,2,147,20947.456347301264,20991.945468821807,39.11075712889208,39.19382226089756,12.840501817954262,342.55193204640017,288.3451123893054,53559322.0
LSTM,Sudeste,peak,2,147,9259.457176357892,11156.350844703085,11.2745791727976,13.584291009982051,19.742280948326336,363.69590107465996,41.83988265812416,82126854.0
LSTM,Sul,peak,2,147,1702.4106727745434,2779.5958761819224,5.89617740641009,9.626931190101253,36.20816443183607,32.44438829172189,6.839047382290099,28873125.0
LSTM,Centro-Oeste,peak,2,147,3567.8499086209026,5002.07806139083,21.95750470906684,30.784129209786013,45.552573322540525,34261.00508860921,41.78179885706744,16248886.0
LSTM,Brasil,peak,2,148,33301.7740568657,35996.13561861243,16.820563113192126,18.181471953115512,20.630645683333334,123.78674431585048,81.05535042245945,197982516.0
LSTM,Norte,peak,2,148,3377.0934724344675,3582.7007683552024,19.663612316000627,20.860790359583785,9.401906084462501,467.00435198929256,287.3634541253424,17174329.0
LSTM,Nordeste,peak,2,148,21569.77523524754,21643.904818133433,40.27268163560312,40.411088135382734,11.905357146486368,393.96455707001434,334.3798283076761,53559322.0
LSTM,Sudeste,peak,2,148,10024.563287141873,11756.154520648859,12.20619419701852,14.314629074491103,18.95473622273127,377.63790326934526,51.43342814790674,82126854.0
LSTM,Sul,peak,2,148,1890.0823412509546,2886.045773087868,6.546164785595445,9.995612782086692,36.099808595022616,34.8371517166036,11.05278534076343,28873125.0
LSTM,Centro-Oeste,peak,2,148,3460.151442382537,4841.439769385363,21.29469947898297,29.795518101273917,42.24201667872041,37626.95059882211,47.71153231085087,16248886.0
LSTM,Brasil,peak,2,149,37572.567875536006,40045.341636902485,18.977720171783254,20.226706098079127,19.66591403380252,140.3022489516894,95.57575701178052,197982516.0
LSTM,Norte,peak,2,149,3258.8226958157247,3445.675023647277,18.97496371366663,20.062938258882063,9.861063127478317,447.5113392487202,276.4699522650019,17174329.0
LSTM,Nordeste,peak,2,149,21904.634717265926,21986.527119665207,40.8978939600205,41.05079433168554,11.112377942278245,435.44379310578364,379.08111778947915,53559322.0
LSTM,Sudeste,peak,2,149,11485.796805641892,12894.89357236411,13.985433809070408,15.70119022501959,17.965239109801757,398.7347333965116,68.40027293480807,82126854.0
LSTM,Sul,peak,2,149,2484.6159142661127,3316.9564278844155,8.605289224031388,11.488040965030336,35.33414353523814,41.798564185254534,16.458474526111406,28873125.0
LSTM,Centro-Oeste,peak,2,149,3881.405409626336,4830.5411812338325,23.88720931161888,29.728445268394598,38.9776170814433,47544.37801702588,51.88174232939737,16248886.0
LSTM,Brasil,peak,2,150,41632.27255768886,43917.80188437115,21.028257140488538,22.18266681911,18.543195855164225,158.94945417817365,102.4612813191888,197982516.0
LSTM,Norte,peak,2,150,3329.812874739197,3523.7435762209434,19.388314237716052,20.517503631268177,9.480095861754313,481.8912536560111,287.830955176433,17174329.0
LSTM,Nordeste,peak,2,150,22057.705270952643,22160.12687443441,41.18369024714809,41.37492045630154,10.639737801443392,456.15888823855096,404.7233184386046,53559322.0
LSTM,Sudeste,peak,2,150,12402.866141993249,13828.882712765437,15.102083591310157,16.838442043287614,17.01592373319576,427.46370291199935,86.50437980645903,82126854.0
LSTM,Sul,peak,2,150,3167.602856223067,3991.8297087570872,10.970765569099525,13.82541622618642,34.157072671547134,50.49973452874561,20.855323598985624,28873125.0
LSTM,Centro-Oeste,peak,2,150,4191.007001465406,4843.354144009493,25.79258049730551,29.80729967586389,34.148275082417086,62060.78735679264,58.14967357027406,16248886.0
LSTM,Brasil,peak,2,151,38488.29591444421,40718.63655864979,19.440249923101394,20.566784068270856,18.902138087863197,141.4392917344167,102.72575823943183,197982516.0
LSTM,Norte,peak,2,151,3281.5834007383337,3492.7625640140686,19.10749119070872,20.337112233112972,9.49964331996168,477.69716526374117,284.7943004741519,17174329.0
LSTM,Nordeste,peak,2,151,21898.48614716176,21957.618741082293,40.886414034818735,40.99681982733518,10.301528041172556,462.9172670453771,425.9358136318302,53559322.0
LSTM,Sudeste,peak,2,151,10763.668614533743,12324.123638281864,13.106149925740175,15.006204472756092,18.09874338425726,306.89130304621966,68.24711908817275,82126854.0
LSTM,Sul,peak,2,151,3672.2695159386785,4396.748970182926,12.718642391284899,15.227825080184171,33.03269539518451,56.48458340707128,26.559749195406074,28873125.0
LSTM,Centro-Oeste,peak,2,151,3131.4863851085406,3749.117955610078,19.272006616998485,23.073076859607962,36.14093916784675,78.66747585246438,43.82159050239352,16248886.0
LSTM,Brasil,peak,2,152,34793.59665006811,37073.07592505911,17.574075404753472,18.72542923187172,19.534661475978293,102.04061716424282,99.51257199073429,197982516.0
LSTM,Norte,peak,2,152,3099.4074753085706,3298.598885952141,18.046745670870582,19.206566299924386,9.859815422373352,286.89696340796434,275.7352781910971,17174329.0
LSTM,Nordeste,peak,2,152,21436.308277529315,21518.76612262079,40.02348699919934,40.1774431024739,10.397949833295396,442.28002824038316,404.7788205177331,53559322.0
LSTM,Sudeste,peak,2,152,9187.644239221068,11124.299211268617,11.187137692162258,13.545264026878002,19.056843087422017,77.76374051186986,58.86889241305972,82126854.0
LSTM,Sul,peak,2,152,3053.2654625233986,3674.6919058743074,10.574766197020235,12.727032165289721,33.81468803703565,40.14241791349355,25.50689775819947,28873125.0
LSTM,Centro-Oeste,peak,2,152,2752.1612898608896,3403.720273072505,16.93753830176967,20.947406936527862,36.91725614587245,62.125730313294746,36.087143831099965,16248886.0
LSTM,Brasil,peak,2,153,36334.412566502775,38743.199850676596,18.352333984129576,19.56900065391461,18.928691667978644,110.16288558045532,110.41456458864613,197982516.0
LSTM,Norte,peak,2,153,3701.2638599284846,3821.6803402369696,21.551141007770866,22.252283278356725,8.157108031647963,339.8703211191731,334.7573032955837,17174329.0
LSTM,Nordeste,peak,2,153,21405.077274840754,21552.629051730557,39.96517594983886,40.240668191674565,10.157628853502585,455.0357437480405,438.4988347697115,53559322.0
LSTM,Sudeste,peak,2,153,10540.742712905232,11982.127234768377,12.83470898922444,14.589779896802545,18.131967267183192,88.58643518803504,77.57514482241143,82126854.0
LSTM,Sul,peak,2,153,2579.78672978466,3192.777811565564,8.934906525652003,11.057957223423388,34.53607068509617,29.6692219797283,22.179740012609415,28873125.0
LSTM,Centro-Oeste,peak,2,153,2877.8216858139126,3471.926034304383,17.71088606205935,21.367163473879888,35.51847893357134,68.36791736276359,33.87595217357714,16248886.0
LSTM,Brasil,decline,2,154,40547.32516133047,43588.60584839691,20.48025551980078,22.01639151226713,17.301888561038457,154.6680160978437,117.81189343228722,197982516.0
LSTM,Norte,decline,2,154,3734.9074712217434,3856.135985540538,21.747035771946276,22.452906227314838,7.806501701483086,385.5420429808472,354.82803993610526,17174329.0
LSTM,Nordeste,decline,2,154,22102.693694834914,22308.393473275082,41.2676876209055,41.65174733405901,9.020838617091055,560.0882781156696,483.93399550155425,53559322.0
LSTM,Sudeste,decline,2,154,11442.694132084975,13321.480691263507,13.932950764295652,16.220614868875295,16.750741648339105,930.3174753834379,88.93209633826584,82126854.0
LSTM,Sul,decline,2,154,3422.2074512193335,4194.974219358218,11.852570344288447,14.528992685614107,31.76928620005193,57.29904850613652,29.002391521238895,28873125.0
LSTM,Centro-Oeste,decline,2,154,3245.531664133493,3794.3047106223635,19.973871834250627,23.351168262380348,31.71206412200399,83.71656996918486,43.48480954228921,16248886.0
LSTM,Brasil,decline,2,155,42465.96022174269,46226.22628487324,21.449348699934035,23.348640687480327,15.841333902217713,501.4803163501551,135.31366593998894,197982516.0
LSTM,Norte,decline,2,155,3700.5102649249757,3822.645809780785,21.54675309250787,22.257904863594874,7.356494505817635,490.28779443023757,356.02041670971124,17174329.0
LSTM,Nordeste,decline,2,155,22420.22914686538,22590.489720299087,41.86055444627432,42.178446023456175,7.944195302318195,1095.2536723878814,501.3607048485869,53559322.0
LSTM,Sudeste,decline,2,155,11964.008414238111,14153.188926341767,14.567717904107358,17.233326539382315,15.576164990539043,2619.966812359196,85.68495594768156,82126854.0
LSTM,Sul,decline,2,155,4160.413617465827,5422.214300081891,14.409294516841621,18.779450787131253,29.213276069414594,233.24990583177336,35.20943691243242,28873125.0
LSTM,Centro-Oeste,decline,2,155,3598.6858875639145,4330.94938455884,22.147277589146203,26.653823434780946,28.419091126012233,254.55412115022838,53.16541514703603,16248886.0
LSTM,Brasil,decline,2,156,44043.525546337594,47544.74048915347,22.246169225537873,24.014615759885316,14.88147280880488,510.71503025492746,154.25942249369155,197982516.0
LSTM,Norte,decline,2,156,3563.2608275485445,3681.1893458569975,20.747598509080294,21.434254263191285,7.6784035236973995,463.6481543760659,348.00916753898724,17174329.0
LSTM,Nordeste,decline,2,156,22607.501692927533,22700.38976502362,42.21020888376356,42.383639145065395,7.217897830169385,1121.4546183499785,531.9525903730166,53559322.0
LSTM,Sudeste,decline,2,156,12983.011555814068,14886.42444373234,15.808485195127611,18.12613502001713,14.619108977884695,2705.498272854892,107.54114527517208,82126854.0
LSTM,Sul,decline,2,156,4883.657395212975,6169.886685722279,16.91419752871563,21.368960532406103,27.24134838855772,253.55711731689166,45.907909166980716,28873125.0
LSTM,Centro-Oeste,decline,2,156,3331.5173299047847,4164.54020445673,20.50305067008769,25.629696734020598,27.118782191265197,269.6933951689026,45.84201067364749,16248886.0
LSTM,Brasil,decline,2,157,42530.47345973511,46066.3396302302,21.481934020747122,23.267882720628826,15.227968060516012,501.56488818069977,143.891532538558,197982516.0
LSTM,Norte,decline,2,157,3489.8884360738616,3612.8172997254164,20.32037720992687,21.03614819376883,7.691296517029598,453.82259909136883,359.5847247578695,17174329.0
LSTM,Nordeste,decline,2,157,22733.691990458316,22788.964496929253,42.44581735082142,42.54901601803184,6.675775313398278,1170.7775667753688,566.9946966743639,53559322.0
LSTM,Sudeste,decline,2,157,12031.81171302375,14068.370689615584,14.650277134716191,17.130049435006466,15.158953284716702,2655.4630163724805,85.09692705369669,82126854.0
LSTM,Sul,decline,2,157,5145.252596352997,6389.656946980935,17.820213767484457,22.13011908818645,29.15142919163413,256.9031324044541,47.92199385654773,28873125.0
LSTM,Centro-Oeste,decline,2,157,3251.4571004569502,4139.885100566715,20.01033855771374,25.477962615816953,26.9913009158403,269.24633144270507,41.580938413298504,16248886.0
LSTM,Brasil,decline,2,158,47878.248698573596,49812.6670641991,24.183069124433995,25.16013437479454,13.802228884692926,532.5686221807622,164.7755604816192,197982516.0
LSTM,Norte,decline,2,158,3931.1844094872586,3989.597303892475,22.88988646652372,23.230003943050555,6.535085818119388,508.78710713638213,420.1984372771558,17174329.0
LSTM,Nordeste,decline,2,158,22647.283851521872,22728.56631564513,42.2844856989076,42.43624726176543,6.7052486381916925,1169.1003662497742,590.7676891825829,53559322.0
LSTM,Sudeste,decline,2,158,12906.946016347922,14406.037769136949,15.715865624595727,17.54120250257845,12.7080410122727,2767.103641540064,107.57231473563593,82126854.0
LSTM,Sul,decline,2,158,6249.580465447447,7375.422506939664,21.644974229313405,25.544247485991434,27.01795731901291,295.50168379816085,70.8295933734351,28873125.0
LSTM,Centro-Oeste,decline,2,158,3272.553672839883,4119.562029776563,20.140172519149207,25.352888990522565,26.92316436064234,267.54738174810416,44.86323482929311,16248886.0
LSTM,Brasil,decline,2,159,50014.10798337662,51641.320566080256,25.261881197315734,26.083778310040394,13.201742958583184,554.0013646598467,173.20749460262135,197982516.0
LSTM,Norte,decline,2,159,3852.3280799143504,3921.7852568050957,22.43073414928962,22.835158548581987,6.616602834798127,493.6744947632986,406.7761000243373,17174329.0
LSTM,Nordeste,decline,2,159,22656.964795173768,22820.852300869494,42.302560878522264,42.60855337352757,6.427852614880138,1240.7019403916524,659.728978904842,53559322.0
LSTM,Sudeste,decline,2,159,13704.297169393922,14868.61719038997,16.686743132025878,18.104452400417006,12.25508320032856,2789.484650147417,119.58918028721413,82126854.0
LSTM,Sul,decline,2,159,6825.178516483312,7719.453719142351,23.638516843893107,26.735774943454683,25.672168010410083,308.360632406465,89.13310653593499,28873125.0
LSTM,Centro-Oeste,decline,2,159,3633.7639487342085,4336.137094109313,22.36315738035339,26.68574998993354,25.11556791479209,282.13492731829376,73.38015685617577,16248886.0
LSTM,Brasil,decline,2,160,50828.68135518728,52427.28931600031,25.673318221285395,26.48076727947043,12.628604327711335,569.0569275990954,180.5194618057871,197982516.0
LSTM,Norte,decline,2,160,3768.5980448199366,3827.943129346486,21.943203980894605,22.28874926843713,6.303427780942334,516.1297664832108,398.0228402104671,17174329.0
LSTM,Nordeste,decline,2,160,22568.551692641697,22793.12368523928,42.13748578191804,42.55678159114725,6.2291410381445,1275.7121748016118,657.6128818315797,53559322.0
LSTM,Sudeste,decline,2,160,14403.781383648964,15369.744438364609,17.5384550632476,18.71463923160214,11.396046278037364,2790.319142115926,128.46954182824697,82126854.0
LSTM,Sul,decline,2,160,7432.061695070813,8001.686770070296,25.740413256517307,27.71326889649214,24.502766168748458,319.76479609651244,91.58372635886585,28873125.0
LSTM,Centro-Oeste,decline,2,160,3306.502614888053,4066.778526789738,20.349103408615537,25.028045164386885,25.53801447656648,266.22796438737356,62.11191431155662,16248886.0
LSTM,Brasil,decline,2,161,52233.03376231251,53801.71656855911,26.382649749896352,27.174983758949256,11.444553160541536,666.9262609806034,192.35778374286627,197982516.0
LSTM,Norte,decline,2,161,3905.9312406526506,3957.0874613759447,22.742846259977032,23.040710710595707,5.602215113396734,620.2480805235313,417.2960633768886,17174329.0
LSTM,Nordeste,decline,2,161,22498.744637886328,22741.14093024799,42.007149825172036,42.45972518145019,5.775838596154783,1349.9452413840356,842.1915654425941,53559322.0
LSTM,Sudeste,decline,2,161,14992.337581923803,15950.904475794561,18.255097878123767,19.422276270066988,10.175895520427519,3355.0831558025543,133.64332427810137,82126854.0
LSTM,Sul,decline,2,161,7909.064269783202,8395.968743461406,27.392477502117288,29.0788362654247,22.58130558905649,346.03215469061695,117.20177932940126,28873125.0
LSTM,Centro-Oeste,decline,2,161,3508.4858962220833,4321.88842160825,21.592162664087144,26.59805983996841,22.927725622581555,50546.53757790036,71.00484842365603,16248886.0
LSTM,Brasil,decline,2,162,51617.89910740819,53024.5282413786,26.071948245878534,26.782429738077777,10.540144291668208,762.0372514801089,189.9109546693952,197982516.0
LSTM,Norte,decline,2,162,3838.864359583503,3887.719625893882,22.352339701792733,22.636806514501277,5.323560009231552,1024.896738617171,426.3757887269521,17174329.0
LSTM,Nordeste,decline,2,162,22135.97336073598,22309.858600817533,41.32982370601327,41.65448285700393,5.451365266858218,1595.4198129299482,945.2051638197985,53559322.0
LSTM,Sudeste,decline,2,162,14981.74253947916,15977.128797436573,18.242197052232346,19.454207752115494,9.113862524369882,169220.45528719548,130.22642252626366,82126854.0
LSTM,Sul,decline,2,162,8303.048815942499,8758.232036896696,28.757014753139806,30.333509230111723,20.365453604339592,422.2925679669502,140.0153266086786,28873125.0
LSTM,Centro-Oeste,decline,2,162,2979.215790691121,3735.716305858258,18.334892562426255,22.990599514688316,22.577371927875927,47115.797490136305,63.792418167709286,16248886.0
LSTM,Brasil,decline,2,163,50802.77214561008,52035.746575853496,25.660231606315214,26.283000957444894,9.880598316389834,755.5656030038738,220.5656781559027,197982516.0
LSTM,Norte,decline,2,163,4005.3529828811756,4030.2801015506357,23.32174364938028,23.466885381959525,4.911400016368536,1043.614807405792,449.30610191032747,17174329.0
LSTM,Nordeste,decline,2,163,21766.119497396325,21852.99168412542,40.639273770859766,40.80147184112118,5.271057851955775,1569.06512391301,1104.2300364660366,53559322.0
LSTM,Sudeste,decline,2,163,14559.565960697104,15545.730544012073,17.728142807828856,18.928924933630203,8.48800145960642,160685.20993733074,159.92769575193472,82126854.0
LSTM,Sul,decline,2,163,8283.929434582531,8667.13199582675,28.690796145490076,30.01799076416824,18.960291240876092,421.7670840608001,166.19108573682482,28873125.0
LSTM,Centro-Oeste,decline,2,163,2973.0066708984305,3709.6206469084373,18.296679974851386,22.829999834502114,21.231345588852957,47138.18000548501,70.29093216242416,16248886.0
LSTM,Brasil,decline,2,164,49509.3565331131,50858.53298807051,25.006933709799455,25.68839613497513,9.742130095708573,745.886225890543,220.628482391212,197982516.0
LSTM,Norte,decline,2,164,3946.3923487663174,3979.0263341531836,22.978436879637727,23.16845295180489,4.958397074372256,1024.5431957437204,427.0540620690492,17174329.0
LSTM,Nordeste,decline,2,164,21706.7852594603,21750.92490256546,40.52849149109897,40.61090411593609,5.007931716866727,1578.927332512623,1059.91095558867,53559322.0
LSTM,Sudeste,decline,2,164,13418.079550238692,14659.283410269181,16.338236394929595,17.84956161874797,8.889818867754748,157986.52655824964,124.00138366658311,82126854.0
LSTM,Sul,decline,2,164,8036.673634153602,8373.647802815365,27.83444339382593,29.00152928654368,18.24929887060292,415.59897025575805,180.06497037678707,28873125.0
LSTM,Centro-Oeste,decline,2,164,3290.6280718931553,3978.596227883725,20.25140721581255,24.485347659425543,19.594310269042698,49243.410386208845,82.9429915030912,16248886.0
LSTM,Brasil,decline,2,165,50721.66288967434,51961.24334468704,25.619263718051922,26.24536973996585,9.041851810338017,765.038359719031,246.24686587373316,197982516.0
LSTM,Norte,decline,2,165,3985.243395826216,4027.597636690917,23.204652687311487,23.451266344617697,4.821980848728348,1043.8923129962438,417.11713305062875,17174329.0
LSTM,Nordeste,decline,2,165,21635.952248737023,21688.785837629606,40.39623998365219,40.494884975634314,5.015400069146377,1571.9434963689798,1027.7394312584108,53559322.0
LSTM,Sudeste,decline,2,165,14504.832451294644,15445.308899710983,17.661497725572982,18.806648675122734,7.798997661786374,154930.86988459737,171.3265653452417,82126854.0
LSTM,Sul,decline,2,165,8103.011654135503,8455.805605277841,28.064200373653712,29.286076949681895,17.024729557276135,433.2330632662247,196.62957272440292,28873125.0
LSTM,Centro-Oeste,decline,2,165,3437.4233766995885,4017.323760464323,21.154824870453204,24.723687275942016,18.870744185514237,48898.11340814441,97.56612439211605,16248886.0
LSTM,Brasil,decline,2,166,50890.965570272005,52287.7478429346,25.704777673535578,26.41028556427407,8.80875041919001,776.1340004094487,240.93443565440413,197982516.0
LSTM,Norte,decline,2,166,3963.666787579625,4022.6221085424536,23.079019783419923,23.422295616570835,4.66934440304479,1066.8071302621845,407.1532855321366,17174329.0
LSTM,Nordeste,decline,2,166,21779.668968435875,21889.23035774815,40.66457183389266,40.86913265583935,4.813487774580992,1636.2810665131094,1000.680778977759,53559322.0
LSTM,Sudeste,decline,2,166,14529.316407046836,15519.78335842008,17.691310088472203,18.89733090034117,7.731680202751222,153073.38910623657,180.15643401037676,82126854.0
LSTM,Sul,decline,2,166,8039.429768560129,8351.39462376611,27.84398906789663,28.924456995098762,16.538860035130135,429.82553627362586,185.88773522183436,28873125.0
LSTM,Centro-Oeste,decline,2,166,3560.655326396544,4095.8065724049648,21.913227321531725,25.206691538145847,18.061018325526454,49201.44062418455,105.99848210004959,16248886.0
LSTM,Brasil,decline,2,167,50830.41117503868,52308.93378212442,25.67419194482743,26.420986478485005,8.369678456411565,794.6590153317175,311.19001021139934,197982516.0
LSTM,Norte,decline,2,167,3878.5338192018903,3912.3522680076635,22.5833208342631,22.780233614994003,4.393600620101311,1084.3213552450504,506.1756772314225,17174329.0
LSTM,Nordeste,decline,2,167,21872.05390809944,22033.203918992513,40.83706270236102,41.13794405200371,4.612242290680795,1714.4834824948225,1021.5979147934532,53559322.0
LSTM,Sudeste,decline,2,167,14553.445514077248,15461.437540059078,17.72069037744615,18.82628736766062,7.213318338159563,153422.9765672178,241.7812550414692,82126854.0
LSTM,Sul,decline,2,167,8165.2591249973275,8453.263259259162,28.279790029646353,29.277271716376944,15.601013118795535,442.69999240412983,217.83662329279989,28873125.0
LSTM,Centro-Oeste,decline,2,167,3427.3360402451767,3962.377008957439,21.092744697976077,24.385530238549517,17.952439475504235,46880.674041225146,99.37898698937977,16248886.0
Persistence,Brasil,surge,1,78,2680.0714561030245,3539.279241748971,1.3536909774916814,1.7876726254701052,2.5300574656107204,281.2320632603795,42.16374930942109,197982516.0
Persistence,Norte,surge,1,78,135.64285277492868,159.96137578761872,0.7898000135838128,0.9313981104450644,1.5276121931016635,167.6630317516559,37.82066937584097,17174329.0
Persistence,Nordeste,surge,1,78,1267.2143003743115,1356.3284389472726,2.3660013851077344,2.532385378118253,1.2878910222681494,7753.231239723876,154.30479940329607,53559322.0
Persistence,Sudeste,surge,1,78,1977.3571409563199,2337.4948344835284,2.40768645655941,2.846200384692111,2.66965054412917,29771.83601919554,61.875691622399266,82126854.0
Persistence,Sul,surge,1,78,454.42857431282073,506.6991226025592,1.5738808123915256,1.754916111791014,2.875635108837899,172.79752072213384,34.489724496472476,28873125.0
Persistence,Centro-Oeste,surge,1,78,917.2857232756979,1298.3105067283207,5.645222221853842,7.990150873901883,6.364392358608676,191.8644089380181,83.61362000575609,16248886.0
Persistence,Brasil,surge,1,79,2597.214305500907,3337.6108819925335,1.3118402361857584,1.6858109238254826,2.576814840342795,267.3718160879123,35.78448391122171,197982516.0
Persistence,Norte,surge,1,79,154.28571362924012,175.90987691123055,0.8983507514572484,1.024260551380089,1.6436491725865803,123.59478058611089,51.19996848437842,17174329.0
Persistence,Nordeste,surge,1,79,436.28572429118947,485.1984985819187,0.814584105995945,0.9059085896978284,1.3080289094444075,2767.988068395745,43.602901556069085,53559322.0
Persistence,Sudeste,surge,1,79,2260.9285682770237,2599.453313123152,2.7529711149985405,3.1651685003338272,2.6532995306540985,31997.34624990099,73.93901439513067,82126854.0
Persistence,Sul,surge,1,79,703.9999951248376,858.2626935123469,2.438253549364115,2.9725313540267875,2.8330844163046516,324.2836471331235,48.403683599920555,28873125.0
Persistence,Centro-Oeste,surge,1,79,983.142863624075,1314.3474844201594,6.050524716734889,8.088846733370888,6.903330388345993,229.35429286857666,82.9467508953519,16248886.0
Persistence,Brasil,surge,1,80,3464.0714361868554,4298.648006953665,1.7496855309116566,2.1712260727879955,2.459271991377835,327.939022513816,66.87127404370294,197982516.0
Persistence,Norte,surge,1,80,175.85714224082764,213.62684041362414,1.0239534961792547,1.2438729944769553,1.688566721213536,235.1638342130641,43.48132873977893,17174329.0
Persistence,Nordeste,surge,1,80,439.2142989565797,522.6827253033414,0.8200520143936468,0.9758949624181975,1.2692201363828395,3443.347418796379,34.00394545118125,53559322.0
Persistence,Sudeste,surge,1,80,1206.3571509547744,1510.8485190410427,1.468894876887375,1.8396522519187726,2.5071841033552333,20348.26177023205,29.97122809482317,82126854.0
Persistence,Sul,surge,1,80,436.7857119110998,617.2517985733889,1.5127760223775562,2.1378073851493005,2.8461959596758724,236.9829808639825,20.18575096115749,28873125.0
Persistence,Centro-Oeste,surge,1,80,2014.8571501073682,2158.454644681001,12.399970989441172,13.283708462727851,6.266803242618406,2949.439899688944,225.24599864215384,16248886.0
Persistence,Brasil,surge,1,81,3408.500009398638,4097.464351577622,1.7216166751808721,2.0696091929539993,2.3312664563567584,314.2431387595251,65.08470423633752,197982516.0
Persistence,Norte,surge,1,81,179.42857097876313,210.7093426421341,1.0447486535209798,1.226885444212313,1.7309888431370646,231.19831023405817,40.7286893394954,17174329.0
Persistence,Nordeste,surge,1,81,595.3571574580943,725.2458391782081,1.1115845668436473,1.3540982448922863,1.1980040406035959,4728.496009032639,82.38431601122241,53559322.0
Persistence,Sudeste,surge,1,81,1615.9285785128548,1949.072851210663,1.9676007296137934,2.3732466985897975,2.2673112758441363,23790.559223217253,87.18904472835607,82126854.0
Persistence,Sul,surge,1,81,467.0000004384404,656.3080699249438,1.6174210461750862,2.2730759830290066,2.857823179671246,251.80147541803828,22.289312487130807,28873125.0
Persistence,Centro-Oeste,surge,1,81,964.6428634797711,1100.7858015908857,5.936670756873863,6.774530891477027,6.088769065289201,1688.1216133439214,89.8343874349873,16248886.0
Persistence,Brasil,surge,1,82,2214.3571621563005,2588.6515001605226,1.1184609666018694,1.307515205110598,2.252399464692573,154.2571485193333,42.8437113150282,197982516.0
Persistence,Norte,surge,1,82,196.35714299955043,219.51456249524816,1.143317698173538,1.2781551028587386,1.8553438847948514,120.64744658429827,60.03960101942657,17174329.0
Persistence,Nordeste,surge,1,82,564.2857071097076,705.871088275547,1.0535714158400056,1.3179238681840428,1.2080063015643794,464.5965029289649,87.6227495300173,53559322.0
Persistence,Sudeste,surge,1,82,1390.0714453629741,1586.3168881967422,1.6925906419877892,1.9315446908470915,2.0552699684104345,19115.73447499397,83.78748094768918,82126854.0
Persistence,Sul,surge,1,82,473.42856838882636,605.3744975004674,1.6396859307360263,2.096671203759439,2.7118644115379733,232.44741726067718,21.725319236774823,28873125.0
Persistence,Centro-Oeste,surge,1,82,993.928575395622,1242.4847047574951,6.1169028781149795,7.646583924322536,6.2944974519578,102.14863350636028,96.70274061091432,16248886.0
Persistence,Brasil,surge,1,83,4061.2142829582035,4711.606875810241,2.051299460684803,2.3798095766245546,2.2938894200811624,82.4183059196679,89.62360435318737,197982516.0
Persistence,Norte,surge,1,83,303.64286184910054,349.5324460922382,1.76800422216845,2.0352029246221974,1.9019250292055103,87.75790333388825,92.77356426903276,17174329.0
Persistence,Nordeste,surge,1,83,619.0714170972624,765.3819248769972,1.1558611908815097,1.4290358733013782,1.208939845937122,194.17270631215635,95.41087746544767,53559322.0
Persistence,Sudeste,surge,1,83,1493.142875074033,1951.924480622251,1.8180933547923717,2.376718923900641,2.029438848742093,2701.937858025299,88.1964552838602,82126854.0
Persistence,Sul,surge,1,83,736.4285733410377,868.2196073400744,2.5505676068698406,3.0070164117672555,2.921154441512783,75.70895272219146,88.66731635103352,28873125.0
Persistence,Centro-Oeste,surge,1,83,1046.2142877468928,1265.8388347126336,6.43868316724539,7.790311500201513,6.5063801158238945,98.0100410952288,98.70934127522955,16248886.0
Persistence,Brasil,surge,1,84,2304.714303378613,2718.3018521836466,1.164099916468691,1.3730009634707574,2.46132844729411,136.99882317833737,42.60742223563058,197982516.0
Persistence,Norte,surge,1,84,243.35714443934214,289.73004954903547,1.4169819644152744,1.686994872108456,1.929374632095767,63.77882764350178,71.09425707613099,17174329.0
Persistence,Nordeste,surge,1,84,722.500015431986,840.2020775895539,1.3489715486540064,1.5687317281379214,1.1678638959769023,5234.725286093227,104.85965220577776,53559322.0
Persistence,Sudeste,surge,1,84,1668.642870922311,2155.2748848199035,2.031787155663251,2.6243241763770757,2.553975820254064,12015.368948377416,62.122913207211795,82126854.0
Persistence,Sul,surge,1,84,717.6428574613211,849.690069949418,2.4855046257075433,2.9428406864494856,2.9322868842957632,72.84111579283363,86.35880671883669,28873125.0
Persistence,Centro-Oeste,surge,1,84,945.142859951481,1027.7116108756343,5.816662508134287,6.324812734089182,5.981948577233264,209.55042773776728,123.57398792562213,16248886.0
Persistence,Brasil,surge,1,85,3154.2142950073276,3735.4834214945276,1.5931782051943049,1.8867743965303116,2.4136691158989305,228.8269527328723,48.35004432322949,197982516.0
Persistence,Norte,surge,1,85,153.99999803724413,169.30656869009542,0.896687131341458,0.9858118398110075,1.9497538920174586,85.03881604093603,37.66177759030539,17174329.0
Persistence,Nordeste,surge,1,85,725.142874241233,826.7882974582526,1.3539060002313568,1.5436870120541342,1.1218534950064671,5150.274539570446,101.51872385253296,53559322.0
Persistence,Sudeste,surge,1,85,2197.2857230201,2558.4253679841654,2.6754777712781985,3.115211704059875,2.4937032049418852,29689.800788164965,128.0704966331459,82126854.0
Persistence,Sul,surge,1,85,431.92857221601713,596.7972255857633,1.4959536670035445,2.0669644369487656,2.941192854568287,161.11066097929623,29.48640391504292,28873125.0
Persistence,Centro-Oeste,surge,1,85,518.2857230212086,713.6552929358235,3.18966926730367,4.39202596987771,5.820179241832323,96.25205173166265,59.337666790430475,16248886.0
Persistence,Brasil,surge,1,86,2372.00001405996,2762.120995259135,1.1980855996698012,1.3951337982082896,2.5062097547343307,149.60945353433314,37.667699107342074,197982516.0
Persistence,Norte,surge,1,86,160.21428588340308,174.9279439573388,0.9328707158422497,1.0185431055695906,2.021705145478459,97.13041319669335,31.383301717791994,17174329.0
Persistence,Nordeste,surge,1,86,487.5714289957253,554.1844669297457,0.9103390610428662,1.0347115053654818,1.1896021435579986,945.6827290525863,74.8464961932759,53559322.0
Persistence,Sudeste,surge,1,86,1867.2142867882997,2238.1701010029637,2.2735733756321648,2.725259756087776,2.6625186925920334,23390.546214454334,96.89677707990063,82126854.0
Persistence,Sul,surge,1,86,456.07142753074083,599.6023072362946,1.5795707168196753,2.076679636292554,2.846690744188545,162.81941082253124,31.131335711144587,28873125.0
Persistence,Centro-Oeste,surge,1,86,522.7857191114316,842.9525205544251,3.2173634494785155,5.187755767099511,5.963046184570274,54.80697024268404,43.651522190511244,16248886.0
Persistence,Brasil,surge,1,87,3073.357164495213,3481.4875089669217,1.5523376642487021,1.7584823040469502,2.683678526369781,106.51517940447738,58.43738845684377,197982516.0
Persistence,Norte,surge,1,87,308.0000069952556,347.93575625124396,1.7933743262706543,2.025905968444205,2.2142682905310997,72.40825246236217,85.06484532929963,17174329.0
Persistence,Nordeste,surge,1,87,364.64286635533125,489.73398124211525,0.680820542043701,0.9143767377079852,1.195603500288498,3605.9120400012916,34.154408601141874,53559322.0
Persistence,Sudeste,surge,1,87,1947.1428637369168,2422.851565670241,2.3708966907911955,2.950133175283009,2.90978425391951,10893.354685663659,70.3570809077516,82126854.0
Persistence,Sul,surge,1,87,660.6428642555896,764.4387826841876,2.2880892326535127,2.6475789603106263,3.1361344030647977,67.2611557096884,71.17076554798817,28873125.0
Persistence,Centro-Oeste,surge,1,87,510.92857387232885,781.8348969908661,3.1443913993385695,4.811621528951992,6.138003219672882,64.71696482664596,35.5535664860529,16248886.0
Persistence,Brasil,surge,1,88,2528.928584911922,3111.9484887466406,1.2773494528738698,1.5718299532806426,2.6944298361372816,191.36121612586211,26.44108074846457,197982516.0
Persistence,Norte,surge,1,88,132.99999932647745,197.77909503314152,0.7744116193795836,1.1515972183433862,2.2126046733633595,94.78737740427066,7.411230602448173,17174329.0
Persistence,Nordeste,surge,1,88,337.50000468664314,392.6346077038026,0.6301424142124935,0.7330836034552539,1.2233431014669098,2556.495861281193,33.08206324315697,53559322.0
Persistence,Sudeste,surge,1,88,2094.2142952452828,2455.1239729513522,2.549975060831239,2.9894289789200403,2.847946120494095,28895.53044773419,55.47750109387424,82126854.0
Persistence,Sul,surge,1,88,380.500000905101,453.7671699473932,1.317834494551944,1.5715900857541163,3.1846224088257165,109.13281270745655,25.781337880258768,28873125.0
Persistence,Centro-Oeste,surge,1,88,523.1428607487404,715.0648444050518,3.219561394847255,4.400700727453265,6.405713863903735,97.65814108057653,41.868638585907746,16248886.0
Persistence,Brasil,surge,1,89,3562.7857370282977,4197.41169673954,1.7995456412061648,2.1200921079008515,2.6813695188986038,87.91467965276424,64.78656796329139,197982516.0
Persistence,Norte,surge,1,89,199.78571999950168,215.87414115259773,1.163281080731024,1.256958226156013,2.287883135626434,63.4537141725362,50.93731175000108,17174329.0
Persistence,Nordeste,surge,1,89,575.9285692481283,670.6205478832456,1.0753096711122077,1.2521079857643562,1.2110736604642296,504.78019749631767,88.43378760919751,53559322.0
Persistence,Sudeste,surge,1,89,2216.9285758096403,3009.2691375637464,2.6993954691234614,3.664171937675521,2.826898541588001,3786.1836239011654,94.10385809869753,82126854.0
Persistence,Sul,surge,1,89,415.14285976133397,468.17457245508643,1.4378175544259029,1.62148909220975,3.073050538411341,112.20857386359593,32.155881910394285,28873125.0
Persistence,Centro-Oeste,surge,1,89,557.1428566724675,795.9631288873297,3.4288064835488874,4.898570455152001,6.512094781220959,71.38365205864552,41.176465175235805,16248886.0
Persistence,Brasil,surge,1,90,4957.428550115825,5695.107393996767,2.5039729013827787,2.876570875580128,2.696414136951276,87.5803694284283,93.21758206936272,197982516.0
Persistence,Norte,surge,1,90,326.2857189043597,361.8160596373309,1.899845513058238,2.106726030678293,2.279980981580842,76.8518569560428,86.01650023385176,17174329.0
Persistence,Nordeste,surge,1,90,649.142841048406,762.3772884564852,1.2120072039903829,1.4234259508671248,1.2138742925991595,98.10130606101659,99.74810684994198,53559322.0
Persistence,Sudeste,surge,1,90,2323.2142845589137,3181.975826676094,2.8288119797684126,3.874464528589022,2.826898541588,84.63416159363497,99.95894443434631,82126854.0
Persistence,Sul,surge,1,90,727.7857244366435,846.0229315420648,2.520633718853236,2.9301398152851994,3.1574097529674745,69.46429582548198,81.9488566022583,28873125.0
Persistence,Centro-Oeste,surge,1,90,938.4285714386979,1171.6788392961919,5.775340976844184,7.210825648577951,6.544624483418112,81.6759874872458,86.99818892703789,16248886.0
Persistence,Brasil,surge,1,91,2535.14286960182,2839.3801896537516,1.2804882576610048,1.4341570392275202,2.640132110352972,108.5025989704274,34.24974887432093,197982516.0
Persistence,Norte,surge,1,91,194.8571468127288,203.1399976683202,1.1345837546999873,1.1828118447499183,2.3298893520126263,77.09646067019874,45.79364282056566,17174329.0
Persistence,Nordeste,surge,1,91,526.0714471507407,659.0858035662862,0.9822220063777893,1.23057159604501,1.2097400203259845,1015.681353569206,47.98722565908879,53559322.0
Persistence,Sudeste,surge,1,91,1872.142861517093,2234.7762541287743,2.279574548803602,2.721127311328368,2.7382725783133055,42106.65183435172,63.688163995773834,82126854.0
Persistence,Sul,surge,1,91,691.0714375817713,807.0021773191036,2.3934764165007123,2.7949942284359715,3.1529567794631674,66.7779851552742,77.53208747302361,28873125.0
Persistence,Centro-Oeste,surge,1,91,545.2857173433163,722.1040788333769,3.3558344697803664,4.444022063010208,6.275595063298845,85.8758964814158,51.539467747911075,16248886.0
Persistence,Brasil,peak,1,92,3291.857170168624,4235.487625020285,1.6627009478799757,2.139324072950101,2.6379674151463215,178.50011776696877,56.006894352293614,197982516.0
Persistence,Norte,peak,1,92,117.07143013196466,188.2299102138651,0.6816652349676349,1.095995716711058,2.3494368063567066,106.91268531947053,7.539357697822381,17174329.0
Persistence,Nordeste,peak,1,92,397.571439351369,545.0883457376659,0.7423011055878732,1.0177282411036979,1.2269439083494997,871.7160963262523,28.59145310462104,53559322.0
Persistence,Sudeste,peak,1,92,1944.2142909916415,2248.725185924236,2.3673307770825383,2.738111928559002,2.925178559882798,35480.28942788306,60.18098531043257,82126854.0
Persistence,Sul,peak,1,92,546.9999921364744,686.4251022769972,1.894495286313741,2.37738416703075,3.0611759260878686,153.2542410022931,43.83336317267768,28873125.0
Persistence,Centro-Oeste,peak,1,92,2241.142862359738,2283.941178353036,13.792593919113827,14.055986227936094,5.390259600813632,400.2909020475975,257.4246141340805,16248886.0
Persistence,Brasil,peak,1,93,3746.9286026266695,4559.96732509992,1.8925553015129224,2.303217181612098,2.420235344068871,198.4540554917106,85.86598566836523,197982516.0
Persistence,Norte,peak,1,93,125.00000148758076,189.56566665485238,0.7278304816891581,1.1037733506494045,2.2982807221058517,108.43964541139098,12.712243557937843,17174329.0
Persistence,Nordeste,peak,1,93,393.0714350162525,497.4082284212186,0.7338991987543316,0.9287052371970255,1.12812157195242,780.9481330368504,27.728509514179216,53559322.0
Persistence,Sudeste,peak,1,93,2690.571439198401,3113.0223686920704,3.2761165296778576,3.7905048313333305,2.5636298585654647,65698.7515487903,225.34128413317444,82126854.0
Persistence,Sul,peak,1,93,522.8571353115702,649.8702019890931,1.8108782312672087,2.2507788886346494,2.975579766918264,146.25022903906694,40.87206948052598,28873125.0
Persistence,Centro-Oeste,peak,1,93,638.4285764548739,732.7356792771913,3.92906059193765,4.509451781969492,5.096613102312558,138.5856970177739,81.9615640010716,16248886.0
Persistence,Brasil,peak,1,94,2614.714311041361,2836.450908544422,1.320679403347597,1.4326774736736965,2.4913455216692593,108.65635180268795,37.50488171453898,197982516.0
Persistence,Norte,peak,1,94,159.7857124218862,225.4504956699144,0.9303752852404666,1.3127179272617544,2.149803311983254,130.99437846212942,27.90899349446496,17174329.0
Persistence,Nordeste,peak,1,94,417.7142917450641,441.61684264298316,0.7799095958404106,0.824537776342619,1.184000873290001,526.5870221350283,46.57201579824829,53559322.0
Persistence,Sudeste,peak,1,94,2145.5000149978273,2659.320820734841,2.6124220160653264,3.2380648852503726,2.9030872968500825,17853.09833573893,80.70711143427202,82126854.0
Persistence,Sul,peak,1,94,493.5714238847796,617.0714224409508,1.7094492677352369,2.1371826653365393,2.7554046765223,146.4072852197609,43.3768689412516,28873125.0
Persistence,Centro-Oeste,peak,1,94,817.5714313741925,897.5765801893092,5.031553740817632,5.523926872213328,4.611305106751797,178.37753790927135,156.60831168719676,16248886.0
Persistence,Brasil,peak,1,95,2721.9285957305033,2906.5623672077004,1.3748328138887291,1.468090428352623,2.4371921111281263,100.33771047944266,48.55893085134434,197982516.0
Persistence,Norte,peak,1,95,160.49999770243787,218.2807766726962,0.9345343139894308,1.2709712075079975,2.0957359079409748,128.05882690595107,32.07386095796226,17174329.0
Persistence,Nordeste,peak,1,95,399.0714371602495,441.7024819679907,0.7451017344100239,0.824697672550804,1.1691975258560967,619.2371692376989,36.849419019766515,53559322.0
Persistence,Sudeste,peak,1,95,2210.7857311355665,2922.683709344496,2.691915766231063,3.5587430505307025,2.9295272398541985,10167.419381062662,86.48468539801948,82126854.0
Persistence,Sul,peak,1,95,573.0714230415659,673.5851290351012,1.9847918195261718,2.332913839548373,2.5819858654664234,161.8698155228126,92.01346245586542,28873125.0
Persistence,Centro-Oeste,peak,1,95,693.2142929914497,748.1621805798527,4.266226576957028,4.604390606099721,4.231938412830398,156.6353617299635,166.5607893002187,16248886.0
Persistence,Brasil,peak,1,96,3256.8571467136835,4207.372867841314,1.645022607306235,2.125123446679157,2.4227969024149556,58.202616312862105,72.0944205105779,197982516.0
Persistence,Norte,peak,1,96,163.28571090050406,214.00132909586472,0.9507545296267707,1.246053508674864,2.046243442108091,126.65712870589876,31.48902533935059,17174329.0
Persistence,Nordeste,peak,1,96,530.5000031939086,626.7954155950137,0.9904905129193169,1.1702825804908688,1.1555944549673791,193.2292467835575,82.22261236908744,53559322.0
Persistence,Sudeste,peak,1,96,2379.428581397942,3317.7748534358425,2.8972601110447282,4.039817297075379,2.937093931645443,853.9760650665585,98.69529936594337,82126854.0
Persistence,Sul,peak,1,96,366.07143618620256,444.60456815089685,1.2678621942938375,1.5398560708302163,2.6398745974507896,59.71612541099158,47.47523861776899,28873125.0
Persistence,Centro-Oeste,peak,1,96,307.14284732845675,424.371458249054,1.8902394128954854,2.611695707933787,4.012582717867406,3622.4648100749523,36.173872599345174,16248886.0
Persistence,Brasil,peak,1,97,3343.357148000513,4269.86973144983,1.6887133346666394,2.156690306658104,2.4027734886152814,61.95026383540644,73.38868381268912,197982516.0
Persistence,Norte,peak,1,97,229.0714358224016,266.7517652973686,1.3338013719336668,1.5532005081384468,2.0441639293771545,63.91372442517623,64.75832556849531,17174329.0
Persistence,Nordeste,peak,1,97,584.7857122695809,730.3100535320368,1.0918467419538673,1.3635535818247229,1.153727366486519,85.74803482098186,95.41958115911076,53559322.0
Persistence,Sudeste,peak,1,97,2384.142862222485,3321.362131233946,2.9030003538458744,4.044185268845128,2.9344847268408465,794.4394344215449,98.81390851449399,82126854.0
Persistence,Sul,peak,1,97,389.85714320779647,453.09995881508416,1.3502422865824064,1.5692792477956028,2.4951527691716002,110.72990724027906,49.73634916177334,28873125.0
Persistence,Centro-Oeste,peak,1,97,310.3571309676225,421.8978281174121,1.9100209760079705,2.5964723250406956,4.04731036665255,3680.6075162952584,35.15874532458328,16248886.0
Persistence,Brasil,peak,1,98,5354.857165432455,5988.614920224902,2.704712150153933,3.024820090792715,2.210368330993196,293.70490722506213,149.52724690729104,197982516.0
Persistence,Norte,peak,1,98,217.7142928969422,247.63972280934044,1.267672774272242,1.4419178927417802,2.0861701448512453,65.22013692834288,58.02094663306059,17174329.0
Persistence,Nordeste,peak,1,98,496.2857249518344,642.7182409543045,0.926609423756026,1.2000119063387407,1.0935804393343698,1128.1901407461114,61.91396505030174,53559322.0
Persistence,Sudeste,peak,1,98,5759.428583828342,6053.4817162618765,7.012844524433315,7.370892005995842,2.4566525051253727,116488.22891383416,327.3940045439841,82126854.0
Persistence,Sul,peak,1,98,558.2857216250693,673.6105359410917,1.9335826019007964,2.3330018345471495,2.532755708379573,67.3293122281783,73.34204856092862,28873125.0
Persistence,Centro-Oeste,peak,1,98,326.4285648732178,414.36629070796255,2.0089288882525103,2.550121224974823,4.205123377455981,4035.0197526160714,39.30347654869399,16248886.0
Persistence,Brasil,peak,1,99,3190.7143071348555,3649.6181077006977,1.6116141827063433,1.8434042467167644,2.448340282718231,165.67200161913976,58.480056836617905,197982516.0
Persistence,Norte,peak,1,99,144.7142894849094,181.4918349959933,0.8426197581571274,1.0567623049261097,2.245876946204265,83.19398377484735,32.20173275351685,17174329.0
Persistence,Nordeste,peak,1,99,469.50000990125693,602.2968713608316,0.8765981203071557,1.124541627619617,1.1345230299658202,1058.4035313607287,52.308899326978825,53559322.0
Persistence,Sudeste,peak,1,99,2165.571430113334,2406.0879084907892,2.6368615436229104,2.9297212681381772,2.8415970648313773,45378.77386437827,69.80006101039541,82126854.0
Persistence,Sul,peak,1,99,557.1428527102128,650.1579992386784,1.9296243572880065,2.2517756537911238,2.546609417090453,138.84942719698748,93.34675124200075,28873125.0
Persistence,Centro-Oeste,peak,1,99,429.2142789366877,565.7895179272191,2.64149972457612,3.4820203546705852,4.830660763738474,3831.6897579540096,40.22811477042278,16248886.0
Persistence,Brasil,peak,1,100,3816.7857280736566,4523.576341153458,1.9278397937288847,2.2848362737007837,2.5061015187466995,218.4445669649481,100.24741043423194,197982516.0
Persistence,Norte,peak,1,100,189.85713940003217,233.90351478597788,1.105470492617395,1.3619368464757946,2.3232349205447984,130.09390574396159,36.820618381135816,17174329.0
Persistence,Nordeste,peak,1,100,452.28572480200677,509.5219186072677,0.8444575246901123,0.9513225701536471,1.2114737515360636,818.6076297500514,40.48127956930951,53559322.0
Persistence,Sudeste,peak,1,100,2893.0714301231747,3394.535082147461,3.5226862946962205,4.133282741047722,2.8042854569891236,72227.99538089147,165.12934840893865,82126854.0
Persistence,Sul,peak,1,100,375.28571420924334,407.4206324026639,1.2997751861263487,1.4110721731806444,2.6430906269994376,78.82979967860535,43.66966514204067,28873125.0
Persistence,Centro-Oeste,peak,1,100,453.85714398150793,557.4883760893898,2.793158521645779,3.430932902658003,5.216181715469442,6136.161118394373,49.358703351288256,16248886.0
Persistence,Brasil,peak,1,101,4248.285741671679,4867.669335930261,2.145788339042867,2.4586359615362503,2.642296809567915,233.34818596444143,109.88800279316544,197982516.0
Persistence,Norte,peak,1,101,209.1428531489714,245.8219388517375,1.2177643339019033,1.4313335842799886,2.4130699929473147,135.0908819250602,39.15278801263244,17174329.0
Persistence,Nordeste,peak,1,101,504.21429569753343,615.6096451306852,0.9414127678792003,1.149397755876531,1.2710872222820717,1059.778872735324,50.55183320966148,53559322.0
Persistence,Sudeste,peak,1,101,2658.4285881602927,3014.827139319831,3.236978477417743,3.6709395191490364,3.0604223237462054,61790.09303745058,126.82983424499446,82126854.0
Persistence,Sul,peak,1,101,728.3571398530845,818.3573679087241,2.522612775212536,2.834322117570315,2.5755537723987816,173.74009264973492,125.67334752731156,28873125.0
Persistence,Centro-Oeste,peak,1,101,531.8571431921831,603.9121315732012,3.2731914248901934,3.716637137913339,5.4096015698858215,7600.182879834484,42.40540368794551,16248886.0
Persistence,Brasil,peak,1,102,4548.571447745983,5237.9811799979225,2.297461179726589,2.64567866184604,3.0609484950319916,198.66155010750717,80.3765086305787,197982516.0
Persistence,Norte,peak,1,102,208.3571392687648,237.98333834627564,1.2131894018611429,1.3856922057698768,2.53077057673805,121.47536589416289,33.07465312532279,17174329.0
Persistence,Nordeste,peak,1,102,537.2857254988915,610.1773890113707,1.0031600577372721,1.1392552523562016,1.3701762845832222,986.9223519894713,50.68674211404914,53559322.0
Persistence,Sudeste,peak,1,102,2898.5000127475373,3490.3027838112926,3.529296291743426,4.249892226251955,3.8390957569546256,41403.20272539081,70.79156598659499,82126854.0
Persistence,Sul,peak,1,102,506.07142812677455,605.8188661930293,1.7527421369414449,2.098210242892064,2.785338570042251,121.75335457129574,78.79212258273762,28873125.0
Persistence,Centro-Oeste,peak,1,102,887.7857288637089,1011.0259033440238,5.463671348692512,6.222124417292507,5.751163472873667,12220.543876715838,110.82606606775383,16248886.0
Persistence,Brasil,peak,1,103,4686.500014272927,6670.51188089633,2.3671282237230113,3.3692429087507554,3.127368501692591,67.32873566109001,72.19412022040497,197982516.0
Persistence,Norte,peak,1,103,202.99999685843994,236.19997368809865,1.1819966699044833,1.375308308627945,2.597730983437277,105.28361505689772,41.166037276154725,17174329.0
Persistence,Nordeste,peak,1,103,776.3571284019445,948.1057358455736,1.4495275507818126,1.770197419313063,1.486869322957345,82.97777479493642,97.76858915916745,53559322.0
Persistence,Sudeste,peak,1,103,3173.7857217484,4688.02587882661,3.8644920232161826,5.7082740303514,3.861882804195049,92.1318047245113,99.94505091224686,82126854.0
Persistence,Sul,peak,1,103,495.7857134536413,643.0364909966524,1.7171183010278286,2.2271108201715344,3.0183778183644128,52.99097320684377,54.15128305513666,28873125.0
Persistence,Centro-Oeste,peak,1,103,581.2857177484719,682.65867914948,3.577388122167095,4.2012644999139015,5.57576684019502,6730.3395006585215,61.83921727144558,16248886.0
Persistence,Brasil,peak,1,104,5401.857129532894,7392.035072280387,2.7284516020257534,3.7336807419299527,3.1340429725283894,71.79069667858937,79.38554187079095,197982516.0
Persistence,Norte,peak,1,104,398.571436234082,461.74916475094653,2.3207394957560323,2.6886009040058947,2.6060490411828137,81.75907465906744,87.04350204724092,17174329.0
Persistence,Nordeste,peak,1,104,773.571418281268,945.6508646756349,1.4443263831481437,1.7656139573156562,1.486735960087731,81.50595769924674,97.44981618190566,53559322.0
Persistence,Sudeste,peak,1,104,3181.2142877688007,4688.108276418079,3.873537257093521,5.708374360009065,3.870928044722561,99.20636156372363,99.94505091224686,82126854.0
Persistence,Sul,peak,1,104,470.2142847740004,604.2026032841941,1.6285534897036618,2.092612432094531,3.026294225672254,54.81271890993154,54.25956845127763,28873125.0
Persistence,Centro-Oeste,peak,1,104,736.7142854460501,981.7809676728932,4.533937190808342,6.0421432439915765,5.588954558270319,1491.375889863264,74.91057473083569,16248886.0
Persistence,Brasil,peak,1,105,4209.571459788268,5531.3250032686765,2.1262339447127077,2.7938451914959384,3.281097801284454,99.17840411743073,59.889934389285976,197982516.0
Persistence,Norte,peak,1,105,243.92856784561258,291.2260982715481,1.4203091593599528,1.6957058309034843,2.6147829959588123,136.64784751789384,57.902701300532954,17174329.0
Persistence,Nordeste,peak,1,105,580.2142938171653,714.2331170926883,1.0833114986354109,1.3335365169347893,1.6447716769480087,851.2963559117892,40.174256358793855,53559322.0
Persistence,Sudeste,peak,1,105,2900.6428707704067,3775.018648110868,3.531905496794516,4.5965703838002465,4.049919433639734,1354.4908663424726,80.66274614431813,82126854.0
Persistence,Sul,peak,1,105,672.4999971654528,822.7394567168027,2.3291555630554464,2.849499168229288,3.1015000875916723,66.07506441179395,73.90371734744863,28873125.0
Persistence,Centro-Oeste,peak,1,105,599.8571469839709,828.3789761351765,3.691681675802088,5.098066268267107,5.812266569362653,3267.484236820527,54.258266751587016,16248886.0
Persistence,Brasil,peak,1,106,4933.785749499066,5590.294538240228,2.4920310384877955,2.8236304150414107,3.0599022221829775,223.56495729319218,116.60133802058698,197982516.0
Persistence,Norte,peak,1,106,243.28571350943164,271.13754868507465,1.41656604755523,1.578737362519809,2.462978343881729,129.98203297764425,44.6642783793657,17174329.0
Persistence,Nordeste,peak,1,106,620.2142962345363,736.4890291518975,1.157995047499922,1.3750902768184734,1.5844913883595972,879.2326865309533,59.29828682837141,53559322.0
Persistence,Sudeste,peak,1,106,3279.6428716137975,3760.161870290231,3.99338670834,4.578480347354144,3.702721353131194,3527.8675213698166,300.7915044755964,82126854.0
Persistence,Sul,peak,1,106,456.0000017544727,522.225733913177,1.579323338760431,1.8086914177567444,2.971126754269315,83.9943449995894,65.5006331080142,28873125.0
Persistence,Centro-Oeste,peak,1,106,648.2142939209405,715.4342971552775,3.989284520310749,4.402974438710921,5.462792073902648,7916.758730198256,72.6544451847993,16248886.0
Persistence,Brasil,decline,1,107,5168.785722129831,7132.339735463847,2.6107283746862935,3.602509898128503,3.5118180254334392,70.8096650747072,77.21062762828615,197982516.0
Persistence,Norte,decline,1,107,239.85714409601604,286.83743653807005,1.3966027091714386,1.6701522169400043,2.6942204846126225,85.82339972402575,49.7983017326859,17174329.0
Persistence,Nordeste,decline,1,107,925.9999997357141,1153.4513426845633,1.7289240512337218,2.1535958627044667,1.8734900406730945,121.3523593347865,91.8593750120605,53559322.0
Persistence,Sudeste,decline,1,107,3740.714266178886,5369.041857425196,4.554800389868685,6.53749851105364,4.607506301864443,110.90855599208896,98.65017386846681,82126854.0
Persistence,Sul,decline,1,107,484.50000162038947,531.0835986200497,1.6780310465887898,1.839369997601748,2.828878804186512,89.20648340278152,78.90873161544724,28873125.0
Persistence,Centro-Oeste,decline,1,107,549.4285849969067,688.7544794596448,3.381330787826973,4.238779689017726,5.451802318974681,5912.745972628912,56.225522096120244,16248886.0
Persistence,Brasil,decline,1,108,6507.85714405915,8684.649414763971,3.287086797128667,4.386573920882979,4.4250660476726305,175.64758248477509,75.61042855070488,197982516.0
Persistence,Norte,decline,1,108,527.7857162179187,890.0906488118361,3.073108219936387,5.182680783696622,3.929036862378681,67.29674584310487,74.15277989667871,17174329.0
Persistence,Nordeste,decline,1,108,832.9285830781042,1134.686590195364,1.5551514693895943,2.11856040708537,2.311322316022527,700.6081838480658,56.254508114914785,53559322.0
Persistence,Sudeste,decline,1,108,4447.142839328678,5248.754387096313,5.414967970560126,6.39103305612597,5.697631709906019,3309.5307539647797,110.87701963280986,82126854.0
Persistence,Sul,decline,1,108,742.5000006684443,1219.0626664353854,2.5715955604682357,4.222136212950228,3.76746789259895,49.07241743580674,46.224477269459385,28873125.0
Persistence,Centro-Oeste,decline,1,108,772.2142911578647,1106.1395277976092,4.752413741827377,6.807479157633386,6.6532033460896995,2994.4488318023314,63.22174435567353,16248886.0
Persistence,Brasil,decline,1,109,8589.571415604783,12351.401074165306,4.338550488773859,6.2386322407203405,5.3359689919709306,85.0941442333294,79.28713577706513,197982516.0
Persistence,Norte,decline,1,109,510.21428987776915,856.4139148031854,2.9707960635770347,4.986593157748319,4.449747580588577,88.97528227055598,50.25552799494831,17174329.0
Persistence,Nordeste,decline,1,109,1223.7857137130377,1774.4678689639302,2.284916365657201,3.3130887447827106,2.9159923011549447,407.23455002285067,70.17862613643987,53559322.0
Persistence,Sudeste,decline,1,109,5445.357127310647,7721.310276486361,6.630422160467327,9.401687633726187,7.067898655758622,590.7362056940182,93.7422243370855,82126854.0
Persistence,Sul,decline,1,109,829.857145899181,1342.296861100493,2.8741507748093804,4.648949017816718,4.492066588652868,49.58982355268039,53.039549687893256,28873125.0
Persistence,Centro-Oeste,decline,1,109,816.3571496204484,1113.5901127304687,5.02408072541372,6.853332054458803,6.995204821705659,3141.3236210061,67.30973772493698,16248886.0
Persistence,Brasil,decline,1,110,9794.142824753455,13462.435110680759,4.946973612939364,6.799810095695904,5.560591999115289,73.4062459463927,84.83927777040671,197982516.0
Persistence,Norte,decline,1,110,541.5714315205242,864.1863268052127,3.1533775294541306,5.031849144180321,4.634824465230338,92.94977962122256,52.32637651198995,17174329.0
Persistence,Nordeste,decline,1,110,1611.9285695050696,2127.778030756143,3.0096134702845374,3.972750123229982,3.123505860545003,111.82101928969864,95.24962698021653,53559322.0
Persistence,Sudeste,decline,1,110,5806.642817122619,8244.771002171472,7.070333921621566,10.039068344407143,7.148088191821118,123.60351002682128,98.5395165306596,82126854.0
Persistence,Sul,decline,1,110,1004.2857153603062,1462.6925759532123,3.478271629275689,5.065930951198433,5.180794050227244,65.53385541348055,55.35424945765487,28873125.0
Persistence,Centro-Oeste,decline,1,110,1173.714285370984,1433.4428616984499,7.223352329328818,8.821791608965993,7.223352329328818,99.85426903550135,99.8863695022232,16248886.0
Persistence,Brasil,decline,1,111,10155.142812564507,13626.169676277676,5.129312940221705,6.882511623540371,5.676403091000867,78.27292971935653,87.06049986450992,197982516.0
Persistence,Norte,decline,1,111,699.9285728433998,1012.6132782206487,4.075434754064626,5.89608641025014,4.781638264896858,76.62040629231238,82.50951469941975,17174329.0
Persistence,Nordeste,decline,1,111,1798.4999938615197,2237.910293319087,3.3579588514236973,4.178376816120053,3.405169513357282,92.6448442536541,98.2161125259494,53559322.0
Persistence,Sudeste,decline,1,111,5890.214239277549,8294.64011176631,7.172092869011576,10.09979039470611,7.180616268678144,98.78229965831643,99.80002575829138,82126854.0
Persistence,Sul,decline,1,111,1204.999999385307,1713.4120093933193,4.173431173055591,5.934279747666106,5.41383329840108,59.176212183931206,70.71971922618215,28873125.0
Persistence,Centro-Oeste,decline,1,111,746.50001066132,1030.8169142865038,4.594161166872117,6.343923603664299,6.972346113700575,4140.446993069202,63.604084750254714,16248886.0
Persistence,Brasil,decline,1,112,9304.999998403106,12648.174398383455,4.699909964980496,6.388530994516432,6.378124517096585,80.18969083075433,69.51997434050338,197982516.0
Persistence,Norte,decline,1,112,642.8571454156247,942.3927791611013,3.7431281618957266,5.487217457876237,5.046568555109548,78.67364853692132,65.34949707299833,17174329.0
Persistence,Nordeste,decline,1,112,1601.4285667775696,2102.3453212254117,2.990009034799898,3.9252650009748287,3.9302215056169403,242.10721748506128,68.4025911512843,53559322.0
Persistence,Sudeste,decline,1,112,6102.071433667608,8092.345642128061,7.430056231872231,9.853470878268466,8.498612198358485,296.9642327002877,87.99181073325303,82126854.0
Persistence,Sul,decline,1,112,1266.1428565978492,1746.1872751494934,4.385195078807193,6.047794532630235,5.500419011097169,65.8708145605401,74.15975221327004,28873125.0
Persistence,Centro-Oeste,decline,1,112,734.500006028424,904.9938112347165,4.520309921728935,5.569574500274767,6.696283212394211,6867.445332330391,64.87707102685576,16248886.0
Persistence,Brasil,decline,1,113,7935.071449123267,9431.12931023172,4.007965758513377,4.763617263168693,6.5209582023440325,181.67356474059244,57.63837763746366,197982516.0
Persistence,Norte,decline,1,113,458.7142893970882,755.640225077377,2.6709299058908686,4.399823859653422,5.327719067121091,118.9731515775733,36.97121802444631,17174329.0
Persistence,Nordeste,decline,1,113,1247.357142786384,1712.9873860945388,2.3289263123726323,3.198299235555183,4.130133345276902,452.5539842566518,44.04440650697877,53559322.0
Persistence,Sudeste,decline,1,113,5584.428555523919,6405.064182796875,6.799759498304805,7.798988845715282,8.503395751146327,1029.4934724848447,64.24320882449553,82126854.0
Persistence,Sul,decline,1,113,940.8571447037345,1261.937230372233,3.2585913187565754,4.370629193661002,5.753744057506806,75.4587475416076,62.62348268807244,28873125.0
Persistence,Centro-Oeste,decline,1,113,1133.5714376757185,1248.9484235202121,6.976302484217801,7.686363382204861,7.006194582259962,14078.232418819649,139.41168622980112,16248886.0
Persistence,Brasil,decline,1,114,9072.500038331233,10945.09250624416,4.582475372891631,5.528312664863881,7.242450482090504,153.57745323132576,58.88297041200093,197982516.0
Persistence,Norte,decline,1,114,514.7857167581202,787.0922560931479,2.9974138538869273,4.582957832548496,5.637566891341872,118.88244161726388,49.045894307402286,17174329.0
Persistence,Nordeste,decline,1,114,1523.7857150015532,2049.7340076109035,2.8450429506959654,3.8270350166324056,4.725201159057075,480.9329145015073,51.499249469812085,53559322.0
Persistence,Sudeste,decline,1,114,6137.785730631067,7056.025909960654,7.4735429785622465,8.591618412609174,9.429402241232392,760.1527638887153,67.84348326984905,82126854.0
Persistence,Sul,decline,1,114,1195.928573878407,1611.5829648571537,4.142012940678943,5.581602146830845,6.642113437316454,74.63048741957769,68.28158219584917,28873125.0
Persistence,Centro-Oeste,decline,1,114,1072.6428682077837,1162.6154413344213,6.601331735651194,7.155047068053905,7.249288153833168,12957.835890819277,120.41663229915235,16248886.0
Persistence,Brasil,decline,1,115,9590.714314173814,10847.673006181038,4.844222867727276,5.4791065521063675,7.614669492357482,177.29169853724952,57.95479531685947,197982516.0
Persistence,Norte,decline,1,115,523.3571445991095,780.1865652068285,3.047322224927154,4.542748454433524,5.742374475204745,124.81274108740512,47.69922796964261,17174329.0
Persistence,Nordeste,decline,1,115,1911.785715203768,2574.9608743611825,3.569473331278854,4.8076801165652965,5.531783438426136,510.7146802895433,63.46699536074014,53559322.0
Persistence,Sudeste,decline,1,115,6047.571434367378,6707.720023193538,7.363695478177428,8.167511229875599,9.624135818728453,1003.235912156565,58.656700640078945,82126854.0
Persistence,Sul,decline,1,115,1368.6428596948042,1742.7824047568015,4.740196496551046,6.0360020079461485,7.231391034584535,78.05115186717721,69.06192209284387,28873125.0
Persistence,Centro-Oeste,decline,1,115,985.5000099723628,1049.718237088823,6.065031227201439,6.460247410738329,6.983775453145299,10751.253339865687,87.45727004960801,16248886.0
Persistence,Brasil,decline,1,116,11337.0714911988,12933.791394152635,5.726299332007075,6.532794741406677,8.540400597392196,277.47380047487076,49.78715962557489,197982516.0
Persistence,Norte,decline,1,116,634.428574247666,888.6304118936891,3.694051594374755,5.174178344281684,6.419048869828336,131.959630723321,49.94198672514678,17174329.0
Persistence,Nordeste,decline,1,116,2485.785713193459,3531.0620863359136,4.641182188963218,6.592805798280855,6.78806734143528,571.3519869154509,66.3090667207758,53559322.0
Persistence,Sudeste,decline,1,116,7227.285769548761,8075.815035459597,8.80014930262489,9.833342740073299,10.440990639028758,1650.0970468116084,52.01854847909057,82126854.0
Persistence,Sul,decline,1,116,1718.9285728860375,2110.580606728305,5.953385970122865,7.30984473183386,8.615772823002581,131.53482323606514,55.8373846787199,28873125.0
Persistence,Centro-Oeste,decline,1,116,1550.0714339136644,1747.3142930836605,9.539555104969438,10.753440531761134,6.818489387361527,18653.113970371927,224.60571105016416,16248886.0
Persistence,Brasil,decline,1,117,14353.428573554993,18409.825157459472,7.249846533698457,9.298712598166736,8.88390134856234,88.1417282233724,82.7783278870642,197982516.0
Persistence,Norte,decline,1,117,694.7142890622746,971.4899501738915,4.0450738370172985,5.656639919812248,6.468957242418855,108.8954545710038,50.66854550551359,17174329.0
Persistence,Nordeste,decline,1,117,3127.785707620447,4078.8362826657967,5.839853065392513,7.6155487604301575,7.225499529142061,349.18527006730164,78.74270281379697,53559322.0
Persistence,Sudeste,decline,1,117,8402.85714399729,11150.383892351249,10.231558539911061,13.577025478598326,10.533530407292266,88.57772612835961,97.21933218842811,82126854.0
Persistence,Sul,decline,1,117,2024.4285738625072,2544.9404160850595,7.011463337835814,8.814218814503311,9.754003819460172,107.1678138661121,70.61182327932396,28873125.0
Persistence,Centro-Oeste,decline,1,117,790.2142934927917,1092.9489963444867,4.863190581143789,6.726301091314732,7.018942691195016,4337.540151354664,71.71662358442057,16248886.0
Persistence,Brasil,decline,1,118,16839.714268133368,20662.822263599846,8.505657271338732,10.436690411389582,9.035502038035201,88.07891568807345,93.2715432101941,197982516.0
Persistence,Norte,decline,1,118,1004.6428573931847,1287.677952302326,5.849677488961489,7.49769002505033,6.5367494554994545,80.66091553677039,87.00476870693305,17174329.0
Persistence,Nordeste,decline,1,118,4041.2142736072965,4809.416325365095,7.54530513587774,8.979606435953567,7.58451399666205,99.14847655140946,99.34076419553622,53559322.0
Persistence,Sudeste,decline,1,118,8564.357137983101,11267.864134650934,10.428205539181011,13.720072772604844,10.570668076465095,91.62614571485025,98.55833517225945,82126854.0
Persistence,Sul,decline,1,118,2369.9285761073447,3175.2601825619,8.208077844387626,10.99728617031201,10.038252339252596,62.7893415356835,79.75811067765025,28873125.0
Persistence,Centro-Oeste,decline,1,118,961.4285740455533,1317.1215935043401,5.916889158097074,8.105919344282064,6.918276449363832,3329.554922801326,78.80500537996986,16248886.0
Persistence,Brasil,decline,1,119,12662.00002215363,15931.090625197912,6.3955142494267685,8.046715915660911,9.48013004217956,75.73834266605961,65.29332745435894,197982516.0
Persistence,Norte,decline,1,119,771.7857160273622,1074.2083836860313,4.493833302176535,6.254732768226527,6.520945139790032,62.42148893621491,64.92071655281194,17174329.0
Persistence,Nordeste,decline,1,119,2399.0714196370036,3320.8523852307844,4.479278919245847,6.200325659893127,8.129703865459247,56.05635863557097,47.201108099586186,53559322.0
Persistence,Sudeste,decline,1,119,7713.6428823078,9123.043595246998,9.392351595871187,11.108478105403865,11.322814609576987,251.75756430186968,78.33848911101728,82126854.0
Persistence,Sul,decline,1,119,2438.2857177580404,3217.579815390081,8.444827907467724,11.143857186882546,10.17060478081711,65.90270641473855,81.65690737514501,28873125.0
Persistence,Centro-Oeste,decline,1,119,815.6428649554472,1018.650759843651,5.019684826119447,6.269049828053757,6.518688602374936,19629.417280280024,68.0989175293684,16248886.0
Persistence,Brasil,decline,1,120,19649.49997636051,23157.13072107101,9.924866282818886,11.696553407307446,10.968392772804503,84.537706598503,90.2172424895204,197982516.0
Persistence,Norte,decline,1,120,1092.071429069708,1366.589264882394,6.358742918397033,7.957162488749307,7.4242867309093015,76.36008939787168,80.97452651252016,17174329.0
Persistence,Nordeste,decline,1,120,4168.285696416867,4886.742922121865,7.782558741906529,9.123982043913598,9.07458405917997,81.08022571029478,84.22860685905746,53559322.0
Persistence,Sudeste,decline,1,120,10516.928577610344,12947.470286206826,12.805712218819858,15.765209131481923,13.26580184664821,81.31685884557069,96.6303619648273,82126854.0
Persistence,Sul,decline,1,120,2831.5000036061406,3541.9385869171547,9.806697417082981,12.26725055537686,11.55325486059926,72.25071494965576,85.25956498108633,28873125.0
Persistence,Centro-Oeste,decline,1,120,1192.5714273258106,1667.6706061195543,7.339404235624588,10.263291933487343,8.30562426789427,6313.588411609722,86.16522656132759,16248886.0
Persistence,Brasil,surge,2,125,21162.64283248828,26996.696176460213,10.68914733485268,13.63589912983034,12.655699051958475,82.48925201990949,81.81089652856775,197982516.0
Persistence,Norte,surge,2,125,819.2857134263725,996.3296920705766,4.77040886678235,5.801272888568611,6.560455917191168,3532.8801058726276,67.93025112790069,17174329.0
Persistence,Nordeste,surge,2,125,4572.285689219829,6312.386887554666,8.536862526414783,11.785785651944336,11.961636481904527,15339.062039554381,64.78030442357066,53559322.0
Persistence,Sudeste,surge,2,125,10783.357159124003,14119.811647424538,13.1301232592253,17.192685412526014,13.504804944040243,2646.0983793637865,97.16322366195308,82126854.0
Persistence,Sul,surge,2,125,3881.0000036922893,5266.248828133625,13.441565482407219,18.23927554822564,16.8827289503593,9426.456925420713,78.32883383425981,28873125.0
Persistence,Centro-Oeste,surge,2,125,1557.1428512277405,2041.1473161916024,9.583074502631998,12.561767718670698,9.583074463685199,78.49772677050215,99.93446619003919,16248886.0
Persistence,Brasil,surge,2,126,13025.142849161462,17347.364571578764,6.578935914301373,8.76206895541158,12.776669318226674,172.31347944213553,44.11159841479846,197982516.0
Persistence,Norte,surge,2,126,777.357140508363,892.831007953322,4.526273722300085,5.198636918818325,7.19637179075778,6540.888467170871,57.16565287147081,17174329.0
Persistence,Nordeste,surge,2,126,3424.4999884878016,5040.860484513397,6.393844919261303,9.411733189067249,12.191688469889275,32330.93423604668,45.540076281763895,53559322.0
Persistence,Sudeste,surge,2,126,9408.285738608653,11013.525630364327,11.45579707534962,13.410382955085954,13.462970681025107,123158.96037742354,64.92914075498575,82126854.0
Persistence,Sul,surge,2,126,4355.0714303240175,5721.267986187861,15.08347790661391,19.815201805096823,17.08138130614081,4879.2199819865145,87.3675822004237,28873125.0
Persistence,Centro-Oeste,surge,2,126,1445.6428533419346,1877.519035714437,8.896873627779373,11.55475541962961,9.485045765447971,6433.326260536734,90.7832098197098,16248886.0
Persistence,Brasil,surge,2,127,17108.85712127561,21935.30511573004,8.641600009404675,11.079415273078983,14.171741999143034,132.415285917262,55.61692709042829,197982516.0
Persistence,Norte,surge,2,127,700.6428541796374,847.3422727012284,4.0795937598472545,4.933772217250691,7.23047583973958,10317.598856988583,41.06766068099192,17174329.0
Persistence,Nordeste,surge,2,127,4818.571406081718,6449.555782642461,8.996699782872005,12.041892133441236,13.435836301134936,19948.546164593135,59.593717562345745,53559322.0
Persistence,Sudeste,surge,2,127,9038.50001496969,10602.58012594964,11.005535430554408,12.910003987185044,14.722781331644807,52750.82924750517,66.94507883225727,82126854.0
Persistence,Sul,surge,2,127,3888.78571378367,5071.2569507457565,13.468530731549391,17.563935149886813,19.010016124426237,16671.9282969701,65.61319217407691,28873125.0
Persistence,Centro-Oeste,surge,2,127,1999.7857128936048,2542.709652492816,12.307217324889871,15.64851678135237,12.551629612805607,75425.13205509172,74.41817579892408,16248886.0
Persistence,Brasil,surge,2,128,16209.214304142164,19148.08819755431,8.18719482489159,9.671605647012946,14.72795994328531,219.98757001796184,39.769778546864266,197982516.0
Persistence,Norte,surge,2,128,706.9999990450685,856.7168221720935,4.1166091498833435,4.988356879457087,7.267491229775669,10601.181063189902,39.5044448808697,17174329.0
Persistence,Nordeste,surge,2,128,3819.428561663891,5163.514289790394,7.131211559518791,9.640738711723039,14.235216951505336,41447.3694966355,43.13763376917588,53559322.0
Persistence,Sudeste,surge,2,128,8590.357168661274,9964.938594565794,10.459863918154314,12.133593470615342,15.037625267810158,107401.37066383295,42.67704726496082,82126854.0
Persistence,Sul,surge,2,128,3668.9999979983454,4223.018788172577,12.707318650123064,14.62612304062195,20.197724661090383,34372.541789885545,52.28210754053528,28873125.0
Persistence,Centro-Oeste,surge,2,128,1858.1428579596102,2494.4573158705552,11.435509227891748,15.351558967615105,12.952975825981405,65301.69614022807,64.4355936720506,16248886.0
Persistence,Brasil,surge,2,129,16600.85713135465,20278.182116814343,8.385011700404217,10.242410555492862,15.11778513040056,174.0054567881723,48.08939252435412,197982516.0
Persistence,Norte,surge,2,129,793.5714264751997,874.8100991140569,4.620683733700454,5.093707585979382,7.465461115684749,7303.513026635062,52.16831237314242,17174329.0
Persistence,Nordeste,surge,2,129,3815.357149085911,4851.229007565616,7.123609871472814,9.057674418592558,14.179070928634316,57415.96560168645,32.74305960475383,53559322.0
Persistence,Sudeste,surge,2,129,9098.571437731947,10122.127466990629,11.07868010837472,12.324991125303093,15.564075661048195,68573.46642513158,57.027254951515886,82126854.0
Persistence,Sul,surge,2,129,3997.7857111803096,4716.537672455571,13.846044413898078,16.33539034121028,20.726392257076768,25515.484672698738,63.64194892508817,28873125.0
Persistence,Centro-Oeste,surge,2,129,1917.2857111679966,2862.9640193114883,11.799490199931224,17.61944799976742,14.078327689761721,24728.188406631954,75.86159086650855,16248886.0
Persistence,Brasil,surge,2,130,19968.000041387484,24078.809862699327,10.085739107077256,12.162089031487673,14.908387117806791,343.68964309317926,51.2328313058903,197982516.0
Persistence,Norte,surge,2,130,1161.9285736201011,1400.5759299381868,6.765496186896741,8.155054732782787,7.237130285653639,17465.968247269746,61.00070977181669,17174329.0
Persistence,Nordeste,surge,2,130,5319.071445089086,6076.469271462462,9.931177704394926,11.34530655832884,13.522922646195715,78916.62426976764,74.55217144404487,53559322.0
Persistence,Sudeste,surge,2,130,11349.78574148726,13624.82211883624,13.819822857803928,16.589972043536747,14.229989637741205,154021.65554160127,69.30826777576215,82126854.0
Persistence,Sul,surge,2,130,4595.714282935781,5832.043467545857,15.916927187257286,20.198864748952037,24.314256660440797,54495.72074757768,39.92732294728091,28873125.0
Persistence,Centro-Oeste,surge,2,130,1792.9285712893518,2503.186098744224,11.034163026864437,15.405278237192531,14.29856255473361,57375.100718697104,50.22981623351066,16248886.0
Persistence,Brasil,surge,2,131,20405.07137504657,24889.042932864177,10.306501698890708,12.571333790335393,14.674347692617996,124.2070934373347,69.70540962305469,197982516.0
Persistence,Norte,surge,2,131,886.4285673115855,968.2622805855799,5.1613577876118795,5.637846349546349,6.958891092095355,5284.005001249342,66.20845948749368,17174329.0
Persistence,Nordeste,surge,2,131,4099.357125028944,5614.608837564394,7.653862991448891,10.482972203353123,13.326878345695357,30571.479165391247,48.72632934478784,53559322.0
Persistence,Sudeste,surge,2,131,10698.78568945476,14035.247914934771,13.027146625456712,17.089718199767848,14.187198692394519,9549.28742216264,91.6844171133142,82126854.0
Persistence,Sul,surge,2,131,4585.142857209051,5938.488914507376,15.880313811577553,20.56753092887374,23.6037590695641,43080.57985314226,65.11965298244016,28873125.0
Persistence,Centro-Oeste,surge,2,131,1968.499996134769,2828.1767558261495,12.114676637738542,17.40535785546252,13.866005424364655,35610.180723004785,75.2884097533915,16248886.0
Persistence,Brasil,surge,2,132,28700.071348515223,34657.605905881195,14.496265593733147,17.505387145338226,16.848998597964037,88.3164232591686,85.35296417876219,197982516.0
Persistence,Norte,surge,2,132,1325.42856783112,1656.9742604856942,7.717498411909542,9.647970878429629,8.603372057956692,1765.3967749777532,87.55478209370627,17174329.0
Persistence,Nordeste,surge,2,132,5760.428550762311,7446.792893098565,10.75523052880003,13.90382218262316,15.094877898392223,19431.487926310398,63.31203824463422,53559322.0
Persistence,Sudeste,surge,2,132,13541.499968485321,17059.703527340065,16.48851661660548,20.772381622386344,17.042711535214288,3874.797591737089,96.66624710194664,82126854.0
Persistence,Sul,surge,2,132,5526.642858216118,7792.998806982796,19.141131617087233,26.99049308650448,23.767282361023657,12266.49772027897,74.94026162397873,28873125.0
Persistence,Centro-Oeste,surge,2,132,2936.78570668964,4247.257834276778,18.073766451987172,26.138763200608203,18.0737664000581,71.40316307983136,99.95033600595337,16248886.0
Persistence,Brasil,surge,2,133,21875.499950023503,25537.649635867794,11.049207976538444,12.898941862051998,18.001481321041823,155.0407307093905,57.9322795055925,197982516.0
Persistence,Norte,surge,2,133,1346.4999978562198,1599.4543013207685,7.840189842969817,9.313052645729382,9.19852944179368,2812.1382676591666,79.9701428546775,17174329.0
Persistence,Nordeste,surge,2,133,4204.4999962551165,5579.0751489043405,7.850174048609346,10.416627658028121,15.750892822921355,45827.40108607207,44.4762980210898,53559322.0
Persistence,Sudeste,surge,2,133,9467.142853496634,10854.697201705176,11.527463177265544,13.21698892996093,17.813557363469897,88799.82365773075,52.54646455267526,82126854.0
Persistence,Sul,surge,2,133,6769.142856410389,8779.443507460344,23.444441349560844,30.406973638843542,26.57043284386199,7593.19777853631,87.70075133895094,28873125.0
Persistence,Centro-Oeste,surge,2,133,3322.4999924456974,4485.761503415548,20.447555558243792,27.60657871201477,20.447555519296994,78.5445922441443,99.96419919846718,16248886.0
Persistence,Brasil,surge,2,134,18360.5000214203,22064.340318516814,9.273798713326938,11.144590322570107,18.376189736505765,302.2538798353588,33.487711647274864,197982516.0
Persistence,Norte,surge,2,134,1077.5714293444444,1311.5749020065089,6.274314585125534,7.6368334507072095,9.030088683264896,17435.406320347956,51.594652120982275,17174329.0
Persistence,Nordeste,surge,2,134,4266.57143194718,5270.865876717728,7.96606691912041,9.84117363680916,16.038557843459806,55620.466921469946,34.844838992105295,53559322.0
Persistence,Sudeste,surge,2,134,10872.142884077783,13365.566285792469,13.238231290434895,16.27429474626225,17.687097931267196,162721.64027221364,42.44273895799246,82126854.0
Persistence,Sul,surge,2,134,4928.714284040275,6084.686434221009,17.07024883534524,21.073875564979573,27.624304617003798,43675.49750489221,53.75831359764955,28873125.0
Persistence,Centro-Oeste,surge,2,134,3245.5000115926414,3623.9001684754535,19.97367703602968,22.30245303262915,23.009489444262258,100974.59125403958,71.10182735392057,16248886.0
Persistence,Brasil,surge,2,135,19370.928553650472,22143.570194465872,9.784161220403156,11.184608945198915,19.273022177832615,228.40228220217358,39.76444608603278,197982516.0
Persistence,Norte,surge,2,135,764.4285696596957,1051.8871486932865,4.450995259609244,6.124764168039907,8.930271937189547,10144.748334919073,26.664016371925996,17174329.0
Persistence,Nordeste,surge,2,135,4277.500005499591,5226.113516843837,7.9864715343102946,9.757617015472745,16.05896245864968,64491.554541582,43.977278376408535,53559322.0
Persistence,Sudeste,surge,2,135,9864.499986850835,10958.307385877526,12.011296556971285,13.343147645564905,18.53291488906411,93647.28230031779,49.984546568180605,82126854.0
Persistence,Sul,surge,2,135,5011.714284227694,5914.284946392665,17.35771338996972,20.483702219252905,28.724190510057806,55421.22024976812,41.321155682390014,28873125.0
Persistence,Centro-Oeste,surge,2,135,3628.214284787127,5025.0989247074895,22.329003260821246,30.925805773438803,27.74563829571475,33365.52564298474,77.46823622470177,16248886.0
Persistence,Brasil,surge,2,136,40753.92849582313,45165.456281363804,20.584609853035268,22.812850949608,21.340232132327852,93.93994246210173,96.88887572472444,197982516.0
Persistence,Norte,surge,2,136,1653.8571395686988,1906.4823242115492,9.62982099369762,11.100767454795754,9.62982099369762,99.70369629879869,99.93830138341346,17174329.0
Persistence,Nordeste,surge,2,136,9163.928556552166,10273.736720008521,17.109866619581492,19.181976799498173,17.109866619581492,99.98524368143255,99.98818576637592,53559322.0
Persistence,Sudeste,surge,2,136,16560.21423964559,19295.03409197333,20.164189218359187,23.494183877996022,20.164189218359187,99.97982501241644,99.99464311799068,82126854.0
Persistence,Sul,surge,2,136,9132.428572921342,10644.895365116645,31.629512125623197,36.867832509008444,31.629512125623197,99.9803556941387,99.99006084306197,28873125.0
Persistence,Centro-Oeste,surge,2,136,4884.6428506066195,6842.775344816428,30.061401443807405,42.11227369566398,35.3224214086759,32108.57751428844,84.3956133086788,16248886.0
Persistence,Brasil,surge,2,137,29550.071491989187,34949.73852250611,14.925596506708294,17.652941900438375,19.66937752625127,192.2639094322735,66.19419983640259,197982516.0
Persistence,Norte,surge,2,137,706.7857168767774,998.6055683773915,4.1153614611480736,5.81452450560014,9.336609281769944,479.34756129699366,24.773128129084867,17174329.0
Persistence,Nordeste,surge,2,137,11662.285726261684,12198.96465954978,21.774520831801574,22.776547954714175,15.401080457550082,206.74217558634027,166.7522780583815,53559322.0
Persistence,Sudeste,surge,2,137,16679.071469969578,18998.89955212207,20.308913172261022,23.133602015392032,17.64926448866034,633.9790553551541,75.3388023983106,82126854.0
Persistence,Sul,surge,2,137,6336.071430464852,7466.933904605968,21.944529490537832,25.861190656037294,31.086990811094797,185.02663167927963,40.95712369509021,28873125.0
Persistence,Centro-Oeste,surge,2,137,4895.28571005572,6739.925598328469,30.126900453703225,41.47930878663601,34.58171129069998,48304.91774697994,82.90932954821393,16248886.0
Persistence,Brasil,surge,2,138,21222.78570566075,24343.506453300346,10.719525205781682,12.295785984101922,19.16421026462549,79.22811617902182,56.321137116388215,197982516.0
Persistence,Norte,surge,2,138,705.1428596651753,1024.5160562136343,4.105795688816578,5.965392046545949,8.75476080885382,449.5778559194054,25.5607482360799,17174329.0
Persistence,Nordeste,surge,2,138,3903.7857101588743,4777.194774611297,7.288713830542654,8.919445945584034,15.150757223893429,47.83059669582796,51.56463081308614,53559322.0
Persistence,Sudeste,surge,2,138,12205.78570308761,14850.589308935014,14.862112827416485,18.082501137733846,17.408695879771127,128.66717980040545,84.44093648319912,82126854.0
Persistence,Sul,surge,2,138,4455.7857153173545,5713.416736649925,15.432294617632675,19.788009564776676,29.507172704786992,128.32558096000457,36.90971496212944,28873125.0
Persistence,Centro-Oeste,surge,2,138,4434.571429044573,5796.249377313985,27.2915412727037,35.67167236765638,33.88979573414549,107606.6990994852,66.22943477212027,16248886.0
Persistence,Brasil,peak,2,139,33361.4285199469,37785.295015283504,16.850694290574072,19.085167609084987,20.444878907017973,73.19240531938576,83.54170297632689,197982516.0
Persistence,Norte,peak,2,139,1783.5714252598202,2220.234377977211,10.385101073001572,12.927633900440657,10.902484561322927,93.7937174516417,94.37535411464,17174329.0
Persistence,Nordeste,peak,2,139,5324.571423910044,6344.686175894535,9.94144665220005,11.846091285275296,15.512038875759103,55.95384328938159,59.39503039398587,53559322.0
Persistence,Sudeste,peak,2,139,14479.714258306672,17114.776537199727,17.630913097324626,20.839440090082746,19.16669054401563,91.03750229088507,92.51090777016486,82126854.0
Persistence,Sul,peak,2,139,6220.92857101672,8122.54316117141,21.54574044554138,28.131846349057852,29.79067905306396,60.15416775452985,74.53544544567774,28873125.0
Persistence,Centro-Oeste,peak,2,139,5954.214280571614,7980.628284458141,36.64383072520549,49.114925690648214,36.64383068625868,78.55566331516846,99.97613111660817,16248886.0
Persistence,Brasil,peak,2,140,21724.214265170063,23797.96209796304,10.972794317438648,12.02023419985381,21.49912063036593,70.7404799986493,50.688296844655554,197982516.0
Persistence,Norte,peak,2,140,1287.5000009116325,1472.0631045863854,7.496653877491414,8.571299085899573,10.45954773600777,565.3535371720702,59.26112886261017,17174329.0
Persistence,Nordeste,peak,2,140,3367.5714268727716,4211.033025486344,6.287554250355842,7.862371793067776,16.035090413910105,41.91592102832248,37.802370911072686,53559322.0
Persistence,Sudeste,peak,2,140,7556.071414441534,9527.000820809055,9.200488082060874,11.600347945641573,19.116332909523344,433.75600862282556,23.34532886772258,82126854.0
Persistence,Sul,peak,2,140,8007.571429054251,9547.605207069317,27.733649991312856,33.06744665521767,32.83181653892418,76.73215479524863,85.61103334457356,28873125.0
Persistence,Centro-Oeste,peak,2,140,7000.642850408782,8889.35354063486,43.0838326418733,54.70746450331955,43.08383261590877,85.69792745212985,99.98276288280937,16248886.0
Persistence,Brasil,peak,2,141,16013.07146214972,22171.1005891229,8.088124035230324,11.198514412819614,21.026928861403096,112.20835942658998,26.530031266350953,197982516.0
Persistence,Norte,peak,2,141,826.571430406818,1362.549445956971,4.8128310014721265,7.933640062193819,10.39175553761242,333.7575422679596,20.837700283492218,17174329.0
Persistence,Nordeste,peak,2,141,4354.142862491357,5078.61753547944,8.129570539543717,9.482228948826947,15.544046113601766,84.37836063082581,48.961382804112944,53559322.0
Persistence,Sudeste,peak,2,141,8515.642896840413,11515.167733614473,10.368889689650613,14.021196688740169,18.401932853747972,574.0691583308111,35.17475269789979,82126854.0
Persistence,Sul,peak,2,141,4068.142860604266,5242.794801036301,14.089721360622606,18.15804420559361,33.01290436929124,81.41214067763266,22.321154925846358,28873125.0
Persistence,Centro-Oeste,peak,2,141,5229.571430362948,6087.939055272707,32.184184382627514,37.466808833988416,42.30971360108466,137431.83086541455,65.73488178788477,16248886.0
Persistence,Brasil,peak,2,142,14059.500022878003,17799.039173628807,7.101384661097045,8.990207586627905,21.136318032826384,87.56210300766917,21.222679351117137,197982516.0
Persistence,Norte,peak,2,142,858.8571434395337,1359.306753306465,5.0008192077811815,7.914759017988213,10.203767320689193,346.6960598024179,25.315443550512924,17174329.0
Persistence,Nordeste,peak,2,142,4350.571432943294,4948.267004745277,8.122902364117481,9.238852957745202,15.003390599712336,83.33385417506652,51.09108027532874,53559322.0
Persistence,Sudeste,peak,2,142,7660.49998850783,10003.776581750526,9.3276432925433,12.18088371161828,18.708775245401544,484.4797189749285,19.861305468011782,82126854.0
Persistence,Sul,peak,2,142,4353.000005887088,5270.188128798546,15.076303676471074,18.252919033871624,33.75110939344034,79.69006498530896,26.899076717855234,28873125.0
Persistence,Centro-Oeste,peak,2,142,4914.857138168014,6577.420482829985,30.24734826847831,40.479208745941015,42.76073352874938,45515.37133312142,63.09738708147796,16248886.0
Persistence,Brasil,peak,2,143,17587.714277276926,19631.540214263816,8.883468415603389,9.915794894870322,21.06441413600887,73.44361711709689,39.63830076462456,197982516.0
Persistence,Norte,peak,2,143,897.857143460689,1378.3028878545006,5.227902315488943,8.025366742738541,9.938421125256559,341.45172779437235,29.340456724059077,17174329.0
Persistence,Nordeste,peak,2,143,2532.3571432234307,3373.0499911587517,4.728135175466617,6.297783215326646,14.87042722182104,38.952768275011145,22.976058099350727,53559322.0
Persistence,Sudeste,peak,2,143,8436.428568568728,9793.318672716843,10.2724360640537,11.92462415852048,17.897051882005304,411.15237015953306,31.651807522170117,82126854.0
Persistence,Sul,peak,2,143,5880.357145811465,6804.277614273164,20.366195712488565,23.56612806640488,35.24458917855012,62.72047818920201,53.93910903612509,28873125.0
Persistence,Centro-Oeste,peak,2,143,5013.714282781941,6479.733289184143,30.855741635346206,39.8780155709391,44.052250649454926,49217.61743709788,60.73226731627041,16248886.0
Persistence,Brasil,peak,2,144,17288.500004278096,19373.83965777689,8.732336750523007,9.785631604851861,22.047148828530084,81.26146049953456,32.46978798541602,197982516.0
Persistence,Norte,peak,2,144,1112.3571423244837,1457.6522938663118,6.476859400588424,8.487390068434767,10.712416853292623,430.24413514712825,55.69379738419941,17174329.0
Persistence,Nordeste,peak,2,144,2858.9285697151295,3751.7287003058414,5.337872965821205,7.004809919561418,14.7808069724828,38.407167045153706,30.310920910409525,53559322.0
Persistence,Sudeste,peak,2,144,13230.714268690292,15737.701478349742,16.11009508374726,19.162674219019447,20.650631826064476,177.313966783682,73.89079909116478,82126854.0
Persistence,Sul,peak,2,144,12563.214283590534,13219.303116108205,43.51179265697958,45.784109326954415,33.10616954835846,234.8187092487963,88.46536440733831,28873125.0
Persistence,Centro-Oeste,peak,2,144,5614.999998289089,7085.989954099864,34.55621510477142,43.60908159550054,45.38596846505651,36238.566804956936,70.63089788456821,16248886.0
Persistence,Brasil,peak,2,145,38983.14281653941,42071.58898168697,19.690194671805976,21.250153716445833,23.081908311812455,80.95225767421731,86.52035700505193,197982516.0
Persistence,Norte,peak,2,145,1852.2142854054848,2324.281992444495,10.784783995959812,13.533466096081511,11.017689747328614,95.5933656344289,96.96721670568652,17174329.0
Persistence,Nordeste,peak,2,145,5296.0714303634,6168.9135616098765,9.888234638898902,11.517908239409522,14.942443502857262,60.11851647488878,65.29646773659113,53559322.0
Persistence,Sudeste,peak,2,145,17071.428542491,19818.465169763793,20.786658335276062,24.131528488554782,21.751020118042316,89.25461780649617,95.80871849067542,82126854.0
Persistence,Sul,peak,2,145,7035.85714450018,7856.114681755502,24.368187179254686,27.209090397230995,34.844068421937465,62.10364973124956,73.29300197003089,28873125.0
Persistence,Centro-Oeste,peak,2,145,7878.857136473266,9204.004967455174,48.488598765929346,56.64391372710211,48.488598752947084,92.84258439916864,99.98505520852495,16248886.0
Persistence,Brasil,peak,2,146,21965.00004130499,26559.546460621368,11.094414034674147,13.415096947561453,22.085788605037735,91.54258585346295,45.82443163154643,197982516.0
Persistence,Norte,peak,2,146,2652.928570176016,2797.292403025994,15.44705804911514,16.287637223125248,9.830702212973872,368.4425411560272,213.43275142693278,17174329.0
Persistence,Nordeste,peak,2,146,8643.214284979254,8936.531761433846,16.13764693470028,16.68529665374376,13.705897387985503,145.31062886607629,116.1652000318544,53559322.0
Persistence,Sudeste,peak,2,146,17399.142900420073,19196.193568947187,21.18569268514787,23.37383283785251,20.348138110046783,652.2954504402148,86.88127658845683,82126854.0
Persistence,Sul,peak,2,146,8244.214288294552,8784.59663970132,28.553245581469106,30.424821143195686,36.78927822428143,73.25245356004476,79.73334982032011,28873125.0
Persistence,Centro-Oeste,peak,2,146,4723.071423372852,5405.960965626559,29.06704757097103,33.2697328643118,45.316073587794484,68455.80162732684,51.64787980376831,16248886.0
Persistence,Brasil,peak,2,147,13902.500016289052,17619.764339489735,7.022084726051796,8.899656745189425,21.541476473424794,62.25095012239796,23.115309307755062,197982516.0
Persistence,Norte,peak,2,147,917.5714294448497,1262.2881692716185,5.342691580234953,7.349854362703884,9.9051488648154,119.48210042097207,51.59303611193849,17174329.0
Persistence,Nordeste,peak,2,147,4445.714284906024,4901.521178031528,8.300542499223615,9.151574357180115,12.840501817954262,83.37636098195819,64.379034329137,53559322.0
Persistence,Sudeste,peak,2,147,7740.428564018572,10411.35704392237,9.424966605951536,12.677165308100527,19.742280948326336,386.77832260473593,37.602939755727235,82126854.0
Persistence,Sul,peak,2,147,2305.9999995723483,3562.5185104636935,7.986665799328436,12.338527646258218,36.20816443183607,43.68928550840183,12.09603198511349,28873125.0
Persistence,Centro-Oeste,peak,2,147,3840.071425374338,5312.415315671424,23.632828892850487,32.69402785933401,45.552573322540525,38616.396544728974,39.08175714659666,16248886.0
Persistence,Brasil,peak,2,148,16212.642874838702,19789.055650832343,8.188926579172628,9.995355171075987,20.630645683333334,71.59832952087798,35.14568536080407,197982516.0
Persistence,Norte,peak,2,148,1066.7142852104741,1323.2327807892261,6.211097302319492,7.704713126138588,9.401906084462501,144.20415479936253,63.4973018318953,17174329.0
Persistence,Nordeste,peak,2,148,3608.857144463494,4155.58792676922,6.738056065129977,7.758850880840538,11.905357146486368,78.71545540515976,56.48193236686153,53559322.0
Persistence,Sudeste,peak,2,148,8433.071429154978,10747.9938863055,10.268348315345158,13.087063929546723,18.95473622273127,394.3528816433021,46.23280392963591,82126854.0
Persistence,Sul,peak,2,148,2132.2857152352403,3000.2270654903155,7.385018820218595,10.391071508505973,36.099808595022616,35.60017960696039,12.478952070312536,28873125.0
Persistence,Centro-Oeste,peak,2,148,5502.2857047891475,6017.169710238892,33.86254112921432,37.031275314743986,42.24201667872041,73061.62381795501,67.494258817967,16248886.0
Persistence,Brasil,peak,2,149,20016.21430780271,23606.349927619525,10.110091897106061,11.92345183027148,19.66591403380252,86.39449557107187,54.013066544328126,197982516.0
Persistence,Norte,peak,2,149,853.8571386829891,1398.5355046549416,4.9717059611644165,8.143174063190134,9.861063127478317,75.20464599077273,38.66143268098783,17174329.0
Persistence,Nordeste,peak,2,149,3357.2857155526444,3846.0216569195522,6.268349915916868,7.180863224742748,11.112377942278245,79.01551491772231,55.52611348560484,53559322.0
Persistence,Sudeste,peak,2,149,10141.000026175909,11994.66235231542,12.347970891684113,14.605043013476955,17.965239109801757,432.54387712920243,63.75874783575988,82126854.0
Persistence,Sul,peak,2,149,2448.0714312874748,3577.588065462297,8.478720025239646,12.390719970430277,35.33414353523814,44.921265482299596,15.743356670260464,28873125.0
Persistence,Centro-Oeste,peak,2,149,7271.8571358725,7700.7606444711655,44.752958054309076,47.392545214922215,38.9776170814433,88520.95889644057,115.96086420172722,16248886.0
Persistence,Brasil,peak,2,150,23133.428593954366,25971.85414691754,11.684581578887686,13.118256435794331,18.543195855164225,97.83382345410577,62.69686814097666,197982516.0
Persistence,Norte,peak,2,150,976.9999997910472,1304.0726829545806,5.688722975966323,7.593150701576641,9.480095861754313,123.02265457728787,54.09725606821486,17174329.0
Persistence,Nordeste,peak,2,150,2587.4285714798866,3014.034458486534,4.830958411833306,5.627469403900471,10.639737801443392,62.70112194720753,41.15990354375008,53559322.0
Persistence,Sudeste,peak,2,150,8382.071427027604,10203.161174634726,10.206249258041229,12.423660079119463,17.01592373319576,356.0031985137116,44.61432082736275,82126854.0
Persistence,Sul,peak,2,150,2566.2142869554787,3587.290192566145,8.887899342227344,12.424322592605215,34.157072671547134,46.35531367341168,15.237096603210626,28873125.0
Persistence,Centro-Oeste,peak,2,150,13211.285710891638,13635.759544732975,81.30579358419794,83.91811933896868,34.148275082417086,134284.95130588583,227.48478607247057,16248886.0
Persistence,Brasil,peak,2,151,17092.357148455336,20070.09354445421,8.633265953876117,10.137306035879556,18.902138087863197,46.6184769083627,41.00206858606036,197982516.0
Persistence,Norte,peak,2,151,835.7857119466775,1374.711575338034,4.866482480606243,8.004455809237344,9.49964331996168,79.72353227034735,44.02009653004019,17174329.0
Persistence,Nordeste,peak,2,151,2294.285712735887,2591.5253369167062,4.283634719528165,4.8386074359132225,10.301528041172556,54.39498983101858,38.593558669848434,53559322.0
Persistence,Sudeste,peak,2,151,13195.07141880223,15440.837233481701,16.06669533305419,18.801203846773067,18.09874338425726,97.09857878770856,86.99970380305041,82126854.0
Persistence,Sul,peak,2,151,2979.428572432476,3894.2576945711808,10.319037417780292,13.487482545000516,33.03269539518451,52.304238572904616,18.45761117093928,28873125.0
Persistence,Centro-Oeste,peak,2,151,5872.500004712768,6606.952333290465,36.14093916784675,40.66095566976385,36.14093916784675,99.97818117087799,99.98254438537006,16248886.0
Persistence,Brasil,peak,2,152,28892.21428222459,30881.305765036308,14.593316049294266,15.597996423601522,19.534661475978293,72.96342989702171,72.97684178366693,197982516.0
Persistence,Norte,peak,2,152,1530.3571394311384,1976.099743041715,8.910724485545481,11.506124885820665,9.859815422373352,86.5743847540881,87.22487567451728,17174329.0
Persistence,Nordeste,peak,2,152,2371.5000059718614,3065.8599042460564,4.427800646863792,5.724232103322847,10.397949833295396,35.90930338648152,36.3900122010213,53559322.0
Persistence,Sudeste,peak,2,152,15110.785699416168,16825.047147965157,18.399323684572366,20.486657321568845,19.056843087422017,95.83757693346685,96.11755630925339,82126854.0
Persistence,Sul,peak,2,152,6134.357145293345,6703.923817035586,21.24590651442594,23.218559878903257,33.81468803703565,58.36358884670585,64.03469985358731,28873125.0
Persistence,Centro-Oeste,peak,2,152,3801.6428654708084,4784.856974071523,23.396329234329098,29.44729241174763,36.91725614587245,55.2493303365734,61.63255904337238,16248886.0
Persistence,Brasil,peak,2,153,11108.785713736459,12469.346726107067,5.610993302932092,6.2982060123466,18.928691667978644,32.53973431048075,34.05198477262864,197982516.0
Persistence,Norte,peak,2,153,3860.0714297593545,3935.5120843890245,22.47582091713367,22.915084975890615,8.157108031647963,355.80246942957734,337.7770397671919,17174329.0
Persistence,Nordeste,peak,2,153,1782.357143731097,2074.469243969257,3.3278187198319973,3.873217894672485,10.157628853502585,36.94264410155175,32.135914759179364,53559322.0
Persistence,Sudeste,peak,2,153,9129.499996612727,9995.103558612727,11.116339603867848,12.170323191258158,18.131967267183192,80.32727935179378,60.447599149247665,82126854.0
Persistence,Sul,peak,2,153,6259.642858996167,6673.5329449316105,21.679824608511087,23.113303270538296,34.53607068509617,60.56154662667416,63.21235277034977,28873125.0
Persistence,Centro-Oeste,peak,2,153,2256.499996752276,3039.167165856824,13.887105840685175,18.703849395317462,35.51847893357134,50.553766232854294,32.98675546284082,16248886.0
Persistence,Brasil,decline,2,154,24205.857149013213,25959.930924964283,12.226259994096253,13.112234074732278,17.301888561038457,96.4231528510077,81.92329418413053,197982516.0
Persistence,Norte,decline,2,154,1358.5714292362288,1434.080392270006,7.910477487861265,8.35013928212279,7.806501701483086,145.31584831176355,123.90135842927315,17174329.0
Persistence,Nordeste,decline,2,154,5352.499997971851,5650.183795125221,9.993591774690223,10.549393801372656,9.020838617091055,149.40874712323634,129.24464435650927,53559322.0
Persistence,Sudeste,decline,2,154,6422.285718516539,8528.68120776695,7.819958278831112,10.384765508936882,16.750741648339105,589.2517635688471,35.91035192410129,82126854.0
Persistence,Sul,decline,2,154,4605.214283851259,5366.5307166650155,15.949829759858897,18.586594685074843,31.76928620005193,77.35390504118811,38.13209620472766,28873125.0
Persistence,Centro-Oeste,decline,2,154,9504.142852568666,9659.800888771058,58.49104272482844,59.449004004157935,31.71206412200399,226.00002996123922,181.90921533026346,16248886.0
Persistence,Brasil,decline,2,155,17135.642867324434,19999.17669785042,8.655129358657325,10.101486283693061,15.841333902217713,254.81182999982454,46.595496076529955,197982516.0
Persistence,Norte,decline,2,155,634.4285720656438,850.5483955144541,3.6940515816696173,4.952440328320566,7.356494505817635,76.87884449956576,49.52722867359688,17174329.0
Persistence,Nordeste,decline,2,155,4188.142857722522,4581.948263401278,7.8196338215829595,8.554903408600428,7.944195302318195,270.4792986068023,103.69600427057647,53559322.0
Persistence,Sudeste,decline,2,155,7741.785718243223,9756.601661980025,9.426619115646659,11.879916478938819,15.576164990539043,1756.4930171462022,46.247556778353584,82126854.0
Persistence,Sul,decline,2,155,3168.499999778864,4254.8141052012425,10.973872761534693,14.736243843370756,29.213276069414594,189.1418769215713,19.38515028053415,28873125.0
Persistence,Centro-Oeste,decline,2,155,3236.2142806981565,3780.1527641203966,19.91653015904079,23.26407339014131,28.419091126012233,222.5459070002835,66.71097417181849,16248886.0
Persistence,Brasil,decline,2,156,21054.714295802747,23154.726884472773,10.634633159123377,11.695339241204902,14.88147280880488,283.8847325075047,62.41545431636754,197982516.0
Persistence,Norte,decline,2,156,614.7142874480031,888.1896518087789,3.5792623248803674,5.171611955312949,7.6784035236973995,60.490482788386565,42.15687491526112,17174329.0
Persistence,Nordeste,decline,2,156,3888.1428595085663,4223.504237553995,7.25950724228467,7.885656651056926,7.217897830169385,257.36524312708383,96.15872193864814,53559322.0
Persistence,Sudeste,decline,2,156,12504.214291408298,13424.803804049769,15.225487988871823,16.346424038171204,14.619108977884695,2375.0095382066247,95.18870265090206,82126854.0
Persistence,Sul,decline,2,156,4851.285714191746,5835.434527029225,16.802080530568638,20.210609440541077,27.24134838855772,241.77360017280103,54.27740339011685,28873125.0
Persistence,Centro-Oeste,decline,2,156,1857.7857179422238,2148.435068242164,11.433311292492444,13.22204530354982,27.118782191265197,122.0774364888357,35.166379603988545,16248886.0
Persistence,Brasil,decline,2,157,10792.85716070857,14985.707424738688,5.451419336800716,7.5692074873615045,15.227968060516012,186.4668918567174,25.190326533754234,197982516.0
Persistence,Norte,decline,2,157,641.0714258285699,978.579691882464,3.7327305528418018,5.697920960303392,7.691296517029598,49.59595543610341,33.63167118712647,17174329.0
Persistence,Nordeste,decline,2,157,2597.071431233294,2973.4643037820124,4.848962485434924,5.551721330195353,6.675775313398278,196.3979451662661,54.95953150593172,53559322.0
Persistence,Sudeste,decline,2,157,5528.000008274832,8699.502692199489,6.731050489617966,10.592762620859054,15.158953284716702,1045.514519456267,26.88932549202968,82126854.0
Persistence,Sul,decline,2,157,4668.071442908147,5562.385152390087,16.167531027237775,19.264922492421885,29.15142919163413,222.34459077299724,49.04849371985787,28873125.0
Persistence,Centro-Oeste,decline,2,157,2279.071434916891,2904.9881390961973,14.02601652148271,17.87807569759673,26.9913009158403,191.90278174852753,35.215228064755635,16248886.0
Persistence,Brasil,decline,2,158,38237.99999000619,39573.67727624856,19.313826676496113,19.98847073761229,13.802228884692926,426.2083776162079,133.71593847339415,197982516.0
Persistence,Norte,decline,2,158,2590.6428611638353,2648.0952087713144,15.084390552689628,15.418915107375168,6.535085818119388,346.44839772681297,279.96868544171605,17174329.0
Persistence,Nordeste,decline,2,158,2061.000000189378,2455.820177808556,3.848069623042237,4.585233879190174,6.7052486381916925,166.85820456522666,38.58769799322822,53559322.0
Persistence,Sudeste,decline,2,158,26979.285711590703,27391.91656145338,32.85074783406497,33.35317892665581,12.7080410122727,4029.3748386898883,226.48080854219077,82126854.0
Persistence,Sul,decline,2,158,6512.500014567273,7115.493313832662,22.55557725243552,24.644001346694072,27.01795731901291,278.1249144025682,87.12940100177711,28873125.0
Persistence,Centro-Oeste,decline,2,158,1893.0000016381853,2413.8449215645487,11.65002943363739,14.855448684694746,26.92316436064234,160.943395699447,25.324459488728444,16248886.0
Persistence,Brasil,decline,2,159,10618.428592956983,13782.028506900742,5.363316320799249,6.961235156189621,13.201742958583184,194.2321098149171,29.019404045631696,197982516.0
Persistence,Norte,decline,2,159,478.4999962007477,651.9773745072806,2.786135028627597,3.7962320071269198,6.616602834798127,44.67738928032213,35.52314598639796,17174329.0
Persistence,Nordeste,decline,2,159,1411.7142910468149,1740.0335435455868,2.635795671660696,3.2487968080432137,6.427852614880138,114.71733297545352,32.52963229275175,53559322.0
Persistence,Sudeste,decline,2,159,4197.428564257642,5813.8734634481525,5.110908746434683,7.079138162833015,12.25508320032856,1399.695830009714,21.637228808147917,82126854.0
Persistence,Sul,decline,2,159,4088.214302557056,5132.340798787773,14.159237361931055,17.775494681603647,25.672168010410083,197.42955631730032,48.80289701118364,28873125.0
Persistence,Centro-Oeste,decline,2,159,3101.000008498017,3614.60345884685,19.08438528338507,22.24523858956762,25.11556791479209,231.91312212679125,67.84207933427753,16248886.0
Persistence,Brasil,decline,2,160,13275.714298064036,16110.518990456969,6.705498326965416,8.137344304916788,12.628604327711335,217.06049754041905,42.39476712763505,197982516.0
Persistence,Norte,decline,2,160,557.0000008800548,616.6493577085151,3.243212592934809,3.5905295497047662,6.303427780942334,83.15822402908957,42.34348078934984,17174329.0
Persistence,Nordeste,decline,2,160,3373.7142935460433,3692.2038988457257,6.299023526746742,6.893671840815546,6.2291410381445,240.94317326315584,90.2533444408594,53559322.0
Persistence,Sudeste,decline,2,160,7886.785711463832,8973.460302424091,9.603175243342246,10.926341221379419,11.396046278037364,1818.7376322067207,55.56088963367092,82126854.0
Persistence,Sul,decline,2,160,4480.4285850863525,5325.41625262953,15.517643431690724,18.444197684280905,24.502766168748458,205.55949950024254,52.789181740357066,28873125.0
Persistence,Centro-Oeste,decline,2,160,2239.7857166805916,2658.6370463366893,13.784241680817944,16.361965037705904,25.53801447656648,83.84166153813695,54.07473919758108,16248886.0
Persistence,Brasil,decline,2,161,14995.928589554173,17854.36216588948,7.574370147692321,9.018150959294548,11.444553160541536,266.75638806228915,43.37006137254659,197982516.0
Persistence,Norte,decline,2,161,1057.8571436002717,1151.4990245938156,6.159525321776889,6.704768638086621,5.602215113396734,190.61341653458007,120.27878619338708,17174329.0
Persistence,Nordeste,decline,2,161,1918.0714279768852,2313.3665858137356,3.5812093139955827,4.319260400297329,5.775838596154783,166.13576667274452,58.751152653596506,53559322.0
Persistence,Sudeste,decline,2,161,5940.428564623214,7536.152949202133,7.233235263855613,9.176234790635146,10.175895520427519,1896.8533948087386,42.4399657314363,82126854.0
Persistence,Sul,decline,2,161,4859.50001437225,5605.588580928772,16.830530170780786,19.414554472121644,22.58130558905649,224.2959608178391,66.88657972600296,28873125.0
Persistence,Centro-Oeste,decline,2,161,2542.3571479584166,3145.9999229589835,15.646347373957921,19.36132681932154,22.927725622581555,43120.68891446614,66.69529002515455,16248886.0
Persistence,Brasil,decline,2,162,10240.0714515682,13741.909990484133,5.172209980182392,6.940971489868395,10.540144291668208,241.33727088985583,29.8440279172453,197982516.0
Persistence,Norte,decline,2,162,456.2857130950498,602.3471934734717,2.656789171181301,3.5072531420206974,5.323560009231552,117.49918988615238,38.26861202826747,17174329.0
Persistence,Nordeste,decline,2,162,1488.0000047131693,1656.5614589048394,2.7782278586595424,3.0929470296596344,5.451365266858218,126.12598242291786,45.28994101823519,53559322.0
Persistence,Sudeste,decline,2,162,5043.499995584435,6872.0693170370105,6.141109454386789,8.367627617925082,9.113862524369882,88978.71451428704,40.50823614730514,82126854.0
Persistence,Sul,decline,2,162,5418.7142991631135,6043.436709725202,18.767328784685112,20.931010099271216,20.365453604339592,287.6672791205394,93.1831485407856,28873125.0
Persistence,Centro-Oeste,decline,2,162,1995.8571455243734,2380.9183422176134,12.283039868236958,14.652809689338786,22.577371927875927,19764.185545452314,48.823337670386735,16248886.0
Persistence,Brasil,decline,2,163,12837.857164798519,15894.171204058885,6.48433883161608,8.028068096709552,9.880598316389834,275.28699154435486,43.29355561741364,197982516.0
Persistence,Norte,decline,2,163,1405.5000026828143,1478.5957897129597,8.18372585434234,8.609336584346087,4.911400016368536,437.9699167242632,149.68628157940603,17174329.0
Persistence,Nordeste,decline,2,163,1585.5714336967667,1719.076293183267,2.9604023622568763,3.209667764620446,5.271057851955775,143.40012344905855,52.03994142566546,53559322.0
Persistence,Sudeste,decline,2,163,4969.928565225988,6605.250928950886,6.051526782245899,8.042741937918244,8.48800145960642,82832.75738537151,41.37303544288619,82126854.0
Persistence,Sul,decline,2,163,5098.428584818883,5715.841247085733,17.65804215795444,19.796406682981953,18.960291240876092,267.7571784301288,90.47553267418363,28873125.0
Persistence,Centro-Oeste,decline,2,163,2251.999995566929,2654.82004024434,13.859411627153571,16.33847415905521,21.231345588852957,35226.30000040653,53.64835812009754,16248886.0
Persistence,Brasil,decline,2,164,10902.714317678003,13911.21885874715,5.506907649197671,7.026488570711542,9.742130095708573,241.66722854448653,31.56071230461984,197982516.0
Persistence,Norte,decline,2,164,386.42857213340125,466.6193019990605,2.250035923577575,2.7169579783819238,4.958397074372256,119.46475967104867,36.18871351169966,17174329.0
Persistence,Nordeste,decline,2,164,2006.2142901243244,2329.3213851530686,3.7457798478560362,4.349049424399115,5.007931716866727,208.88386223307336,104.53188606847418,53559322.0
Persistence,Sudeste,decline,2,164,4451.071435646388,5142.762021576023,5.419751541495049,6.26197372856389,8.889818867754748,57237.67064855244,36.12506543642681,82126854.0
Persistence,Sul,decline,2,164,3577.2857301041195,4748.163926164081,12.389672853576188,16.44492560526123,18.24929887060292,192.68244777829742,57.99621154308929,28873125.0
Persistence,Centro-Oeste,decline,2,164,4565.142861896958,4938.710519373468,28.095112870488215,30.394148370377316,19.594310269042698,55636.11305351872,142.47093777861045,16248886.0
Persistence,Brasil,decline,2,165,15492.85717465309,17777.4497694846,7.825366344295317,8.97930288424287,9.041851810338017,303.0197524161528,62.1762555156883,197982516.0
Persistence,Norte,decline,2,165,501.7142879867156,606.8692516956141,2.921303580400233,3.5335834762197353,4.821980848728348,202.4587125380114,38.58641207246919,17174329.0
Persistence,Nordeste,decline,2,165,2134.7857175413055,2490.0844748591558,3.985834095400434,4.649208357901087,5.015400069146377,222.29976554984964,114.77963397997198,53559322.0
Persistence,Sudeste,decline,2,165,7926.928576841301,9318.960773155673,9.652054341252743,11.347032449527013,7.798997661786374,104329.66567469623,83.97301616771102,82126854.0
Persistence,Sul,decline,2,165,4220.714300605373,5086.635044854513,14.618141613023782,17.6171960771635,17.024729557276135,222.30848845298388,71.1110183715505,28873125.0
Persistence,Centro-Oeste,decline,2,165,2077.8571335703914,2428.748323534266,12.787689774981445,14.947168215311905,18.870744185514237,33311.20681303944,54.083821139771075,16248886.0
Persistence,Brasil,decline,2,166,11804.071459393195,14285.274152622327,5.962178730667912,7.215422069200457,8.80875041919001,246.78614665420557,39.23041938363036,197982516.0
Persistence,Norte,decline,2,166,398.21428906090114,499.9060652195661,2.318659954988059,2.910774943344605,4.66934440304479,161.92881672112435,31.414849899319357,17174329.0
Persistence,Nordeste,decline,2,166,1904.6428592594555,2118.535501963439,3.556136986311095,3.9554935030048344,4.813487774580992,190.50368548322768,86.95088735792262,53559322.0
Persistence,Sudeste,decline,2,166,5455.214283514868,7143.617641136954,6.642424515025096,8.698272602938077,7.731680202751222,84419.31994748468,48.89325246253033,82126854.0
Persistence,Sul,decline,2,166,3817.57144364292,4835.266527709587,13.221885208625391,16.746599225783793,16.538860035130135,198.89399058683162,65.03331742148809,28873125.0
Persistence,Centro-Oeste,decline,2,166,1831.8571383346475,2115.304130019302,11.273739863364463,13.018148628892481,18.061018325526454,28474.788946356042,36.08932052814579,16248886.0
Persistence,Brasil,decline,2,167,11642.214321209687,13882.164883514217,5.880425482222726,7.011813549997625,8.369678456411565,238.57387951579787,65.13648421259143,197982516.0
Persistence,Norte,decline,2,167,523.8571463935039,602.1332350905097,3.0502335572673838,3.506007338572062,4.393600620101311,200.4168661377244,56.8545191550182,17174329.0
Persistence,Nordeste,decline,2,167,1994.1428617063061,2136.380692522357,3.723241421365091,3.988812055018839,4.612242290680795,192.95935612043144,85.4466307837578,53559322.0
Persistence,Sudeste,decline,2,167,5607.357146668308,7058.231333571324,6.827678004892659,8.594303799304578,7.213318338159563,81638.10774548694,85.9674255841703,82126854.0
Persistence,Sul,decline,2,167,3955.500013247711,4879.675607635506,13.699590928407337,16.900406892691752,15.601013118795535,201.96160017931473,80.1609109224465,28873125.0
Persistence,Centro-Oeste,decline,2,167,1536.2142836245941,1866.2964602669174,9.454274487645456,11.485688682085144,17.952439475504235,22944.807810706956,46.938586631611244,16248886.0
