model,event,phase,snapshot,date,region,RMSE,MAE
GCRN,1,surge,78,2022-10-05,Brasil,12168.934287942571,11479.850003548314
GCRN,1,surge,78,2022-10-05,Norte,912.2569127274395,871.7197213620667
GCRN,1,surge,78,2022-10-05,Nordeste,4143.225434262812,3827.68200125023
GCRN,1,surge,78,2022-10-05,Sudeste,4567.658457653067,4286.4682392682325
GCRN,1,surge,78,2022-10-05,Sul,1849.9815987682903,1743.7452998201438
GCRN,1,surge,78,2022-10-05,Centro-Oeste,1193.5045714183425,1098.5637724189385
GCRN,1,surge,79,2022-10-06,Brasil,11883.828355560701,11231.771964590289
GCRN,1,surge,79,2022-10-06,Norte,878.0506134270554,834.7733235051768
GCRN,1,surge,79,2022-10-06,Nordeste,4076.312239883031,3740.4933052806473
GCRN,1,surge,79,2022-10-06,Sudeste,4503.247135233206,4303.124358011565
GCRN,1,surge,79,2022-10-06,Sul,1874.7501555278777,1798.8241820759285
GCRN,1,surge,79,2022-10-06,Centro-Oeste,1037.1875129600166,963.9157924523917
GCRN,1,surge,80,2022-10-07,Brasil,12093.491741283175,11463.215215014377
GCRN,1,surge,80,2022-10-07,Norte,873.614739284021,838.5157997796093
GCRN,1,surge,80,2022-10-07,Nordeste,4093.160738174795,3731.6078234923307
GCRN,1,surge,80,2022-10-07,Sudeste,4550.764178041287,4299.939475535708
GCRN,1,surge,80,2022-10-07,Sul,1839.6958873886606,1769.2603279654852
GCRN,1,surge,80,2022-10-07,Centro-Oeste,1120.0315081488834,1033.5598723174196
GCRN,1,surge,81,2022-10-08,Brasil,12421.217733153873,11840.039257014918
GCRN,1,surge,81,2022-10-08,Norte,875.85234886401,846.444018651361
GCRN,1,surge,81,2022-10-08,Nordeste,4135.655415119204,3818.9104722031475
GCRN,1,surge,81,2022-10-08,Sudeste,4737.3303725394835,4453.703625423153
GCRN,1,surge,81,2022-10-08,Sul,1839.8940650601103,1778.2080002379748
GCRN,1,surge,81,2022-10-08,Centro-Oeste,1195.1126206510944,1144.4802482528285
GCRN,1,surge,82,2022-10-09,Brasil,12323.611922046957,11704.124484137992
GCRN,1,surge,82,2022-10-09,Norte,833.8025385795985,808.798341997526
GCRN,1,surge,82,2022-10-09,Nordeste,4064.827339307524,3721.1889517230106
GCRN,1,surge,82,2022-10-09,Sudeste,4844.008333624082,4558.526269426496
GCRN,1,surge,82,2022-10-09,Sul,1909.932127335408,1846.8827822786898
GCRN,1,surge,82,2022-10-09,Centro-Oeste,1045.5310809581151,993.1907941542808
GCRN,1,surge,83,2022-10-10,Brasil,11852.714860673337,11179.360551867256
GCRN,1,surge,83,2022-10-10,Norte,808.1793570174448,771.86632332884
GCRN,1,surge,83,2022-10-10,Nordeste,4030.6309394258715,3656.8497762047223
GCRN,1,surge,83,2022-10-10,Sudeste,4665.678619082991,4368.5805094961015
GCRN,1,surge,83,2022-10-10,Sul,1760.4506709151071,1703.75979892129
GCRN,1,surge,83,2022-10-10,Centro-Oeste,965.9033919718994,903.9690152522786
GCRN,1,surge,84,2022-10-11,Brasil,11375.154348116284,10798.866549707953
GCRN,1,surge,84,2022-10-11,Norte,804.8184750376312,756.3366066306637
GCRN,1,surge,84,2022-10-11,Nordeste,4097.73263412479,3771.376208456882
GCRN,1,surge,84,2022-10-11,Sudeste,4288.141251685877,3877.2093363158533
GCRN,1,surge,84,2022-10-11,Sul,1717.9820290258506,1643.6626528436966
GCRN,1,surge,84,2022-10-11,Centro-Oeste,1057.529922468658,997.1982911153439
GCRN,1,surge,85,2022-10-12,Brasil,11444.771247334638,10919.252465221985
GCRN,1,surge,85,2022-10-12,Norte,802.5290010254246,750.8037011164613
GCRN,1,surge,85,2022-10-12,Nordeste,4115.673756745727,3839.9913867242963
GCRN,1,surge,85,2022-10-12,Sudeste,4289.334823579645,3944.5419125109515
GCRN,1,surge,85,2022-10-12,Sul,1702.8243151888446,1638.7155735710182
GCRN,1,surge,85,2022-10-12,Centro-Oeste,1125.3078229912535,1056.5326342366811
GCRN,1,surge,86,2022-10-13,Brasil,11087.024129955207,10524.131517890457
GCRN,1,surge,86,2022-10-13,Norte,800.2620953296201,754.2144654924863
GCRN,1,surge,86,2022-10-13,Nordeste,4032.8583989214194,3715.8812697060225
GCRN,1,surge,86,2022-10-13,Sudeste,4088.9359174708475,3774.1965592431966
GCRN,1,surge,86,2022-10-13,Sul,1757.6652977240165,1682.040829798594
GCRN,1,surge,86,2022-10-13,Centro-Oeste,1084.992408408625,996.4868533957286
GCRN,1,surge,87,2022-10-14,Brasil,10347.376884155823,9698.368828701918
GCRN,1,surge,87,2022-10-14,Norte,750.5861548718124,690.8055815412042
GCRN,1,surge,87,2022-10-14,Nordeste,4016.080179594965,3711.9220950595195
GCRN,1,surge,87,2022-10-14,Sudeste,3684.882821025789,3368.346874992448
GCRN,1,surge,87,2022-10-14,Sul,1554.2612824008395,1470.1542923095765
GCRN,1,surge,87,2022-10-14,Centro-Oeste,1032.8300039475353,925.3879229356945
GCRN,1,surge,88,2022-10-15,Brasil,10377.822280389873,9787.787591744034
GCRN,1,surge,88,2022-10-15,Norte,771.8691887337671,716.8342079784325
GCRN,1,surge,88,2022-10-15,Nordeste,3990.541212527064,3698.247961598558
GCRN,1,surge,88,2022-10-15,Sudeste,3788.020421021986,3521.0447623969403
GCRN,1,surge,88,2022-10-15,Sul,1558.5175867318844,1466.7750504841065
GCRN,1,surge,88,2022-10-15,Centro-Oeste,989.6122132868218,872.977319985581
GCRN,1,surge,89,2022-10-16,Brasil,10339.593041584667,9553.847289613619
GCRN,1,surge,89,2022-10-16,Norte,766.0281518419434,706.9204971680816
GCRN,1,surge,89,2022-10-16,Nordeste,3962.509050180097,3641.296776533413
GCRN,1,surge,89,2022-10-16,Sudeste,3704.2904440328834,3364.0360263911343
GCRN,1,surge,89,2022-10-16,Sul,1632.191246735812,1514.606154668574
GCRN,1,surge,89,2022-10-16,Centro-Oeste,981.9964404889132,868.2808441997021
GCRN,1,surge,90,2022-10-17,Brasil,10176.689903307799,9218.90160785841
GCRN,1,surge,90,2022-10-17,Norte,769.8053993384422,689.437346382123
GCRN,1,surge,90,2022-10-17,Nordeste,3929.391395763225,3573.6741008600593
GCRN,1,surge,90,2022-10-17,Sudeste,3668.6685333767996,3289.7534416597728
GCRN,1,surge,90,2022-10-17,Sul,1573.0683516567185,1442.0872486530282
GCRN,1,surge,90,2022-10-17,Centro-Oeste,965.3166710112328,823.4669437486734
GCRN,1,surge,91,2022-10-18,Brasil,10450.686395533603,9435.47152229534
GCRN,1,surge,91,2022-10-18,Norte,783.7539771220642,703.3504808248508
GCRN,1,surge,91,2022-10-18,Nordeste,3981.078175851537,3662.4742082832577
GCRN,1,surge,91,2022-10-18,Sudeste,3750.3930177938028,3407.8915339301902
GCRN,1,surge,91,2022-10-18,Sul,1571.2702559562267,1418.9865355019358
GCRN,1,surge,91,2022-10-18,Centro-Oeste,1037.0256909994216,873.2071494720838
GCRN,1,peak,92,2022-10-19,Brasil,10773.86932363963,9943.697865916378
GCRN,1,peak,92,2022-10-19,Norte,803.9691258527948,733.4253410510242
GCRN,1,peak,92,2022-10-19,Nordeste,3949.7625850701556,3647.5751595902652
GCRN,1,peak,92,2022-10-19,Sudeste,3571.6733465868624,3229.9100891887133
GCRN,1,peak,92,2022-10-19,Sul,1645.6728095407318,1514.3813595872518
GCRN,1,peak,92,2022-10-19,Centro-Oeste,1371.0892797592262,1228.219535477512
GCRN,1,peak,93,2022-10-20,Brasil,11599.85381537692,10702.450322571192
GCRN,1,peak,93,2022-10-20,Norte,853.5964440420669,785.3436017885494
GCRN,1,peak,93,2022-10-20,Nordeste,4053.50890315229,3729.75935858347
GCRN,1,peak,93,2022-10-20,Sudeste,4073.8703863242795,3738.598949546286
GCRN,1,peak,93,2022-10-20,Sul,1728.4452230509505,1606.632828535218
GCRN,1,peak,93,2022-10-20,Centro-Oeste,1383.1135949379077,1265.9191834371668
GCRN,1,peak,94,2022-10-21,Brasil,11447.547013156232,10559.701826625214
GCRN,1,peak,94,2022-10-21,Norte,925.6918941248,850.562926889507
GCRN,1,peak,94,2022-10-21,Nordeste,4007.4279597670416,3683.6580019889147
GCRN,1,peak,94,2022-10-21,Sudeste,3766.047689812364,3376.123141161621
GCRN,1,peak,94,2022-10-21,Sul,1860.457813537564,1727.6119047610503
GCRN,1,peak,94,2022-10-21,Centro-Oeste,1491.814425851744,1386.6683640269496
GCRN,1,peak,95,2022-10-22,Brasil,11716.269854871005,10691.488106476474
GCRN,1,peak,95,2022-10-22,Norte,962.5412055741963,891.9857407909368
GCRN,1,peak,95,2022-10-22,Nordeste,4018.453158792883,3695.2210749134038
GCRN,1,peak,95,2022-10-22,Sudeste,3741.3557684812313,3225.6768493568134
GCRN,1,peak,95,2022-10-22,Sul,1958.516595628366,1831.3953765185913
GCRN,1,peak,95,2022-10-22,Centro-Oeste,1616.3538776589785,1530.1550109405564
GCRN,1,peak,96,2022-10-23,Brasil,11509.90731813142,10335.507255320974
GCRN,1,peak,96,2022-10-23,Norte,994.8344438399431,934.0420552803655
GCRN,1,peak,96,2022-10-23,Nordeste,4003.911574980227,3662.108329789561
GCRN,1,peak,96,2022-10-23,Sudeste,3631.261821319558,3078.116866369463
GCRN,1,peak,96,2022-10-23,Sul,1874.7183379403446,1742.3740440468114
GCRN,1,peak,96,2022-10-23,Centro-Oeste,1559.2227701700733,1468.2032187826383
GCRN,1,peak,97,2022-10-24,Brasil,11428.361579393282,10098.881378890119
GCRN,1,peak,97,2022-10-24,Norte,968.9928188561427,903.4628688071874
GCRN,1,peak,97,2022-10-24,Nordeste,3982.2838383390713,3598.441148686094
GCRN,1,peak,97,2022-10-24,Sudeste,3625.101781618804,3008.4563447171054
GCRN,1,peak,97,2022-10-24,Sul,1941.5288302554222,1831.5233014628716
GCRN,1,peak,97,2022-10-24,Centro-Oeste,1442.4790113138617,1354.8291195738861
GCRN,1,peak,98,2022-10-25,Brasil,12034.207142832804,11020.11413609303
GCRN,1,peak,98,2022-10-25,Norte,934.1299279163758,864.0064509580586
GCRN,1,peak,98,2022-10-25,Nordeste,4028.9580023994577,3663.711460659412
GCRN,1,peak,98,2022-10-25,Sudeste,4170.58079411162,3538.9791498409218
GCRN,1,peak,98,2022-10-25,Sul,1843.287687879733,1722.9578036861265
GCRN,1,peak,98,2022-10-25,Centro-Oeste,1321.07733160644,1230.4592709485012
GCRN,1,peak,99,2022-10-26,Brasil,11473.190265305115,10508.877051831996
GCRN,1,peak,99,2022-10-26,Norte,889.4475366709263,825.3338801642728
GCRN,1,peak,99,2022-10-26,Nordeste,4011.6945413507465,3662.9560184564148
GCRN,1,peak,99,2022-10-26,Sudeste,3959.559898351232,3288.5256615320354
GCRN,1,peak,99,2022-10-26,Sul,1840.1582037849812,1744.1791448868169
GCRN,1,peak,99,2022-10-26,Centro-Oeste,1133.5560488097458,1019.8662485713678
GCRN,1,peak,100,2022-10-27,Brasil,11432.359879544616,10665.617031675398
GCRN,1,peak,100,2022-10-27,Norte,892.8287921190139,837.5606528619188
GCRN,1,peak,100,2022-10-27,Nordeste,3960.340961415224,3635.153173815526
GCRN,1,peak,100,2022-10-27,Sudeste,4101.2136942369725,3580.2783601042383
GCRN,1,peak,100,2022-10-27,Sul,1777.4431475214549,1684.703490081542
GCRN,1,peak,100,2022-10-27,Centro-Oeste,1047.3345368891553,937.1503085013984
GCRN,1,peak,101,2022-10-28,Brasil,11334.343386480252,10752.123245765224
GCRN,1,peak,101,2022-10-28,Norte,882.226067820128,837.2625567761703
GCRN,1,peak,101,2022-10-28,Nordeste,3956.251205666652,3650.2984335939514
GCRN,1,peak,101,2022-10-28,Sudeste,4019.404060230364,3549.306084674886
GCRN,1,peak,101,2022-10-28,Sul,1851.5358311224861,1788.3860271042524
GCRN,1,peak,101,2022-10-28,Centro-Oeste,1041.7499534016902,930.1655248495452
GCRN,1,peak,102,2022-10-29,Brasil,10846.775816653402,10294.877107787299
GCRN,1,peak,102,2022-10-29,Norte,869.1609295884313,832.848684991115
GCRN,1,peak,102,2022-10-29,Nordeste,3897.915461794648,3652.0429706406867
GCRN,1,peak,102,2022-10-29,Sudeste,4063.1171827461026,3625.6028635942093
GCRN,1,peak,102,2022-10-29,Sul,1793.5004137590452,1751.1248653110156
GCRN,1,peak,102,2022-10-29,Centro-Oeste,1126.0118843775476,1019.1204350188203
GCRN,1,peak,103,2022-10-30,Brasil,10406.356929404066,9741.30966493118
GCRN,1,peak,103,2022-10-30,Norte,860.9131263879649,834.1190535565407
GCRN,1,peak,103,2022-10-30,Nordeste,3752.4399481394166,3505.6493059944323
GCRN,1,peak,103,2022-10-30,Sudeste,3952.4039129041726,3421.4975339376624
GCRN,1,peak,103,2022-10-30,Sul,1664.955552002151,1630.6851355451186
GCRN,1,peak,103,2022-10-30,Centro-Oeste,1168.4661537369489,1052.1238870939085
GCRN,1,peak,104,2022-10-31,Brasil,10236.101397724102,9228.477599380074
GCRN,1,peak,104,2022-10-31,Norte,838.9532072913254,792.6654435161626
GCRN,1,peak,104,2022-10-31,Nordeste,3734.860588026322,3433.171190960367
GCRN,1,peak,104,2022-10-31,Sudeste,3907.6676463643116,3345.526368306891
GCRN,1,peak,104,2022-10-31,Sul,1647.2822917396677,1599.4877674696538
GCRN,1,peak,104,2022-10-31,Centro-Oeste,1130.3329480710825,1005.9297096480468
GCRN,1,peak,105,2022-11-01,Brasil,9848.74083935168,8850.269470383164
GCRN,1,peak,105,2022-11-01,Norte,885.8973789109907,846.2684269222021
GCRN,1,peak,105,2022-11-01,Nordeste,3659.611979747272,3416.4593632178808
GCRN,1,peak,105,2022-11-01,Sudeste,3716.719554229188,3201.5524117596556
GCRN,1,peak,105,2022-11-01,Sul,1590.7184672723702,1520.779812585906
GCRN,1,peak,105,2022-11-01,Centro-Oeste,1068.537295376165,948.7898899171929
GCRN,1,peak,106,2022-11-02,Brasil,10593.809124156132,9366.394435554423
GCRN,1,peak,106,2022-11-02,Norte,923.2821428190254,869.8020844420174
GCRN,1,peak,106,2022-11-02,Nordeste,3739.6580693766123,3499.4279061918214
GCRN,1,peak,106,2022-11-02,Sudeste,4199.53597473836,3665.4336094512187
GCRN,1,peak,106,2022-11-02,Sul,1647.9686492409867,1556.4125771102276
GCRN,1,peak,106,2022-11-02,Centro-Oeste,1044.8590325732316,917.7696476168549
GCRN,1,decline,107,2022-11-03,Brasil,9400.665599039003,8162.156806250598
GCRN,1,decline,107,2022-11-03,Norte,870.5917738737418,819.2874054677038
GCRN,1,decline,107,2022-11-03,Nordeste,3501.30366138684,3241.8380523473866
GCRN,1,decline,107,2022-11-03,Sudeste,3785.2634714477617,3339.222767585766
GCRN,1,decline,107,2022-11-03,Sul,1733.2306091243115,1612.7330337863193
GCRN,1,decline,107,2022-11-03,Centro-Oeste,1035.7324270283373,903.3211119753596
GCRN,1,decline,108,2022-11-04,Brasil,9267.133043725771,8034.178150527597
GCRN,1,decline,108,2022-11-04,Norte,840.9695678013777,761.4263207915802
GCRN,1,decline,108,2022-11-04,Nordeste,3278.1396418199147,3033.904194379852
GCRN,1,decline,108,2022-11-04,Sudeste,4575.507884022891,3967.679596091019
GCRN,1,decline,108,2022-11-04,Sul,1517.9148783129233,1383.2789033413515
GCRN,1,decline,108,2022-11-04,Centro-Oeste,951.7582770911376,837.3819365118459
GCRN,1,decline,109,2022-11-05,Brasil,8803.03081081931,7626.169791868228
GCRN,1,decline,109,2022-11-05,Norte,795.645205912187,686.8538700206282
GCRN,1,decline,109,2022-11-05,Nordeste,2944.047949184791,2699.12120257173
GCRN,1,decline,109,2022-11-05,Sudeste,5190.582073249882,4415.1077231584
GCRN,1,decline,109,2022-11-05,Sul,1375.185581899185,1205.0311910725525
GCRN,1,decline,109,2022-11-05,Centro-Oeste,914.8652729732291,813.6650485685517
GCRN,1,decline,110,2022-11-06,Brasil,8854.59550265046,7532.934564717879
GCRN,1,decline,110,2022-11-06,Norte,787.3285810202481,660.836899272558
GCRN,1,decline,110,2022-11-06,Nordeste,2863.5524097377634,2533.148198952206
GCRN,1,decline,110,2022-11-06,Sudeste,5399.896294337058,4583.135341353087
GCRN,1,decline,110,2022-11-06,Sul,1310.9854486568888,1132.6750728318164
GCRN,1,decline,110,2022-11-06,Centro-Oeste,889.1452093674003,799.9441655630495
GCRN,1,decline,111,2022-11-07,Brasil,9146.103261810686,7807.695753872335
GCRN,1,decline,111,2022-11-07,Norte,778.8911940845041,637.441885458003
GCRN,1,decline,111,2022-11-07,Nordeste,2651.6808274021187,2318.284773480823
GCRN,1,decline,111,2022-11-07,Sudeste,5622.773619161069,4749.754158960651
GCRN,1,decline,111,2022-11-07,Sul,1268.2784830695962,1103.0767279749055
GCRN,1,decline,111,2022-11-07,Centro-Oeste,993.3156530359042,882.8144655154668
GCRN,1,decline,112,2022-11-08,Brasil,8656.106734053594,7255.024964822544
GCRN,1,decline,112,2022-11-08,Norte,759.2862139946491,614.1666850104472
GCRN,1,decline,112,2022-11-08,Nordeste,2381.0322570615485,2018.3559266893392
GCRN,1,decline,112,2022-11-08,Sudeste,6225.5834853958595,5218.487746644112
GCRN,1,decline,112,2022-11-08,Sul,1324.8561347358266,1158.4739999849587
GCRN,1,decline,112,2022-11-08,Centro-Oeste,1075.9495438261713,963.5301522825149
GCRN,1,decline,113,2022-11-09,Brasil,8664.992087536371,7391.915125327667
GCRN,1,decline,113,2022-11-09,Norte,765.3404736396805,630.6601028227442
GCRN,1,decline,113,2022-11-09,Nordeste,2312.9901617270643,1982.4231110627084
GCRN,1,decline,113,2022-11-09,Sudeste,6046.03195115875,5059.778575073221
GCRN,1,decline,113,2022-11-09,Sul,1316.803907756234,1168.1067428972128
GCRN,1,decline,113,2022-11-09,Centro-Oeste,1122.7616583588563,983.6981145740166
GCRN,1,decline,114,2022-11-10,Brasil,8801.738011621315,7775.069983147997
GCRN,1,decline,114,2022-11-10,Norte,760.3103323780524,641.3450854689116
GCRN,1,decline,114,2022-11-10,Nordeste,2179.656608083146,1791.1604607699774
GCRN,1,decline,114,2022-11-10,Sudeste,6226.946457620096,5471.610453973617
GCRN,1,decline,114,2022-11-10,Sul,1329.8781383310186,1201.7101866865637
GCRN,1,decline,114,2022-11-10,Centro-Oeste,1135.2069810030305,982.2874664724795
GCRN,1,decline,115,2022-11-11,Brasil,8826.810921896827,7928.176014903675
GCRN,1,decline,115,2022-11-11,Norte,795.6413568115948,684.0596096163551
GCRN,1,decline,115,2022-11-11,Nordeste,1983.2900136114577,1560.043670624201
GCRN,1,decline,115,2022-11-11,Sudeste,6005.63447541021,5295.989581811037
GCRN,1,decline,115,2022-11-11,Sul,1286.2478843916424,1137.0765451902787
GCRN,1,decline,115,2022-11-11,Centro-Oeste,1215.108075130386,1105.0036759979546
GCRN,1,decline,116,2022-11-12,Brasil,10011.098358696765,8915.08488768018
GCRN,1,decline,116,2022-11-12,Norte,783.3115751227729,680.2992014360021
GCRN,1,decline,116,2022-11-12,Nordeste,2163.012090611222,1760.8687816609197
GCRN,1,decline,116,2022-11-12,Sudeste,6224.520161885467,5693.554980368438
GCRN,1,decline,116,2022-11-12,Sul,1642.6274489287414,1395.8396738217584
GCRN,1,decline,116,2022-11-12,Centro-Oeste,1392.0243019858679,1265.2989222075762
GCRN,1,decline,117,2022-11-13,Brasil,10178.211015038041,8958.93265813113
GCRN,1,decline,117,2022-11-13,Norte,833.7791296120084,718.7157792223759
GCRN,1,decline,117,2022-11-13,Nordeste,2169.6998452909183,1805.657876538924
GCRN,1,decline,117,2022-11-13,Sudeste,6578.989974848329,5813.104943997158
GCRN,1,decline,117,2022-11-13,Sul,1735.169991218731,1511.6454418734922
GCRN,1,decline,117,2022-11-13,Centro-Oeste,1302.2615442773779,1182.7505149774959
GCRN,1,decline,118,2022-11-14,Brasil,10738.59646338864,9027.70680756589
GCRN,1,decline,118,2022-11-14,Norte,857.8421628682604,707.0092555934752
GCRN,1,decline,118,2022-11-14,Nordeste,2233.92098825518,1872.5983695614093
GCRN,1,decline,118,2022-11-14,Sudeste,6871.458306648202,5964.13011475742
GCRN,1,decline,118,2022-11-14,Sul,1819.670925000492,1592.9757361029244
GCRN,1,decline,118,2022-11-14,Centro-Oeste,1257.3967531059768,1120.859071641845
GCRN,1,decline,119,2022-11-15,Brasil,10738.405362688984,8874.22655593982
GCRN,1,decline,119,2022-11-15,Norte,899.207193797365,718.1969538716637
GCRN,1,decline,119,2022-11-15,Nordeste,2143.316145849498,1717.9800376436626
GCRN,1,decline,119,2022-11-15,Sudeste,6993.031369153476,6081.145708532704
GCRN,1,decline,119,2022-11-15,Sul,1956.2011359603596,1706.2694087155558
GCRN,1,decline,119,2022-11-15,Centro-Oeste,1360.8700947280076,1191.7205311181629
GCRN,1,decline,120,2022-11-16,Brasil,11763.034108329175,9346.21538067566
GCRN,1,decline,120,2022-11-16,Norte,845.4992070406745,634.3732248263738
GCRN,1,decline,120,2022-11-16,Nordeste,1914.8939309013824,1457.1025271750236
GCRN,1,decline,120,2022-11-16,Sudeste,8122.978028343053,6935.042992237591
GCRN,1,decline,120,2022-11-16,Sul,2074.0623273172437,1776.8714001368494
GCRN,1,decline,120,2022-11-16,Centro-Oeste,1282.4208591350234,1128.1185960587907
GCRN,2,surge,125,2022-11-21,Brasil,16432.07132578111,12293.794923510972
GCRN,2,surge,125,2022-11-21,Norte,1014.0390686800854,804.5255901136758
GCRN,2,surge,125,2022-11-21,Nordeste,4560.687314280753,3353.7698063088096
GCRN,2,surge,125,2022-11-21,Sudeste,8783.945186098616,7293.393919301079
GCRN,2,surge,125,2022-11-21,Sul,3648.5095080236383,2901.3974444301134
GCRN,2,surge,125,2022-11-21,Centro-Oeste,1296.7705213919048,1136.643057666635
GCRN,2,surge,126,2022-11-22,Brasil,16208.249936908633,12043.929764659382
GCRN,2,surge,126,2022-11-22,Norte,990.6192991613194,784.1848386349365
GCRN,2,surge,126,2022-11-22,Nordeste,4631.512738881873,3324.448199516811
GCRN,2,surge,126,2022-11-22,Sudeste,8163.356117879164,6667.919617395326
GCRN,2,surge,126,2022-11-22,Sul,3815.817785679821,3014.8848594046713
GCRN,2,surge,126,2022-11-22,Centro-Oeste,1327.7721479207673,1143.3604431468812
GCRN,2,surge,127,2022-11-23,Brasil,17372.626294015914,13668.616889699917
GCRN,2,surge,127,2022-11-23,Norte,987.2785461225745,823.0896357497721
GCRN,2,surge,127,2022-11-23,Nordeste,4538.023587991942,3457.745869266241
GCRN,2,surge,127,2022-11-23,Sudeste,8617.007472162912,7304.997446929265
GCRN,2,surge,127,2022-11-23,Sul,4096.331679805302,3385.229988341286
GCRN,2,surge,127,2022-11-23,Centro-Oeste,2320.9343303838837,1695.8229388076682
GCRN,2,surge,128,2022-11-24,Brasil,17324.151877876633,13560.956038924207
GCRN,2,surge,128,2022-11-24,Norte,1025.3836164056822,883.9408917573718
GCRN,2,surge,128,2022-11-24,Nordeste,4750.899452391248,3627.8076926244553
GCRN,2,surge,128,2022-11-24,Sudeste,8504.332954244737,7161.03008413519
GCRN,2,surge,128,2022-11-24,Sul,4057.97095918862,3441.1398447595343
GCRN,2,surge,128,2022-11-24,Centro-Oeste,2309.8622100133643,1712.0219438537504
GCRN,2,surge,129,2022-11-25,Brasil,17401.101762842714,13849.65566618194
GCRN,2,surge,129,2022-11-25,Norte,1027.1421964230622,907.672272361705
GCRN,2,surge,129,2022-11-25,Nordeste,4686.82094246569,3661.1103635575964
GCRN,2,surge,129,2022-11-25,Sudeste,8494.705636871602,7004.644824812843
GCRN,2,surge,129,2022-11-25,Sul,4045.545471101361,3430.4997273716367
GCRN,2,surge,129,2022-11-25,Centro-Oeste,2306.080413215608,1598.7096576128515
GCRN,2,surge,130,2022-11-26,Brasil,16772.476699414907,13375.52541534985
GCRN,2,surge,130,2022-11-26,Norte,1091.3566460737766,967.5151528460539
GCRN,2,surge,130,2022-11-26,Nordeste,4916.526307033875,3849.0945877752624
GCRN,2,surge,130,2022-11-26,Sudeste,8745.826414078778,7331.903234978433
GCRN,2,surge,130,2022-11-26,Sul,5419.304701589813,4182.037603089942
GCRN,2,surge,130,2022-11-26,Centro-Oeste,2313.6430147598653,1635.8764931862352
GCRN,2,surge,131,2022-11-27,Brasil,17872.93706518525,14137.517011002927
GCRN,2,surge,131,2022-11-27,Norte,1149.837642501565,977.966677011463
GCRN,2,surge,131,2022-11-27,Nordeste,5080.525752193936,4076.8780666201997
GCRN,2,surge,131,2022-11-27,Sudeste,8703.422489469038,7242.694213411452
GCRN,2,surge,131,2022-11-27,Sul,5364.210360259173,4312.307704109162
GCRN,2,surge,131,2022-11-27,Centro-Oeste,2425.82458753263,1773.9253195910885
GCRN,2,surge,132,2022-11-28,Brasil,19982.879548945675,15245.132745547651
GCRN,2,surge,132,2022-11-28,Norte,1143.3701726904878,932.7150246373969
GCRN,2,surge,132,2022-11-28,Nordeste,5260.165790163317,4380.2509211438555
GCRN,2,surge,132,2022-11-28,Sudeste,10559.174140680148,8386.125814219671
GCRN,2,surge,132,2022-11-28,Sul,5603.082218196076,4449.728613675712
GCRN,2,surge,132,2022-11-28,Centro-Oeste,3111.9635783153926,2152.175279948758
GCRN,2,surge,133,2022-11-29,Brasil,20651.357251200927,16345.47071898634
GCRN,2,surge,133,2022-11-29,Norte,1092.0163919967795,843.6969304252247
GCRN,2,surge,133,2022-11-29,Nordeste,5214.503339292053,4306.0066525749835
GCRN,2,surge,133,2022-11-29,Sudeste,10626.357238588827,8758.726940936725
GCRN,2,surge,133,2022-11-29,Sul,6077.404165486207,4825.59370983728
GCRN,2,surge,133,2022-11-29,Centro-Oeste,3259.079563457479,2242.380949347642
GCRN,2,surge,134,2022-11-30,Brasil,19746.566082259298,15285.8119022027
GCRN,2,surge,134,2022-11-30,Norte,1130.6544108758196,909.4555237924021
GCRN,2,surge,134,2022-11-30,Nordeste,5129.03657575744,4152.1925084319155
GCRN,2,surge,134,2022-11-30,Sudeste,10124.109776481591,7879.157904806819
GCRN,2,surge,134,2022-11-30,Sul,5969.577016722605,4804.559045637381
GCRN,2,surge,134,2022-11-30,Centro-Oeste,3597.549185431388,2571.075809893511
GCRN,2,surge,135,2022-12-01,Brasil,20154.600103783578,16144.908576451764
GCRN,2,surge,135,2022-12-01,Norte,1166.8808555891046,947.6773070207245
GCRN,2,surge,135,2022-12-01,Nordeste,5118.253152909422,4170.334801190775
GCRN,2,surge,135,2022-12-01,Sudeste,10329.976600672919,8346.770398891082
GCRN,2,surge,135,2022-12-01,Sul,5887.786965008244,4786.504148389507
GCRN,2,surge,135,2022-12-01,Centro-Oeste,4346.367345639456,3151.870367908107
GCRN,2,surge,136,2022-12-02,Brasil,21416.61377962969,17692.55439803584
GCRN,2,surge,136,2022-12-02,Norte,1004.0450930097572,752.8078321951228
GCRN,2,surge,136,2022-12-02,Nordeste,4907.119353902716,3503.12958385126
GCRN,2,surge,136,2022-12-02,Sudeste,10294.667561426768,8629.49630672445
GCRN,2,surge,136,2022-12-02,Sul,6388.5749790435,5068.219785539013
GCRN,2,surge,136,2022-12-02,Centro-Oeste,6078.458006454705,4228.183217863771
GCRN,2,surge,137,2022-12-03,Brasil,17421.501269790366,14156.090312822053
GCRN,2,surge,137,2022-12-03,Norte,1096.4384404308905,866.900895128571
GCRN,2,surge,137,2022-12-03,Nordeste,4361.700397784641,3748.3913566602073
GCRN,2,surge,137,2022-12-03,Sudeste,9446.24391375814,7497.583417598468
GCRN,2,surge,137,2022-12-03,Sul,5151.952510214481,4161.315296277174
GCRN,2,surge,137,2022-12-03,Centro-Oeste,6156.98388713822,4455.46335071635
GCRN,2,surge,138,2022-12-04,Brasil,19200.127150217744,16235.966025976551
GCRN,2,surge,138,2022-12-04,Norte,1262.3750470385332,1031.496470206212
GCRN,2,surge,138,2022-12-04,Nordeste,4448.275754073394,3859.8319052473166
GCRN,2,surge,138,2022-12-04,Sudeste,9951.086576530806,8336.562196234972
GCRN,2,surge,138,2022-12-04,Sul,5123.537448971705,4218.718354144804
GCRN,2,surge,138,2022-12-04,Centro-Oeste,6037.273575649924,4376.065697712785
GCRN,2,peak,139,2022-12-05,Brasil,19756.459410679312,16640.420425940756
GCRN,2,peak,139,2022-12-05,Norte,1460.3931994605946,1082.0495465071397
GCRN,2,peak,139,2022-12-05,Nordeste,4455.270267732704,3731.1222409073066
GCRN,2,peak,139,2022-12-05,Sudeste,10421.236305221562,8968.104451259978
GCRN,2,peak,139,2022-12-05,Sul,5323.504848427384,4408.98181782483
GCRN,2,peak,139,2022-12-05,Centro-Oeste,6260.236864339444,4586.952414135483
GCRN,2,peak,140,2022-12-06,Brasil,20363.001800124894,17944.016945174502
GCRN,2,peak,140,2022-12-06,Norte,1473.5945875658438,1199.6733298229362
GCRN,2,peak,140,2022-12-06,Nordeste,4336.451495651349,3698.828139602712
GCRN,2,peak,140,2022-12-06,Sudeste,10256.295650634253,8544.479614891547
GCRN,2,peak,140,2022-12-06,Sul,5867.490490461983,4870.042965533258
GCRN,2,peak,140,2022-12-06,Centro-Oeste,7132.538637337118,5396.6389987992825
GCRN,2,peak,141,2022-12-07,Brasil,19103.581618331445,15954.912593490542
GCRN,2,peak,141,2022-12-07,Norte,1523.9202944879464,1222.8279958788482
GCRN,2,peak,141,2022-12-07,Nordeste,4604.087707803473,4012.6958201881143
GCRN,2,peak,141,2022-12-07,Sudeste,10168.254745014181,8128.355889408267
GCRN,2,peak,141,2022-12-07,Sul,5570.6988765454125,4535.019962210773
GCRN,2,peak,141,2022-12-07,Centro-Oeste,6369.197048548917,4765.782527297213
GCRN,2,peak,142,2022-12-08,Brasil,18696.459798306,15155.30985524526
GCRN,2,peak,142,2022-12-08,Norte,1567.0620196253865,1276.1168409136283
GCRN,2,peak,142,2022-12-08,Nordeste,5007.194256183718,4462.317038020094
GCRN,2,peak,142,2022-12-08,Sudeste,10086.905468281711,7920.935470215863
GCRN,2,peak,142,2022-12-08,Sul,5422.833194997688,4408.533650337981
GCRN,2,peak,142,2022-12-08,Centro-Oeste,6324.657851831257,4766.300367242138
GCRN,2,peak,143,2022-12-10,Brasil,19369.89930812939,16330.131139429845
GCRN,2,peak,143,2022-12-10,Norte,1633.5655432802487,1363.7457364767195
GCRN,2,peak,143,2022-12-10,Nordeste,5002.224635319241,4406.816738346779
GCRN,2,peak,143,2022-12-10,Sudeste,10670.494656509996,8636.267135600463
GCRN,2,peak,143,2022-12-10,Sul,5574.5720369863175,4600.531072949256
GCRN,2,peak,143,2022-12-10,Centro-Oeste,6311.556380423587,4904.065043434422
GCRN,2,peak,144,2022-12-11,Brasil,19679.602587111003,17408.575604547477
GCRN,2,peak,144,2022-12-11,Norte,1636.258405300951,1408.1822744890117
GCRN,2,peak,144,2022-12-11,Nordeste,4989.388402226573,4291.478373371551
GCRN,2,peak,144,2022-12-11,Sudeste,11488.921951884795,9482.088858467729
GCRN,2,peak,144,2022-12-11,Sul,3892.9453780843046,2863.0900573649383
GCRN,2,peak,144,2022-12-11,Centro-Oeste,6331.578501834578,4928.32549138663
GCRN,2,peak,145,2022-12-12,Brasil,19208.84404655153,16384.274360302614
GCRN,2,peak,145,2022-12-12,Norte,1572.7200104915464,1280.4485986150376
GCRN,2,peak,145,2022-12-12,Nordeste,4781.774252801186,3921.1464257476837
GCRN,2,peak,145,2022-12-12,Sudeste,11447.087955164421,9254.219943551147
GCRN,2,peak,145,2022-12-12,Sul,3496.819149211505,2813.761283132025
GCRN,2,peak,145,2022-12-12,Centro-Oeste,6595.790720527155,5125.847270726433
GCRN,2,peak,146,2022-12-13,Brasil,14743.278656432853,12778.835720004356
GCRN,2,peak,146,2022-12-13,Norte,1545.350895363945,1372.372545444279
GCRN,2,peak,146,2022-12-13,Nordeste,4820.486545286457,4219.8436858298755
GCRN,2,peak,146,2022-12-13,Sudeste,8853.197221638542,6798.6413793401925
GCRN,2,peak,146,2022-12-13,Sul,3677.7856973126086,3146.6259398968027
GCRN,2,peak,146,2022-12-13,Centro-Oeste,5851.474335999689,4334.36910053313
GCRN,2,peak,147,2022-12-14,Brasil,14059.254809591206,12088.000438203928
GCRN,2,peak,147,2022-12-14,Norte,1519.0773443420142,1376.7408734301696
GCRN,2,peak,147,2022-12-14,Nordeste,5408.173753271218,4745.630693984654
GCRN,2,peak,147,2022-12-14,Sudeste,8764.14882300713,6730.836139767229
GCRN,2,peak,147,2022-12-14,Sul,2845.949749185787,2447.750788229117
GCRN,2,peak,147,2022-12-14,Centro-Oeste,5710.456540266402,4174.926876620286
GCRN,2,peak,148,2022-12-15,Brasil,16028.120488850433,13891.350575100481
GCRN,2,peak,148,2022-12-15,Norte,1662.2536823643015,1526.23536327223
GCRN,2,peak,148,2022-12-15,Nordeste,6032.855349337642,5251.078893855032
GCRN,2,peak,148,2022-12-15,Sudeste,9063.927361867592,7165.707657861355
GCRN,2,peak,148,2022-12-15,Sul,2807.880521440698,2432.148941917533
GCRN,2,peak,148,2022-12-15,Centro-Oeste,5276.464359683284,3723.7542852628217
GCRN,2,peak,149,2022-12-16,Brasil,17928.12324727823,15690.344651713387
GCRN,2,peak,149,2022-12-16,Norte,1577.1217130521964,1408.602831552172
GCRN,2,peak,149,2022-12-16,Nordeste,6349.612123936327,5473.662458731101
GCRN,2,peak,149,2022-12-16,Sudeste,9474.097445339567,7585.529232692672
GCRN,2,peak,149,2022-12-16,Sul,2609.63710058848,2201.993173421852
GCRN,2,peak,149,2022-12-16,Centro-Oeste,4880.724229363452,3452.400427475232
GCRN,2,peak,150,2022-12-17,Brasil,18880.24469001306,16502.659657686898
GCRN,2,peak,150,2022-12-17,Norte,1633.0038699219474,1487.8201687078667
GCRN,2,peak,150,2022-12-17,Nordeste,6351.993802250926,5586.561896843418
GCRN,2,peak,150,2022-12-17,Sudeste,9948.436102097116,8130.208081049836
GCRN,2,peak,150,2022-12-17,Sul,2745.300805677864,2247.5188908218493
GCRN,2,peak,150,2022-12-17,Centro-Oeste,3979.6819454436113,3195.4577715128153
GCRN,2,peak,151,2022-12-18,Brasil,17561.994508172753,15018.677350091462
GCRN,2,peak,151,2022-12-18,Norte,1630.5752187087255,1490.7503330739753
GCRN,2,peak,151,2022-12-18,Nordeste,6411.675769316539,5704.617178981183
GCRN,2,peak,151,2022-12-18,Sudeste,9568.092743291945,7279.1749198238485
GCRN,2,peak,151,2022-12-18,Sul,3065.3179597127555,2474.3305645064543
GCRN,2,peak,151,2022-12-18,Centro-Oeste,3248.755809824911,2378.5044348585625
GCRN,2,peak,152,2022-12-19,Brasil,15325.480858924206,12598.841437167091
GCRN,2,peak,152,2022-12-19,Norte,1513.166447310357,1312.7206299286554
GCRN,2,peak,152,2022-12-19,Nordeste,5800.200853758946,5049.965159022555
GCRN,2,peak,152,2022-12-19,Sudeste,9108.233335116873,6595.114154072154
GCRN,2,peak,152,2022-12-19,Sul,2673.8564319616175,2319.6457218970986
GCRN,2,peak,152,2022-12-19,Centro-Oeste,3162.6658015275852,2189.040562257074
GCRN,2,peak,153,2022-12-20,Brasil,15897.479076867545,13326.3561550035
GCRN,2,peak,153,2022-12-20,Norte,1538.3078783211795,1478.2698560240387
GCRN,2,peak,153,2022-12-20,Nordeste,5591.019645181928,4872.142833965753
GCRN,2,peak,153,2022-12-20,Sudeste,9311.384760023171,6672.909898578349
GCRN,2,peak,153,2022-12-20,Sul,2532.828255614369,2136.669184814378
GCRN,2,peak,153,2022-12-20,Centro-Oeste,3209.6632560935805,2254.9171468100344
GCRN,2,decline,154,2022-12-21,Brasil,19766.09307881644,16096.604932623277
GCRN,2,decline,154,2022-12-21,Norte,1633.5684369046899,1532.0909199141572
GCRN,2,decline,154,2022-12-21,Nordeste,6076.435841047674,5260.76120944361
GCRN,2,decline,154,2022-12-21,Sudeste,10551.400117905054,7788.635782668191
GCRN,2,decline,154,2022-12-21,Sul,3136.728910533114,2409.684626547814
GCRN,2,decline,154,2022-12-21,Centro-Oeste,2945.5634518585634,2378.5445687010474
GCRN,2,decline,155,2022-12-22,Brasil,23605.69686843981,18457.272153211554
GCRN,2,decline,155,2022-12-22,Norte,1651.974979974745,1521.761872302244
GCRN,2,decline,155,2022-12-22,Nordeste,6687.084758731723,5770.757722640213
GCRN,2,decline,155,2022-12-22,Sudeste,11432.86357655698,8583.782784000605
GCRN,2,decline,155,2022-12-22,Sul,4327.0386105681355,3186.213463462212
GCRN,2,decline,155,2022-12-22,Centro-Oeste,3544.2047526190163,2773.761697527069
GCRN,2,decline,156,2022-12-23,Brasil,24917.49531636786,20317.003552693386
GCRN,2,decline,156,2022-12-23,Norte,1554.3099496943812,1405.4178333188295
GCRN,2,decline,156,2022-12-23,Nordeste,6910.955218449149,6080.054394849244
GCRN,2,decline,156,2022-12-23,Sudeste,11763.54417231579,8997.006146985237
GCRN,2,decline,156,2022-12-23,Sul,4872.5663008271695,3755.9126400092073
GCRN,2,decline,156,2022-12-23,Centro-Oeste,3486.03605732819,2764.5104653232775
GCRN,2,decline,157,2022-12-26,Brasil,24010.568630565922,18983.373215322976
GCRN,2,decline,157,2022-12-26,Norte,1472.3210202818964,1304.4648598373988
GCRN,2,decline,157,2022-12-26,Nordeste,6971.009019788123,6205.863852605463
GCRN,2,decline,157,2022-12-26,Sudeste,11272.391308638551,8243.690781740012
GCRN,2,decline,157,2022-12-26,Sul,5324.094048836126,4260.5372506391
GCRN,2,decline,157,2022-12-26,Centro-Oeste,3469.33052172009,2751.7259853013666
GCRN,2,decline,158,2022-12-27,Brasil,23818.552804274466,19508.387651944533
GCRN,2,decline,158,2022-12-27,Norte,1642.4529309097086,1484.6813651106738
GCRN,2,decline,158,2022-12-27,Nordeste,6636.733014978489,5973.668116282292
GCRN,2,decline,158,2022-12-27,Sudeste,8882.48554688867,6835.1664443589325
GCRN,2,decline,158,2022-12-27,Sul,5934.795654783633,4976.9645841115425
GCRN,2,decline,158,2022-12-27,Centro-Oeste,3369.383202480567,2587.7311580072096
GCRN,2,decline,159,2022-12-28,Brasil,23797.623834446073,20199.339329213508
GCRN,2,decline,159,2022-12-28,Norte,1502.8244185422475,1359.948364836506
GCRN,2,decline,159,2022-12-28,Nordeste,6495.31400520067,5864.38662353295
GCRN,2,decline,159,2022-12-28,Sudeste,8713.338615385599,7011.081246980041
GCRN,2,decline,159,2022-12-28,Sul,5955.422252223706,5125.872224091152
GCRN,2,decline,159,2022-12-28,Centro-Oeste,3385.213290273944,2628.5972489220826
GCRN,2,decline,160,2022-12-29,Brasil,24188.64551176043,21191.72547288149
GCRN,2,decline,160,2022-12-29,Norte,1529.6355095166264,1379.4878222986683
GCRN,2,decline,160,2022-12-29,Nordeste,6476.252344126348,5975.72184330666
GCRN,2,decline,160,2022-12-29,Sudeste,9218.449767157894,7690.702456939581
GCRN,2,decline,160,2022-12-29,Sul,5907.72092978064,5238.367730917021
GCRN,2,decline,160,2022-12-29,Centro-Oeste,3099.0155585817447,2358.6923337141307
GCRN,2,decline,161,2022-12-30,Brasil,25901.06634921517,22626.2029241848
GCRN,2,decline,161,2022-12-30,Norte,1633.2837916448427,1499.8866675442823
GCRN,2,decline,161,2022-12-30,Nordeste,6454.51386977607,5939.452826949602
GCRN,2,decline,161,2022-12-30,Sudeste,10060.365606140971,8436.378876986699
GCRN,2,decline,161,2022-12-30,Sul,6348.522564745464,5760.058268755835
GCRN,2,decline,161,2022-12-30,Centro-Oeste,3335.901889156138,2475.673032106345
GCRN,2,decline,162,2023-01-02,Brasil,26096.68367515996,22479.722540240535
GCRN,2,decline,162,2023-01-02,Norte,1598.649291188031,1467.0794437596855
GCRN,2,decline,162,2023-01-02,Nordeste,6118.813198966238,5553.57982911357
GCRN,2,decline,162,2023-01-02,Sudeste,10415.52174418527,8737.078246671854
GCRN,2,decline,162,2023-01-02,Sul,6809.236079182835,6247.048223179219
GCRN,2,decline,162,2023-01-02,Centro-Oeste,2914.4815956671155,2172.384819354199
GCRN,2,decline,163,2023-01-03,Brasil,25675.64334022299,22160.926465197805
GCRN,2,decline,163,2023-01-03,Norte,1642.679369300508,1543.4015181982847
GCRN,2,decline,163,2023-01-03,Nordeste,5834.207886471342,5204.764383968232
GCRN,2,decline,163,2023-01-03,Sudeste,10060.872204803305,8417.687549110766
GCRN,2,decline,163,2023-01-03,Sul,6834.739283971462,6348.684468524155
GCRN,2,decline,163,2023-01-03,Centro-Oeste,2994.865125830393,2334.422935587675
GCRN,2,decline,164,2023-01-04,Brasil,24675.91460311916,21247.731094913546
GCRN,2,decline,164,2023-01-04,Norte,1533.3008884690557,1425.6260367748866
GCRN,2,decline,164,2023-01-04,Nordeste,5724.505552593532,5201.3259639706675
GCRN,2,decline,164,2023-01-04,Sudeste,9356.140356650532,7415.114393195187
GCRN,2,decline,164,2023-01-04,Sul,6693.730293741209,6200.602296807062
GCRN,2,decline,164,2023-01-04,Centro-Oeste,3004.136538385563,2308.827121934305
GCRN,2,decline,165,2023-01-05,Brasil,25021.551040851937,22115.76214791311
GCRN,2,decline,165,2023-01-05,Norte,1541.6829864067672,1441.0588750509742
GCRN,2,decline,165,2023-01-05,Nordeste,5539.166747978214,5025.994989825172
GCRN,2,decline,165,2023-01-05,Sudeste,9927.25495177055,8274.733755556956
GCRN,2,decline,165,2023-01-05,Sul,6694.676272843827,6202.684764227072
GCRN,2,decline,165,2023-01-05,Centro-Oeste,2919.5581706519756,2334.51663770817
GCRN,2,decline,166,2023-01-06,Brasil,24369.336335901407,22144.376537004184
GCRN,2,decline,166,2023-01-06,Norte,1502.0087437505197,1404.7652391336055
GCRN,2,decline,166,2023-01-06,Nordeste,5420.964147606948,5018.775261450813
GCRN,2,decline,166,2023-01-06,Sudeste,9648.332704229744,8164.66676680772
GCRN,2,decline,166,2023-01-06,Sul,6445.428147485315,6008.0035009037465
GCRN,2,decline,166,2023-01-06,Centro-Oeste,2990.7279959178236,2473.5528735860817
GCRN,2,decline,167,2023-01-07,Brasil,24248.428980482982,22305.80833207488
GCRN,2,decline,167,2023-01-07,Norte,1508.3468430290022,1414.319258430763
GCRN,2,decline,167,2023-01-07,Nordeste,5514.508471216894,5111.693162213429
GCRN,2,decline,167,2023-01-07,Sudeste,9638.242490901266,8224.665236318267
GCRN,2,decline,167,2023-01-07,Sul,6413.423857594663,6055.218795271586
GCRN,2,decline,167,2023-01-07,Centro-Oeste,2867.662422681425,2386.805966379131
GCLSTM,1,surge,78,2022-10-05,Brasil,13063.054012141783,12412.990591113088
GCLSTM,1,surge,78,2022-10-05,Norte,998.591052391926,960.4931425724741
GCLSTM,1,surge,78,2022-10-05,Nordeste,4861.086648207833,4612.040030099616
GCLSTM,1,surge,78,2022-10-05,Sudeste,4635.18725630597,4355.580179139342
GCLSTM,1,surge,78,2022-10-05,Sul,1863.0686005177326,1753.9858224805819
GCLSTM,1,surge,78,2022-10-05,Centro-Oeste,1182.390569271161,1088.7099382623953
GCLSTM,1,surge,79,2022-10-06,Brasil,12801.299722299802,12218.501626016838
GCLSTM,1,surge,79,2022-10-06,Norte,960.8306398812401,922.8174987557238
GCLSTM,1,surge,79,2022-10-06,Nordeste,4791.302728985515,4524.9140838123485
GCLSTM,1,surge,79,2022-10-06,Sudeste,4604.574464940883,4409.554421244279
GCLSTM,1,surge,79,2022-10-06,Sul,1894.3343970580902,1817.27657908052
GCLSTM,1,surge,79,2022-10-06,Centro-Oeste,1040.0981879086678,965.861388664991
GCLSTM,1,surge,80,2022-10-07,Brasil,13014.941468124285,12463.303561815741
GCLSTM,1,surge,80,2022-10-07,Norte,956.4079990511766,925.8018559806544
GCLSTM,1,surge,80,2022-10-07,Nordeste,4803.286916202228,4525.350175019191
GCLSTM,1,surge,80,2022-10-07,Sudeste,4631.369418568461,4387.368241637781
GCLSTM,1,surge,80,2022-10-07,Sul,1857.3084679817723,1790.564839541834
GCLSTM,1,surge,80,2022-10-07,Centro-Oeste,1119.442646480485,1032.7704168908822
GCLSTM,1,surge,81,2022-10-08,Brasil,13348.257304099105,12839.471288790273
GCLSTM,1,surge,81,2022-10-08,Norte,959.1677483982995,934.3962077044949
GCLSTM,1,surge,81,2022-10-08,Nordeste,4858.303604470506,4604.493863622992
GCLSTM,1,surge,81,2022-10-08,Sudeste,4829.672053866315,4556.940661155463
GCLSTM,1,surge,81,2022-10-08,Sul,1860.275236998597,1803.6315788630127
GCLSTM,1,surge,81,2022-10-08,Centro-Oeste,1195.5604121322312,1142.9659888666679
GCLSTM,1,surge,82,2022-10-09,Brasil,13266.705229534498,12697.111571363164
GCLSTM,1,surge,82,2022-10-09,Norte,918.7885924549389,896.3957820639199
GCLSTM,1,surge,82,2022-10-09,Nordeste,4785.910669886035,4510.693619417003
GCLSTM,1,surge,82,2022-10-09,Sudeste,4934.768406095932,4654.822873468834
GCLSTM,1,surge,82,2022-10-09,Sul,1930.115841166617,1867.1520773330606
GCLSTM,1,surge,82,2022-10-09,Centro-Oeste,1048.4004778371188,994.9343709411017
GCLSTM,1,surge,83,2022-10-10,Brasil,12757.78609288793,12147.68237533637
GCLSTM,1,surge,83,2022-10-10,Norte,891.8923280768987,860.1918889719245
GCLSTM,1,surge,83,2022-10-10,Nordeste,4743.364887920097,4442.475554332099
GCLSTM,1,surge,83,2022-10-10,Sudeste,4748.2251440691625,4456.801510448843
GCLSTM,1,surge,83,2022-10-10,Sul,1764.592899900784,1708.6690477802674
GCLSTM,1,surge,83,2022-10-10,Centro-Oeste,969.6295385257455,911.2674712570043
GCLSTM,1,surge,84,2022-10-11,Brasil,12297.999591322676,11775.246264193232
GCLSTM,1,surge,84,2022-10-11,Norte,886.0447063411792,843.1188371552289
GCLSTM,1,surge,84,2022-10-11,Nordeste,4815.811212077686,4564.075976184126
GCLSTM,1,surge,84,2022-10-11,Sudeste,4360.598921599792,3945.784910207926
GCLSTM,1,surge,84,2022-10-11,Sul,1721.7149984693372,1646.7186245763955
GCLSTM,1,surge,84,2022-10-11,Centro-Oeste,1070.3098003748928,1012.5260352317845
GCLSTM,1,surge,85,2022-10-12,Brasil,12381.466985814088,11906.950795753817
GCLSTM,1,surge,85,2022-10-12,Norte,885.674305255619,841.4167677287053
GCLSTM,1,surge,85,2022-10-12,Nordeste,4850.113345932005,4629.013105466852
GCLSTM,1,surge,85,2022-10-12,Sudeste,4366.257761448527,4017.930913807187
GCLSTM,1,surge,85,2022-10-12,Sul,1720.7721126368865,1656.6335058888724
GCLSTM,1,surge,85,2022-10-12,Centro-Oeste,1132.3354164094624,1066.3907855395016
GCLSTM,1,surge,86,2022-10-13,Brasil,12000.932256866929,11515.256693923611
GCLSTM,1,surge,86,2022-10-13,Norte,886.2215419088085,844.8793132563271
GCLSTM,1,surge,86,2022-10-13,Nordeste,4746.342870056233,4502.124620918295
GCLSTM,1,surge,86,2022-10-13,Sudeste,4160.932965370639,3840.8864760408433
GCLSTM,1,surge,86,2022-10-13,Sul,1773.912788196131,1699.0518153519208
GCLSTM,1,surge,86,2022-10-13,Centro-Oeste,1088.887300545493,1004.347739047295
GCLSTM,1,surge,87,2022-10-14,Brasil,11268.331689556462,10717.968658354575
GCLSTM,1,surge,87,2022-10-14,Norte,831.356361908254,781.1459920650392
GCLSTM,1,surge,87,2022-10-14,Nordeste,4745.870441230651,4512.197286583009
GCLSTM,1,surge,87,2022-10-14,Sudeste,3759.9542945443786,3443.0218725516206
GCLSTM,1,surge,87,2022-10-14,Sul,1576.1064363991295,1496.1471585606294
GCLSTM,1,surge,87,2022-10-14,Centro-Oeste,1036.4167596113568,933.0333898550035
GCLSTM,1,surge,88,2022-10-15,Brasil,11340.304952780612,10813.343701149275
GCLSTM,1,surge,88,2022-10-15,Norte,855.6183442280426,808.8895165716646
GCLSTM,1,surge,88,2022-10-15,Nordeste,4716.800100587648,4487.689161753099
GCLSTM,1,surge,88,2022-10-15,Sudeste,3885.1104772738945,3620.1765606029285
GCLSTM,1,surge,88,2022-10-15,Sul,1581.299472642697,1494.7931243805567
GCLSTM,1,surge,88,2022-10-15,Centro-Oeste,985.7789399025911,873.1293579721976
GCLSTM,1,surge,89,2022-10-16,Brasil,11214.346247536472,10515.646162793364
GCLSTM,1,surge,89,2022-10-16,Norte,847.1334649108902,796.6053054969042
GCLSTM,1,surge,89,2022-10-16,Nordeste,4680.466882579776,4421.9728981043545
GCLSTM,1,surge,89,2022-10-16,Sudeste,3753.4838980170252,3415.018682473604
GCLSTM,1,surge,89,2022-10-16,Sul,1651.1401636352662,1537.9396104169066
GCLSTM,1,surge,89,2022-10-16,Centro-Oeste,977.0172593994713,863.9114984378257
GCLSTM,1,surge,90,2022-10-17,Brasil,11062.45521068325,10187.56887738602
GCLSTM,1,surge,90,2022-10-17,Norte,849.7398517584024,778.8070985357496
GCLSTM,1,surge,90,2022-10-17,Nordeste,4640.845093406588,4359.407593731471
GCLSTM,1,surge,90,2022-10-17,Sudeste,3725.8102390371905,3349.164517289171
GCLSTM,1,surge,90,2022-10-17,Sul,1585.7624408203903,1457.876687375435
GCLSTM,1,surge,90,2022-10-17,Centro-Oeste,970.3901887423729,830.0081876333336
GCLSTM,1,surge,91,2022-10-18,Brasil,11352.333979524275,10444.85923472106
GCLSTM,1,surge,91,2022-10-18,Norte,861.6481438351486,791.0208927728652
GCLSTM,1,surge,91,2022-10-18,Nordeste,4703.258542936653,4449.940456575993
GCLSTM,1,surge,91,2022-10-18,Sudeste,3844.060763944335,3500.781042600418
GCLSTM,1,surge,91,2022-10-18,Sul,1586.6685787606623,1436.3041945555235
GCLSTM,1,surge,91,2022-10-18,Centro-Oeste,1038.8275473322178,881.7067387241093
GCLSTM,1,peak,92,2022-10-19,Brasil,11680.490673859662,10938.762602638828
GCLSTM,1,peak,92,2022-10-19,Norte,884.2826622641571,821.3154292790774
GCLSTM,1,peak,92,2022-10-19,Nordeste,4666.687749365855,4427.075252122021
GCLSTM,1,peak,92,2022-10-19,Sudeste,3643.594210557774,3306.708264567143
GCLSTM,1,peak,92,2022-10-19,Sul,1670.0934097786915,1541.0838905159649
GCLSTM,1,peak,92,2022-10-19,Centro-Oeste,1376.0929980673334,1240.4494413934885
GCLSTM,1,peak,93,2022-10-20,Brasil,12460.765590682277,11684.0549704889
GCLSTM,1,peak,93,2022-10-20,Norte,930.4278485860734,870.2030618884637
GCLSTM,1,peak,93,2022-10-20,Nordeste,4767.661655012626,4515.120237358798
GCLSTM,1,peak,93,2022-10-20,Sudeste,4132.968982408076,3802.1177703321036
GCLSTM,1,peak,93,2022-10-20,Sul,1742.465660207888,1626.888502307354
GCLSTM,1,peak,93,2022-10-20,Centro-Oeste,1382.0885838498439,1272.5271074586333
GCLSTM,1,peak,94,2022-10-21,Brasil,12331.148584678707,11564.713502737359
GCLSTM,1,peak,94,2022-10-21,Norte,1001.6095692305943,937.1205268116325
GCLSTM,1,peak,94,2022-10-21,Nordeste,4725.91053360325,4477.214631318571
GCLSTM,1,peak,94,2022-10-21,Sudeste,3827.0714253377714,3446.8138127693273
GCLSTM,1,peak,94,2022-10-21,Sul,1879.9098373082234,1755.478883151288
GCLSTM,1,peak,94,2022-10-21,Centro-Oeste,1491.3530162365578,1395.2589776137327
GCLSTM,1,peak,95,2022-10-22,Brasil,12556.308323732379,11645.127493422051
GCLSTM,1,peak,95,2022-10-22,Norte,1036.7748638635817,976.0025058253658
GCLSTM,1,peak,95,2022-10-22,Nordeste,4729.078705417742,4474.874400769397
GCLSTM,1,peak,95,2022-10-22,Sudeste,3797.7627743500275,3292.5632880383637
GCLSTM,1,peak,95,2022-10-22,Sul,1978.9337110907384,1858.41998674883
GCLSTM,1,peak,95,2022-10-22,Centro-Oeste,1600.981926125732,1518.1760592227818
GCLSTM,1,peak,96,2022-10-23,Brasil,12335.817408316872,11259.636374155265
GCLSTM,1,peak,96,2022-10-23,Norte,1071.5529132022339,1018.7233185245593
GCLSTM,1,peak,96,2022-10-23,Nordeste,4716.454687462524,4442.444660302788
GCLSTM,1,peak,96,2022-10-23,Sudeste,3687.459291477908,3139.7933623065433
GCLSTM,1,peak,96,2022-10-23,Sul,1886.908699321436,1761.1209867159207
GCLSTM,1,peak,96,2022-10-23,Centro-Oeste,1525.3341658775162,1435.3821711885118
GCLSTM,1,peak,97,2022-10-24,Brasil,12213.642690990397,11024.106672089589
GCLSTM,1,peak,97,2022-10-24,Norte,1043.3713281368098,984.6750729296875
GCLSTM,1,peak,97,2022-10-24,Nordeste,4684.871730540858,4382.159342422307
GCLSTM,1,peak,97,2022-10-24,Sudeste,3663.648728338067,3056.894484781444
GCLSTM,1,peak,97,2022-10-24,Sul,1954.409168992615,1846.8971135356064
GCLSTM,1,peak,97,2022-10-24,Centro-Oeste,1422.5385212823464,1336.8671865528834
GCLSTM,1,peak,98,2022-10-25,Brasil,12930.887190399708,11978.830446886224
GCLSTM,1,peak,98,2022-10-25,Norte,1010.1790325918406,947.6613800935346
GCLSTM,1,peak,98,2022-10-25,Nordeste,4747.02294482326,4450.079447477999
GCLSTM,1,peak,98,2022-10-25,Sudeste,4265.058654428196,3640.6384625483115
GCLSTM,1,peak,98,2022-10-25,Sul,1855.3307681976742,1738.9054751252606
GCLSTM,1,peak,98,2022-10-25,Centro-Oeste,1293.8017856211527,1201.5456816411263
GCLSTM,1,peak,99,2022-10-26,Brasil,12341.040124536417,11467.629984969428
GCLSTM,1,peak,99,2022-10-26,Norte,966.9287537808608,907.9171303748735
GCLSTM,1,peak,99,2022-10-26,Nordeste,4726.41182313605,4452.4863725197165
GCLSTM,1,peak,99,2022-10-26,Sudeste,4027.688772887422,3338.6270817097507
GCLSTM,1,peak,99,2022-10-26,Sul,1864.2251812552106,1768.1885028999684
GCLSTM,1,peak,99,2022-10-26,Centro-Oeste,1114.6830195801776,1003.5502255693091
GCLSTM,1,peak,100,2022-10-27,Brasil,12346.693393742835,11635.787233223527
GCLSTM,1,peak,100,2022-10-27,Norte,968.2345380128585,918.460603710573
GCLSTM,1,peak,100,2022-10-27,Nordeste,4679.833451134138,4419.583808939683
GCLSTM,1,peak,100,2022-10-27,Sudeste,4179.590263499938,3665.059961162934
GCLSTM,1,peak,100,2022-10-27,Sul,1800.6819978328506,1710.4710955411488
GCLSTM,1,peak,100,2022-10-27,Centro-Oeste,1044.1519475305504,934.368551361357
GCLSTM,1,peak,101,2022-10-28,Brasil,12221.180495514049,11726.745199716825
GCLSTM,1,peak,101,2022-10-28,Norte,961.7722719633517,922.1776610174924
GCLSTM,1,peak,101,2022-10-28,Nordeste,4674.01761936115,4440.228696954496
GCLSTM,1,peak,101,2022-10-28,Sudeste,4093.0958407255166,3631.774478370746
GCLSTM,1,peak,101,2022-10-28,Sul,1872.74253686485,1814.6238390752558
GCLSTM,1,peak,101,2022-10-28,Centro-Oeste,1033.8804580641404,924.203171071694
GCLSTM,1,peak,102,2022-10-29,Brasil,11738.38199384741,11226.756493901838
GCLSTM,1,peak,102,2022-10-29,Norte,949.3443413969073,917.9512817037009
GCLSTM,1,peak,102,2022-10-29,Nordeste,4623.706931187288,4431.122582028573
GCLSTM,1,peak,102,2022-10-29,Sudeste,4114.486544130034,3673.579193834979
GCLSTM,1,peak,102,2022-10-29,Sul,1812.631789321495,1774.0590780807672
GCLSTM,1,peak,102,2022-10-29,Centro-Oeste,1117.9841374002485,1010.7690420529686
GCLSTM,1,peak,103,2022-10-30,Brasil,11320.321610256833,10684.839056487772
GCLSTM,1,peak,103,2022-10-30,Norte,943.1227922005362,917.7793989619561
GCLSTM,1,peak,103,2022-10-30,Nordeste,4481.375488669366,4286.161510289954
GCLSTM,1,peak,103,2022-10-30,Sudeste,4004.694767836433,3476.363196572975
GCLSTM,1,peak,103,2022-10-30,Sul,1690.7616698651086,1654.9812189939641
GCLSTM,1,peak,103,2022-10-30,Centro-Oeste,1170.412682328866,1053.2812018101274
GCLSTM,1,peak,104,2022-10-31,Brasil,11069.194571241218,10160.712106067522
GCLSTM,1,peak,104,2022-10-31,Norte,917.2634518015363,875.9114366231142
GCLSTM,1,peak,104,2022-10-31,Nordeste,4456.921428138682,4220.934968910308
GCLSTM,1,peak,104,2022-10-31,Sudeste,3934.6171940867084,3357.9591553894975
GCLSTM,1,peak,104,2022-10-31,Sul,1664.0698561447057,1616.179202213063
GCLSTM,1,peak,104,2022-10-31,Centro-Oeste,1128.4161711960312,1008.3502918262839
GCLSTM,1,peak,105,2022-11-01,Brasil,10661.438953915747,9707.13255703698
GCLSTM,1,peak,105,2022-11-01,Norte,958.3420023390631,921.6113878974663
GCLSTM,1,peak,105,2022-11-01,Nordeste,4382.6951256658285,4196.699335247628
GCLSTM,1,peak,105,2022-11-01,Sudeste,3758.2745340787974,3238.9570095955205
GCLSTM,1,peak,105,2022-11-01,Sul,1601.7662049913613,1535.3154186777465
GCLSTM,1,peak,105,2022-11-01,Centro-Oeste,1063.0025319443962,938.0310658368588
GCLSTM,1,peak,106,2022-11-02,Brasil,11474.632794539479,10274.677120847558
GCLSTM,1,peak,106,2022-11-02,Norte,1001.7598220509839,954.1377398934304
GCLSTM,1,peak,106,2022-11-02,Nordeste,4477.361304884365,4282.72958837301
GCLSTM,1,peak,106,2022-11-02,Sudeste,4257.549938713336,3715.503419560765
GCLSTM,1,peak,106,2022-11-02,Sul,1668.1305101612584,1577.309656821362
GCLSTM,1,peak,106,2022-11-02,Centro-Oeste,1052.2258650067367,927.6396966542148
GCLSTM,1,decline,107,2022-11-03,Brasil,10191.940171095006,8970.003156684284
GCLSTM,1,decline,107,2022-11-03,Norte,950.2474369395368,903.7827155669564
GCLSTM,1,decline,107,2022-11-03,Nordeste,4217.3645700933785,4023.6553735821685
GCLSTM,1,decline,107,2022-11-03,Sudeste,3821.845492530454,3376.324825003016
GCLSTM,1,decline,107,2022-11-03,Sul,1755.3620213830357,1638.979189171682
GCLSTM,1,decline,107,2022-11-03,Centro-Oeste,1046.2521540687933,916.4960328517448
GCLSTM,1,decline,108,2022-11-04,Brasil,9979.313133275116,8826.569500450996
GCLSTM,1,decline,108,2022-11-04,Norte,902.5554060753244,837.8986105980918
GCLSTM,1,decline,108,2022-11-04,Nordeste,4004.9413728085974,3830.6758432814872
GCLSTM,1,decline,108,2022-11-04,Sudeste,4606.748686051114,4008.304591488645
GCLSTM,1,decline,108,2022-11-04,Sul,1532.6594004572053,1401.1979800545762
GCLSTM,1,decline,108,2022-11-04,Centro-Oeste,950.9755144651147,836.975561166003
GCLSTM,1,decline,109,2022-11-05,Brasil,9342.527540040046,8149.789883560226
GCLSTM,1,decline,109,2022-11-05,Norte,853.556203632584,761.969332258844
GCLSTM,1,decline,109,2022-11-05,Nordeste,3683.36237063423,3487.1439743286023
GCLSTM,1,decline,109,2022-11-05,Sudeste,5214.191973370845,4447.281001336148
GCLSTM,1,decline,109,2022-11-05,Sul,1396.953839459622,1229.6133636577638
GCLSTM,1,decline,109,2022-11-05,Centro-Oeste,917.398985175253,812.947204483073
GCLSTM,1,decline,110,2022-11-06,Brasil,9236.45653105975,7997.070199321679
GCLSTM,1,decline,110,2022-11-06,Norte,832.8002500526399,730.5123086696087
GCLSTM,1,decline,110,2022-11-06,Nordeste,3550.501663571501,3314.968761351495
GCLSTM,1,decline,110,2022-11-06,Sudeste,5409.7441368989685,4600.34168527675
GCLSTM,1,decline,110,2022-11-06,Sul,1326.7369510343808,1149.6185568814128
GCLSTM,1,decline,110,2022-11-06,Centro-Oeste,882.0378106861646,791.579573912532
GCLSTM,1,decline,111,2022-11-07,Brasil,9481.178939464342,8136.023603086869
GCLSTM,1,decline,111,2022-11-07,Norte,823.2900510897414,695.6183636817761
GCLSTM,1,decline,111,2022-11-07,Nordeste,3361.235222087739,3111.0843746446553
GCLSTM,1,decline,111,2022-11-07,Sudeste,5601.27634092775,4748.6680907809705
GCLSTM,1,decline,111,2022-11-07,Sul,1280.598091756051,1116.2703102215505
GCLSTM,1,decline,111,2022-11-07,Centro-Oeste,991.5345973344093,880.7374713927971
GCLSTM,1,decline,112,2022-11-08,Brasil,8944.50129585249,7493.46264629465
GCLSTM,1,decline,112,2022-11-08,Norte,804.779353890732,673.2935676441417
GCLSTM,1,decline,112,2022-11-08,Nordeste,3064.644912127035,2806.0805719657333
GCLSTM,1,decline,112,2022-11-08,Sudeste,6229.430050716602,5238.524330335305
GCLSTM,1,decline,112,2022-11-08,Sul,1336.5341741331697,1168.5053944200406
GCLSTM,1,decline,112,2022-11-08,Centro-Oeste,1078.5921461962391,968.2531327210061
GCLSTM,1,decline,113,2022-11-09,Brasil,9135.45552646138,7900.028124513005
GCLSTM,1,decline,113,2022-11-09,Norte,811.3922475549255,691.6184839360585
GCLSTM,1,decline,113,2022-11-09,Nordeste,3034.6380179300763,2761.144519861281
GCLSTM,1,decline,113,2022-11-09,Sudeste,6092.991621147876,5134.676870280053
GCLSTM,1,decline,113,2022-11-09,Sul,1334.8033131372051,1187.9127101844185
GCLSTM,1,decline,113,2022-11-09,Centro-Oeste,1125.9496898450204,986.0106733457086
GCLSTM,1,decline,114,2022-11-10,Brasil,9087.598468655266,8006.872474455862
GCLSTM,1,decline,114,2022-11-10,Norte,808.680939835353,699.0314644471115
GCLSTM,1,decline,114,2022-11-10,Nordeste,2828.6747905103457,2556.8429868558783
GCLSTM,1,decline,114,2022-11-10,Sudeste,6236.780465307866,5486.341293313922
GCLSTM,1,decline,114,2022-11-10,Sul,1344.4447634214255,1217.872740898742
GCLSTM,1,decline,114,2022-11-10,Centro-Oeste,1137.9507396689849,989.9990500174033
GCLSTM,1,decline,115,2022-11-11,Brasil,9088.441536398965,8167.798699976803
GCLSTM,1,decline,115,2022-11-11,Norte,835.3595310596168,738.7789098729099
GCLSTM,1,decline,115,2022-11-11,Nordeste,2626.4422625543434,2255.908462147495
GCLSTM,1,decline,115,2022-11-11,Sudeste,6015.999819992361,5326.471382764916
GCLSTM,1,decline,115,2022-11-11,Sul,1304.3957089913915,1150.6443607802298
GCLSTM,1,decline,115,2022-11-11,Centro-Oeste,1215.875369963813,1104.29747140508
GCLSTM,1,decline,116,2022-11-12,Brasil,10321.870513459678,9225.295630975113
GCLSTM,1,decline,116,2022-11-12,Norte,822.750523413565,727.3791171121773
GCLSTM,1,decline,116,2022-11-12,Nordeste,2599.691125864647,2246.3392997255964
GCLSTM,1,decline,116,2022-11-12,Sudeste,6253.262931319169,5712.857586166759
GCLSTM,1,decline,116,2022-11-12,Sul,1663.8733157917866,1415.1271512716726
GCLSTM,1,decline,116,2022-11-12,Centro-Oeste,1394.219760945441,1266.1744989758693
GCLSTM,1,decline,117,2022-11-13,Brasil,10297.099667909379,9132.085612697085
GCLSTM,1,decline,117,2022-11-13,Norte,867.5362272456592,764.3253268882518
GCLSTM,1,decline,117,2022-11-13,Nordeste,2556.068494817121,2137.1926756939033
GCLSTM,1,decline,117,2022-11-13,Sudeste,6569.073915355,5820.484524903851
GCLSTM,1,decline,117,2022-11-13,Sul,1761.1872054066657,1531.592944860157
GCLSTM,1,decline,117,2022-11-13,Centro-Oeste,1292.8517010138637,1171.752346353678
GCLSTM,1,decline,118,2022-11-14,Brasil,10764.455643616313,9293.436336582872
GCLSTM,1,decline,118,2022-11-14,Norte,883.1492973739934,745.7891273476064
GCLSTM,1,decline,118,2022-11-14,Nordeste,2476.6311313598208,2090.6064486220725
GCLSTM,1,decline,118,2022-11-14,Sudeste,6870.358986904764,5970.936840970373
GCLSTM,1,decline,118,2022-11-14,Sul,1831.9755321578411,1605.28906375702
GCLSTM,1,decline,118,2022-11-14,Centro-Oeste,1244.737803883587,1106.5969428551837
GCLSTM,1,decline,119,2022-11-15,Brasil,10733.066944461867,9037.072334426606
GCLSTM,1,decline,119,2022-11-15,Norte,925.1074907866105,764.3112715820861
GCLSTM,1,decline,119,2022-11-15,Nordeste,2401.2881071411084,2042.4527740029428
GCLSTM,1,decline,119,2022-11-15,Sudeste,7027.947405963783,6141.111957431539
GCLSTM,1,decline,119,2022-11-15,Sul,1956.2046635122747,1707.7528117846941
GCLSTM,1,decline,119,2022-11-15,Centro-Oeste,1343.3769122907902,1175.9442211989165
GCLSTM,1,decline,120,2022-11-16,Brasil,11676.258707279883,9370.888649794591
GCLSTM,1,decline,120,2022-11-16,Norte,868.6647118027937,666.5415408414221
GCLSTM,1,decline,120,2022-11-16,Nordeste,2102.803961931201,1639.7655341552727
GCLSTM,1,decline,120,2022-11-16,Sudeste,8145.406484137076,6973.9737664910135
GCLSTM,1,decline,120,2022-11-16,Sul,2092.2414391486313,1792.656341625247
GCLSTM,1,decline,120,2022-11-16,Centro-Oeste,1279.1853861110349,1121.0472765514676
GCLSTM,2,surge,125,2022-11-21,Brasil,16267.776134139574,12300.396848557071
GCLSTM,2,surge,125,2022-11-21,Norte,1055.7124283831467,843.1634322493554
GCLSTM,2,surge,125,2022-11-21,Nordeste,4533.573907462335,3276.5211896561195
GCLSTM,2,surge,125,2022-11-21,Sudeste,8758.103146215868,7293.848854982176
GCLSTM,2,surge,125,2022-11-21,Sul,3658.161097937874,2907.8017018801197
GCLSTM,2,surge,125,2022-11-21,Centro-Oeste,1295.685441607723,1135.723602952355
GCLSTM,2,surge,126,2022-11-22,Brasil,16174.69827736165,12362.332507321897
GCLSTM,2,surge,126,2022-11-22,Norte,1038.5610064323203,824.9670338699842
GCLSTM,2,surge,126,2022-11-22,Nordeste,4582.457372055123,3423.4268896699723
GCLSTM,2,surge,126,2022-11-22,Sudeste,8219.92870986988,6725.67030242935
GCLSTM,2,surge,126,2022-11-22,Sul,3806.851088568112,2998.2958598775285
GCLSTM,2,surge,126,2022-11-22,Centro-Oeste,1325.6445916840476,1143.641962671054
GCLSTM,2,surge,127,2022-11-23,Brasil,17378.68305665957,13831.755670162865
GCLSTM,2,surge,127,2022-11-23,Norte,1043.8115722894713,862.1596330276118
GCLSTM,2,surge,127,2022-11-23,Nordeste,4589.663542112093,3472.9904738352297
GCLSTM,2,surge,127,2022-11-23,Sudeste,8632.239597911124,7317.3444022599715
GCLSTM,2,surge,127,2022-11-23,Sul,4122.04268806001,3406.8615258606665
GCLSTM,2,surge,127,2022-11-23,Centro-Oeste,2323.321015470729,1697.73067649159
GCLSTM,2,surge,128,2022-11-24,Brasil,17311.61423539684,13798.99969464004
GCLSTM,2,surge,128,2022-11-24,Norte,1082.6445666617872,935.3992107270054
GCLSTM,2,surge,128,2022-11-24,Nordeste,4642.62700536194,3461.836118078318
GCLSTM,2,surge,128,2022-11-24,Sudeste,8524.799276630501,7188.205916426935
GCLSTM,2,surge,128,2022-11-24,Sul,4093.2640925382125,3476.7808162725714
GCLSTM,2,surge,128,2022-11-24,Centro-Oeste,2322.5503073973396,1716.6418674681456
GCLSTM,2,surge,129,2022-11-25,Brasil,17435.757582494938,13989.463527574888
GCLSTM,2,surge,129,2022-11-25,Norte,1075.1642388259247,943.2786258860748
GCLSTM,2,surge,129,2022-11-25,Nordeste,4805.765788318136,3666.013567381327
GCLSTM,2,surge,129,2022-11-25,Sudeste,8542.043000340967,7046.489939136377
GCLSTM,2,surge,129,2022-11-25,Sul,4079.694652548882,3459.360897953788
GCLSTM,2,surge,129,2022-11-25,Centro-Oeste,2305.7427907462215,1605.199526085827
GCLSTM,2,surge,130,2022-11-26,Brasil,16780.1496974341,13576.853300476067
GCLSTM,2,surge,130,2022-11-26,Norte,1158.7095278941451,1030.7903528453028
GCLSTM,2,surge,130,2022-11-26,Nordeste,5092.847596268328,3946.530494197855
GCLSTM,2,surge,130,2022-11-26,Sudeste,8715.053236883192,7317.97911020551
GCLSTM,2,surge,130,2022-11-26,Sul,5420.210272308064,4163.120705667937
GCLSTM,2,surge,130,2022-11-26,Centro-Oeste,2306.263072430979,1635.5745640831403
GCLSTM,2,surge,131,2022-11-27,Brasil,18072.595798109756,14429.878330976731
GCLSTM,2,surge,131,2022-11-27,Norte,1208.5228440677647,1034.3592427181795
GCLSTM,2,surge,131,2022-11-27,Nordeste,5379.465769812414,4304.008177744547
GCLSTM,2,surge,131,2022-11-27,Sudeste,8748.196913647824,7289.05541516428
GCLSTM,2,surge,131,2022-11-27,Sul,5391.414979544611,4310.332514901793
GCLSTM,2,surge,131,2022-11-27,Centro-Oeste,2433.6244997325284,1773.212716786873
GCLSTM,2,surge,132,2022-11-28,Brasil,19806.727617667977,15276.765441326308
GCLSTM,2,surge,132,2022-11-28,Norte,1176.8931230007252,977.7070769561849
GCLSTM,2,surge,132,2022-11-28,Nordeste,5306.395015926555,4357.461718382907
GCLSTM,2,surge,132,2022-11-28,Sudeste,10567.16092327145,8411.148167383471
GCLSTM,2,surge,132,2022-11-28,Sul,5593.277793861834,4435.622983543441
GCLSTM,2,surge,132,2022-11-28,Centro-Oeste,3113.9064195265237,2150.3183622341
GCLSTM,2,surge,133,2022-11-29,Brasil,20546.996776141616,16372.019142255045
GCLSTM,2,surge,133,2022-11-29,Norte,1111.5163973471865,872.1337351702044
GCLSTM,2,surge,133,2022-11-29,Nordeste,5358.6431417563645,4385.914127169633
GCLSTM,2,surge,133,2022-11-29,Sudeste,10672.923794956747,8779.633674430754
GCLSTM,2,surge,133,2022-11-29,Sul,6085.312404797002,4822.351202190569
GCLSTM,2,surge,133,2022-11-29,Centro-Oeste,3266.9827588867724,2248.767489083029
GCLSTM,2,surge,134,2022-11-30,Brasil,19567.388560452524,15283.764609036309
GCLSTM,2,surge,134,2022-11-30,Norte,1159.2825809818235,949.5942808136989
GCLSTM,2,surge,134,2022-11-30,Nordeste,5172.860973303682,4242.40457529358
GCLSTM,2,surge,134,2022-11-30,Sudeste,10107.99569059145,7919.357250319738
GCLSTM,2,surge,134,2022-11-30,Sul,5978.685555613386,4809.395122371816
GCLSTM,2,surge,134,2022-11-30,Centro-Oeste,3599.8687222417416,2568.216887009751
GCLSTM,2,surge,135,2022-12-01,Brasil,19985.187060329692,16058.723084161784
GCLSTM,2,surge,135,2022-12-01,Norte,1192.67740985124,986.0690205673702
GCLSTM,2,surge,135,2022-12-01,Nordeste,5296.812982987708,4348.20390660171
GCLSTM,2,surge,135,2022-12-01,Sudeste,10301.482310166886,8300.511589458292
GCLSTM,2,surge,135,2022-12-01,Sul,5919.771308513672,4825.52886679732
GCLSTM,2,surge,135,2022-12-01,Centro-Oeste,4339.5836260437845,3148.4575105040103
GCLSTM,2,surge,136,2022-12-02,Brasil,20853.424162960124,17031.510991004343
GCLSTM,2,surge,136,2022-12-02,Norte,1028.660637304248,787.5576987891728
GCLSTM,2,surge,136,2022-12-02,Nordeste,4755.51151865274,3673.042666535792
GCLSTM,2,surge,136,2022-12-02,Sudeste,10273.96196828005,8601.940816414963
GCLSTM,2,surge,136,2022-12-02,Sul,6393.298289728105,5096.185799017731
GCLSTM,2,surge,136,2022-12-02,Centro-Oeste,6061.605162185266,4222.871115622796
GCLSTM,2,surge,137,2022-12-03,Brasil,17264.926804712297,14323.207062323216
GCLSTM,2,surge,137,2022-12-03,Norte,1113.8236145053565,902.6889146754514
GCLSTM,2,surge,137,2022-12-03,Nordeste,4746.7445059322845,4112.478525402368
GCLSTM,2,surge,137,2022-12-03,Sudeste,9446.882802563416,7511.113013979791
GCLSTM,2,surge,137,2022-12-03,Sul,5098.88663932487,4150.065273663606
GCLSTM,2,surge,137,2022-12-03,Centro-Oeste,6158.156550140034,4450.790816519331
GCLSTM,2,surge,138,2022-12-04,Brasil,19215.561163119262,16392.444948144905
GCLSTM,2,surge,138,2022-12-04,Norte,1300.5845004275125,1088.664320421904
GCLSTM,2,surge,138,2022-12-04,Nordeste,4909.2438853015265,4262.145012307646
GCLSTM,2,surge,138,2022-12-04,Sudeste,9906.445556039977,8253.295795139984
GCLSTM,2,surge,138,2022-12-04,Sul,5104.252460337032,4221.09518463573
GCLSTM,2,surge,138,2022-12-04,Centro-Oeste,6043.413689701872,4371.893837759303
GCLSTM,2,peak,139,2022-12-05,Brasil,19423.31719214192,16234.811270745548
GCLSTM,2,peak,139,2022-12-05,Norte,1457.8952131499148,1112.977652449716
GCLSTM,2,peak,139,2022-12-05,Nordeste,4678.736670516894,4082.9812965351193
GCLSTM,2,peak,139,2022-12-05,Sudeste,10338.19863132905,8849.352601823162
GCLSTM,2,peak,139,2022-12-05,Sul,5296.625611934789,4412.348749105934
GCLSTM,2,peak,139,2022-12-05,Centro-Oeste,6254.778739059498,4576.570746917333
GCLSTM,2,peak,140,2022-12-06,Brasil,20144.15848828679,17676.560561153467
GCLSTM,2,peak,140,2022-12-06,Norte,1502.7235397039192,1256.2415541862679
GCLSTM,2,peak,140,2022-12-06,Nordeste,4593.029469988495,4026.7860622514368
GCLSTM,2,peak,140,2022-12-06,Sudeste,10241.522338453951,8516.591188237155
GCLSTM,2,peak,140,2022-12-06,Sul,5840.313764652801,4874.8811529054965
GCLSTM,2,peak,140,2022-12-06,Centro-Oeste,7146.485323245177,5410.089207243241
GCLSTM,2,peak,141,2022-12-07,Brasil,18735.214926872566,15641.294176629783
GCLSTM,2,peak,141,2022-12-07,Norte,1529.9509000204316,1265.1719566546362
GCLSTM,2,peak,141,2022-12-07,Nordeste,4877.065973619004,4350.14703712299
GCLSTM,2,peak,141,2022-12-07,Sudeste,10100.352865783847,8064.384220116658
GCLSTM,2,peak,141,2022-12-07,Sul,5566.511654741456,4559.484853308879
GCLSTM,2,peak,141,2022-12-07,Centro-Oeste,6363.047836595586,4767.377039239406
GCLSTM,2,peak,142,2022-12-08,Brasil,18488.61536264186,14999.518061394872
GCLSTM,2,peak,142,2022-12-08,Norte,1588.9814134394107,1334.2200829443532
GCLSTM,2,peak,142,2022-12-08,Nordeste,5415.663339820852,4969.840512068322
GCLSTM,2,peak,142,2022-12-08,Sudeste,10077.816868537517,7873.461559916534
GCLSTM,2,peak,142,2022-12-08,Sul,5440.958022018454,4449.37588772614
GCLSTM,2,peak,142,2022-12-08,Centro-Oeste,6307.322807645361,4742.511649092332
GCLSTM,2,peak,143,2022-12-10,Brasil,19153.980331319843,16202.183620909645
GCLSTM,2,peak,143,2022-12-10,Norte,1650.623082386917,1416.766052485366
GCLSTM,2,peak,143,2022-12-10,Nordeste,5413.841696151786,4964.558050658982
GCLSTM,2,peak,143,2022-12-10,Sudeste,10656.447538418903,8639.220652690918
GCLSTM,2,peak,143,2022-12-10,Sul,5559.916940911115,4647.384166761739
GCLSTM,2,peak,143,2022-12-10,Centro-Oeste,6312.605164732243,4894.456812801144
GCLSTM,2,peak,144,2022-12-11,Brasil,19635.774384639062,17232.750959164143
GCLSTM,2,peak,144,2022-12-11,Norte,1666.5664767433086,1464.7955804112269
GCLSTM,2,peak,144,2022-12-11,Nordeste,5416.55654107561,4825.867602436237
GCLSTM,2,peak,144,2022-12-11,Sudeste,11464.224111544394,9451.947844713772
GCLSTM,2,peak,144,2022-12-11,Sul,3942.3428740268587,2930.205801703984
GCLSTM,2,peak,144,2022-12-11,Centro-Oeste,6316.394290031017,4902.63183200192
GCLSTM,2,peak,145,2022-12-12,Brasil,18748.158414146623,16065.05332576128
GCLSTM,2,peak,145,2022-12-12,Norte,1582.2938526650994,1315.740745306972
GCLSTM,2,peak,145,2022-12-12,Nordeste,5051.462337951687,4321.940865617648
GCLSTM,2,peak,145,2022-12-12,Sudeste,11393.773577826352,9199.255128228482
GCLSTM,2,peak,145,2022-12-12,Sul,3482.5487839931434,2792.834954734299
GCLSTM,2,peak,145,2022-12-12,Centro-Oeste,6584.09471458486,5120.416113570419
GCLSTM,2,peak,146,2022-12-13,Brasil,14788.55123045615,12786.802732187289
GCLSTM,2,peak,146,2022-12-13,Norte,1569.6595285230283,1413.2768359176541
GCLSTM,2,peak,146,2022-12-13,Nordeste,5415.114637007091,4820.487342298901
GCLSTM,2,peak,146,2022-12-13,Sudeste,8849.06857536901,6797.944797380644
GCLSTM,2,peak,146,2022-12-13,Sul,3697.007796006464,3173.658211781548
GCLSTM,2,peak,146,2022-12-13,Centro-Oeste,5842.220319894711,4333.360153401373
GCLSTM,2,peak,147,2022-12-14,Brasil,14205.413836253101,12051.039738299649
GCLSTM,2,peak,147,2022-12-14,Norte,1558.6825855586847,1435.878195634398
GCLSTM,2,peak,147,2022-12-14,Nordeste,6096.887096183796,5537.956331517363
GCLSTM,2,peak,147,2022-12-14,Sudeste,8802.592577308083,6747.284891067003
GCLSTM,2,peak,147,2022-12-14,Sul,2853.3490412857277,2434.6104600453496
GCLSTM,2,peak,147,2022-12-14,Centro-Oeste,5699.325147596119,4161.216136856338
GCLSTM,2,peak,148,2022-12-15,Brasil,16288.332961144195,14033.54158100029
GCLSTM,2,peak,148,2022-12-15,Norte,1698.089918281778,1577.3759309185905
GCLSTM,2,peak,148,2022-12-15,Nordeste,6609.976464388099,5964.796952234527
GCLSTM,2,peak,148,2022-12-15,Sudeste,9058.199624566043,7179.898772810076
GCLSTM,2,peak,148,2022-12-15,Sul,2777.5412486026344,2361.9293354726346
GCLSTM,2,peak,148,2022-12-15,Centro-Oeste,5262.1224612098995,3717.047685772908
GCLSTM,2,peak,149,2022-12-16,Brasil,18367.76095090342,16045.992534093735
GCLSTM,2,peak,149,2022-12-16,Norte,1608.568948182341,1463.5081898448896
GCLSTM,2,peak,149,2022-12-16,Nordeste,7027.725032584588,6326.916556281025
GCLSTM,2,peak,149,2022-12-16,Sudeste,9486.14375691037,7603.630193633202
GCLSTM,2,peak,149,2022-12-16,Sul,2624.2440717680047,2174.0663410289153
GCLSTM,2,peak,149,2022-12-16,Centro-Oeste,4888.32666538479,3448.0975863750436
GCLSTM,2,peak,150,2022-12-17,Brasil,19484.16438192786,16999.20881155069
GCLSTM,2,peak,150,2022-12-17,Norte,1674.3721317403988,1552.384969234612
GCLSTM,2,peak,150,2022-12-17,Nordeste,7046.443911112194,6418.774569121139
GCLSTM,2,peak,150,2022-12-17,Sudeste,9930.6679281631,8156.428486786949
GCLSTM,2,peak,150,2022-12-17,Sul,2732.7757877676404,2220.044626709079
GCLSTM,2,peak,150,2022-12-17,Centro-Oeste,3981.476323229251,3193.358853818408
GCLSTM,2,peak,151,2022-12-18,Brasil,17966.19394219319,15494.737267135335
GCLSTM,2,peak,151,2022-12-18,Norte,1656.506408789832,1535.7135846328779
GCLSTM,2,peak,151,2022-12-18,Nordeste,7101.304518482748,6522.635487769629
GCLSTM,2,peak,151,2022-12-18,Sudeste,9504.331299856623,7202.609778926645
GCLSTM,2,peak,151,2022-12-18,Sul,3041.672614061944,2451.3287012001456
GCLSTM,2,peak,151,2022-12-18,Centro-Oeste,3245.722183255266,2364.7025539896576
GCLSTM,2,peak,152,2022-12-19,Brasil,15466.48211183579,12768.873925713164
GCLSTM,2,peak,152,2022-12-19,Norte,1517.5217269351963,1345.7825772900044
GCLSTM,2,peak,152,2022-12-19,Nordeste,6434.357357372653,5787.735842187603
GCLSTM,2,peak,152,2022-12-19,Sudeste,9055.618338829008,6543.429228515962
GCLSTM,2,peak,152,2022-12-19,Sul,2646.1201089853303,2296.8686907375036
GCLSTM,2,peak,152,2022-12-19,Centro-Oeste,3166.8238413483605,2184.76214320553
GCLSTM,2,peak,153,2022-12-20,Brasil,16081.350651454239,13652.86648074879
GCLSTM,2,peak,153,2022-12-20,Norte,1606.0315010152813,1544.7438043433474
GCLSTM,2,peak,153,2022-12-20,Nordeste,6221.477374107943,5519.113106846661
GCLSTM,2,peak,153,2022-12-20,Sudeste,9226.030456967588,6616.554156830726
GCLSTM,2,peak,153,2022-12-20,Sul,2481.528187718615,2080.9346215453043
GCLSTM,2,peak,153,2022-12-20,Centro-Oeste,3192.70802455454,2267.478683147519
GCLSTM,2,decline,154,2022-12-21,Brasil,20199.323283776987,16713.865853818003
GCLSTM,2,decline,154,2022-12-21,Norte,1703.1973640212818,1612.1547696384248
GCLSTM,2,decline,154,2022-12-21,Nordeste,6733.151831194084,6051.088651652977
GCLSTM,2,decline,154,2022-12-21,Sudeste,10456.799385336279,7697.825672175508
GCLSTM,2,decline,154,2022-12-21,Sul,3076.2920949210716,2382.254705778364
GCLSTM,2,decline,154,2022-12-21,Centro-Oeste,2955.569869352733,2381.3911857109706
GCLSTM,2,decline,155,2022-12-22,Brasil,24058.88818074395,19084.39809930574
GCLSTM,2,decline,155,2022-12-22,Norte,1713.9519206005525,1591.0528243836902
GCLSTM,2,decline,155,2022-12-22,Nordeste,7345.00182582595,6563.467610692722
GCLSTM,2,decline,155,2022-12-22,Sudeste,11378.051245290937,8526.486890043923
GCLSTM,2,decline,155,2022-12-22,Sul,4265.442226560647,3136.7822227750803
GCLSTM,2,decline,155,2022-12-22,Centro-Oeste,3592.3786373109133,2815.072769353215
GCLSTM,2,decline,156,2022-12-23,Brasil,25451.033036843,21101.361016888146
GCLSTM,2,decline,156,2022-12-23,Norte,1617.5302694080892,1485.197090734307
GCLSTM,2,decline,156,2022-12-23,Nordeste,7625.742833586727,6920.314908522759
GCLSTM,2,decline,156,2022-12-23,Sudeste,11703.830329426157,8944.207753075954
GCLSTM,2,decline,156,2022-12-23,Sul,4826.131779707062,3730.7973012487687
GCLSTM,2,decline,156,2022-12-23,Centro-Oeste,3500.6227188411494,2765.565136396904
GCLSTM,2,decline,157,2022-12-26,Brasil,24453.609519002806,19750.53010204341
GCLSTM,2,decline,157,2022-12-26,Norte,1531.3953017082906,1378.9789269478772
GCLSTM,2,decline,157,2022-12-26,Nordeste,7673.152225967037,7042.294416232748
GCLSTM,2,decline,157,2022-12-26,Sudeste,11244.611839713127,8181.459521220105
GCLSTM,2,decline,157,2022-12-26,Sul,5264.8803272990945,4220.65011968021
GCLSTM,2,decline,157,2022-12-26,Centro-Oeste,3471.0113280898076,2737.615602920166
GCLSTM,2,decline,158,2022-12-27,Brasil,24539.681247481112,20354.443954127582
GCLSTM,2,decline,158,2022-12-27,Norte,1716.5137463335127,1569.445453628786
GCLSTM,2,decline,158,2022-12-27,Nordeste,7378.593052426351,6836.3892497854395
GCLSTM,2,decline,158,2022-12-27,Sudeste,8872.599246978161,6857.9961505547235
GCLSTM,2,decline,158,2022-12-27,Sul,5894.239173067865,4961.592368573384
GCLSTM,2,decline,158,2022-12-27,Centro-Oeste,3382.3239617240747,2574.8084887379323
GCLSTM,2,decline,159,2022-12-28,Brasil,24550.115586732576,21221.04914201552
GCLSTM,2,decline,159,2022-12-28,Norte,1571.5299466858546,1430.3555237746093
GCLSTM,2,decline,159,2022-12-28,Nordeste,7228.989060354127,6717.24924115582
GCLSTM,2,decline,159,2022-12-28,Sudeste,8716.35574762035,7036.804228189338
GCLSTM,2,decline,159,2022-12-28,Sul,5927.431713671189,5118.469641132564
GCLSTM,2,decline,159,2022-12-28,Centro-Oeste,3387.896687880631,2645.7038236772532
GCLSTM,2,decline,160,2022-12-29,Brasil,24979.44833031222,22178.827698067067
GCLSTM,2,decline,160,2022-12-29,Norte,1590.9097444097688,1438.320851276688
GCLSTM,2,decline,160,2022-12-29,Nordeste,7206.628792204616,6797.019873753182
GCLSTM,2,decline,160,2022-12-29,Sudeste,9211.90578881614,7720.224415739148
GCLSTM,2,decline,160,2022-12-29,Sul,5915.926652129474,5265.116183912177
GCLSTM,2,decline,160,2022-12-29,Centro-Oeste,3115.5949998412543,2362.6151209033187
GCLSTM,2,decline,161,2022-12-30,Brasil,26632.05631703992,23482.334123916975
GCLSTM,2,decline,161,2022-12-30,Norte,1690.3875954793261,1559.5786444881855
GCLSTM,2,decline,161,2022-12-30,Nordeste,7168.442579239569,6739.468012445809
GCLSTM,2,decline,161,2022-12-30,Sudeste,10040.780230244682,8439.357460103884
GCLSTM,2,decline,161,2022-12-30,Sul,6351.669317644224,5768.543042242595
GCLSTM,2,decline,161,2022-12-30,Centro-Oeste,3313.000622492755,2453.7807917893765
GCLSTM,2,decline,162,2023-01-02,Brasil,26801.893882290715,23356.88168102025
GCLSTM,2,decline,162,2023-01-02,Norte,1654.0796056913703,1518.6205054360037
GCLSTM,2,decline,162,2023-01-02,Nordeste,6849.360358887298,6350.390207381489
GCLSTM,2,decline,162,2023-01-02,Sudeste,10408.916338102996,8770.255780760926
GCLSTM,2,decline,162,2023-01-02,Sul,6775.884915502295,6215.165946616743
GCLSTM,2,decline,162,2023-01-02,Centro-Oeste,2916.6677525125456,2164.7956204366023
GCLSTM,2,decline,163,2023-01-03,Brasil,26451.640626699882,23075.190011216066
GCLSTM,2,decline,163,2023-01-03,Norte,1709.895676566896,1615.2349117950387
GCLSTM,2,decline,163,2023-01-03,Nordeste,6530.665053799087,6012.699826083594
GCLSTM,2,decline,163,2023-01-03,Sudeste,10057.496725307974,8441.939543744296
GCLSTM,2,decline,163,2023-01-03,Sul,6838.543969239287,6360.76099124887
GCLSTM,2,decline,163,2023-01-03,Centro-Oeste,2996.5930406154434,2337.781172525152
GCLSTM,2,decline,164,2023-01-04,Brasil,25398.766879937804,21919.965961777427
GCLSTM,2,decline,164,2023-01-04,Norte,1603.0184502995837,1502.9160562378722
GCLSTM,2,decline,164,2023-01-04,Nordeste,6449.377235428726,5977.384799149571
GCLSTM,2,decline,164,2023-01-04,Sudeste,9375.630410580756,7441.0889771727625
GCLSTM,2,decline,164,2023-01-04,Sul,6656.134184144063,6170.284090519279
GCLSTM,2,decline,164,2023-01-04,Centro-Oeste,3011.321010730799,2315.943368758665
GCLSTM,2,decline,165,2023-01-05,Brasil,25691.50391556724,22844.611565685158
GCLSTM,2,decline,165,2023-01-05,Norte,1601.462688904071,1508.0930217774946
GCLSTM,2,decline,165,2023-01-05,Nordeste,6226.412741543124,5824.666986420996
GCLSTM,2,decline,165,2023-01-05,Sudeste,9907.050544558095,8297.127081130922
GCLSTM,2,decline,165,2023-01-05,Sul,6636.597579511982,6154.115711548928
GCLSTM,2,decline,165,2023-01-05,Centro-Oeste,2938.6294172224716,2349.739652329322
GCLSTM,2,decline,166,2023-01-06,Brasil,24988.680474423207,22756.60625609339
GCLSTM,2,decline,166,2023-01-06,Norte,1562.3664194967412,1471.0968114474383
GCLSTM,2,decline,166,2023-01-06,Nordeste,6156.990820724571,5822.050490356431
GCLSTM,2,decline,166,2023-01-06,Sudeste,9620.72336484167,8145.2034423110945
GCLSTM,2,decline,166,2023-01-06,Sul,6398.925153133655,5971.624691483782
GCLSTM,2,decline,166,2023-01-06,Centro-Oeste,2960.364478967592,2450.990078483656
GCLSTM,2,decline,167,2023-01-07,Brasil,24883.922988249393,22971.81039715827
GCLSTM,2,decline,167,2023-01-07,Norte,1577.7492065496804,1489.667188760434
GCLSTM,2,decline,167,2023-01-07,Nordeste,6201.0094252545105,5895.4311159274075
GCLSTM,2,decline,167,2023-01-07,Sudeste,9622.361464961317,8232.039481168742
GCLSTM,2,decline,167,2023-01-07,Sul,6361.183250085474,6005.357961573813
GCLSTM,2,decline,167,2023-01-07,Centro-Oeste,2845.097269537077,2365.8014289929147
LSTM,1,surge,78,2022-10-05,Brasil,42996.588289336054,42921.126773893055
LSTM,1,surge,78,2022-10-05,Norte,3559.8041862182854,3554.9769887610105
LSTM,1,surge,78,2022-10-05,Nordeste,20891.381068798215,20862.33030644389
LSTM,1,surge,78,2022-10-05,Sudeste,11476.830540868112,11402.76898301277
LSTM,1,surge,78,2022-10-05,Sul,4824.558629632403,4794.46880831717
LSTM,1,surge,78,2022-10-05,Centro-Oeste,2497.6026934856427,2306.5816873582403
LSTM,1,surge,79,2022-10-06,Brasil,42787.25544528028,42717.38292208257
LSTM,1,surge,79,2022-10-06,Norte,3522.1221256509543,3518.5441324252215
LSTM,1,surge,79,2022-10-06,Nordeste,20807.433578997337,20778.322237584885
LSTM,1,surge,79,2022-10-06,Sudeste,11460.48216949924,11407.28636781944
LSTM,1,surge,79,2022-10-06,Sul,4908.177440750122,4885.441050134827
LSTM,1,surge,79,2022-10-06,Centro-Oeste,2307.7056818385017,2127.7891341182153
LSTM,1,surge,80,2022-10-07,Brasil,43068.192880246446,42965.83746101579
LSTM,1,surge,80,2022-10-07,Norte,3525.654164788269,3521.6487395981594
LSTM,1,surge,80,2022-10-07,Nordeste,20827.404005786848,20789.585156909652
LSTM,1,surge,80,2022-10-07,Sudeste,11472.845069287236,11401.989281024396
LSTM,1,surge,80,2022-10-07,Sul,4887.847216159431,4867.754044582122
LSTM,1,surge,80,2022-10-07,Centro-Oeste,2515.567639015321,2384.860238901497
LSTM,1,surge,81,2022-10-08,Brasil,43448.30280615154,43321.04369750144
LSTM,1,surge,81,2022-10-08,Norte,3533.4645184056394,3527.5866748012522
LSTM,1,surge,81,2022-10-08,Nordeste,20906.457470347348,20868.66028915844
LSTM,1,surge,81,2022-10-08,Sudeste,11637.180276749876,11547.875307923028
LSTM,1,surge,81,2022-10-08,Sul,4889.526498434801,4869.621991133344
LSTM,1,surge,81,2022-10-08,Centro-Oeste,2638.8685232493312,2507.2994344853737
LSTM,1,surge,82,2022-10-09,Brasil,43334.263894024305,43219.80150872348
LSTM,1,surge,82,2022-10-09,Norte,3502.23405995516,3496.6276456445653
LSTM,1,surge,82,2022-10-09,Nordeste,20816.743315163712,20792.72813536059
LSTM,1,surge,82,2022-10-09,Sudeste,11756.94284324767,11657.901495538772
LSTM,1,surge,82,2022-10-09,Sul,4967.151615650764,4940.005081352041
LSTM,1,surge,82,2022-10-09,Centro-Oeste,2456.492667448463,2332.539150827535
LSTM,1,surge,83,2022-10-10,Brasil,42736.59142923557,42681.17681379805
LSTM,1,surge,83,2022-10-10,Norte,3468.8602252040214,3464.096748149729
LSTM,1,surge,83,2022-10-10,Nordeste,20750.739592828406,20734.576385982124
LSTM,1,surge,83,2022-10-10,Sudeste,11564.47343611627,11474.602150916433
LSTM,1,surge,83,2022-10-10,Sul,4804.660921516217,4783.509624793056
LSTM,1,surge,83,2022-10-10,Centro-Oeste,2329.515553573267,2224.3919039567077
LSTM,1,surge,84,2022-10-11,Brasil,42356.17929677993,42318.50822979381
LSTM,1,surge,84,2022-10-11,Norte,3452.688666345949,3448.378787748021
LSTM,1,surge,84,2022-10-11,Nordeste,20852.237357867674,20833.87061245795
LSTM,1,surge,84,2022-10-11,Sudeste,11086.970761555942,10927.461211996038
LSTM,1,surge,84,2022-10-11,Sul,4727.084932895061,4706.247891647484
LSTM,1,surge,84,2022-10-11,Centro-Oeste,2489.716937881296,2402.549725944346
LSTM,1,surge,85,2022-10-12,Brasil,42654.4804010346,42582.284606197514
LSTM,1,surge,85,2022-10-12,Norte,3457.903503330025,3453.5086852888858
LSTM,1,surge,85,2022-10-12,Nordeste,20948.49227735541,20923.91860705933
LSTM,1,surge,85,2022-10-12,Sudeste,11208.022490141466,11043.648792144055
LSTM,1,surge,85,2022-10-12,Sul,4770.584568847104,4753.5549380152615
LSTM,1,surge,85,2022-10-12,Centro-Oeste,2510.28455925484,2407.6535836899848
LSTM,1,surge,86,2022-10-13,Brasil,42320.32616755013,42218.51495828156
LSTM,1,surge,86,2022-10-13,Norte,3460.2014441242695,3456.3554529032726
LSTM,1,surge,86,2022-10-13,Nordeste,20831.122371733276,20804.116628433247
LSTM,1,surge,86,2022-10-13,Sudeste,11022.80134289095,10842.625183166334
LSTM,1,surge,86,2022-10-13,Sul,4833.509233672172,4811.182699213337
LSTM,1,surge,86,2022-10-13,Centro-Oeste,2422.4608885746543,2310.0873252686274
LSTM,1,surge,87,2022-10-14,Brasil,41546.210826621245,41418.642875846126
LSTM,1,surge,87,2022-10-14,Norte,3398.535231881822,3395.4252448815246
LSTM,1,surge,87,2022-10-14,Nordeste,20824.49921827466,20791.09546507191
LSTM,1,surge,87,2022-10-14,Sudeste,10566.817573167125,10377.978270079197
LSTM,1,surge,87,2022-10-14,Sul,4626.291420634386,4606.211513874742
LSTM,1,surge,87,2022-10-14,Centro-Oeste,2374.76895007408,2266.8401458911735
LSTM,1,surge,88,2022-10-15,Brasil,41654.105462919564,41501.006996863165
LSTM,1,surge,88,2022-10-15,Norte,3426.569611234075,3420.217353715336
LSTM,1,surge,88,2022-10-15,Nordeste,20793.966275595994,20758.21481709633
LSTM,1,surge,88,2022-10-15,Sudeste,10735.633664093984,10539.984374644755
LSTM,1,surge,88,2022-10-15,Sul,4625.026438839898,4600.556045828015
LSTM,1,surge,88,2022-10-15,Centro-Oeste,2314.8785689008337,2205.7286146700458
LSTM,1,surge,89,2022-10-16,Brasil,41426.951285766336,41283.230692327445
LSTM,1,surge,89,2022-10-16,Norte,3418.711795840809,3410.467054431559
LSTM,1,surge,89,2022-10-16,Nordeste,20723.866150913957,20694.12057817533
LSTM,1,surge,89,2022-10-16,Sudeste,10570.469108195317,10368.22701321067
LSTM,1,surge,89,2022-10-16,Sul,4696.341156774451,4659.735921094199
LSTM,1,surge,89,2022-10-16,Centro-Oeste,2284.068957694838,2176.0729333138434
LSTM,1,surge,90,2022-10-17,Brasil,41009.67638275927,40904.406580615316
LSTM,1,surge,90,2022-10-17,Norte,3403.9764953968684,3394.5973925094145
LSTM,1,surge,90,2022-10-17,Nordeste,20668.66690261326,20646.503495172456
LSTM,1,surge,90,2022-10-17,Sudeste,10402.023706919103,10204.404852642843
LSTM,1,surge,90,2022-10-17,Sul,4609.869797482657,4570.938991986724
LSTM,1,surge,90,2022-10-17,Centro-Oeste,2220.6260330032046,2106.8624671190987
LSTM,1,surge,91,2022-10-18,Brasil,41266.341280767054,41192.809124100124
LSTM,1,surge,91,2022-10-18,Norte,3411.190531723381,3404.6039250854583
LSTM,1,surge,91,2022-10-18,Nordeste,20751.981184617132,20733.031737189314
LSTM,1,surge,91,2022-10-18,Sudeste,10528.508116066998,10340.82441676516
LSTM,1,surge,91,2022-10-18,Sul,4581.907060930697,4541.834745209015
LSTM,1,surge,91,2022-10-18,Centro-Oeste,2299.9217752960067,2172.762463541561
LSTM,1,peak,92,2022-10-19,Brasil,41665.082554768356,41618.464793905034
LSTM,1,peak,92,2022-10-19,Norte,3443.48253290307,3439.1636445270974
LSTM,1,peak,92,2022-10-19,Nordeste,20759.301726133246,20740.598523698798
LSTM,1,peak,92,2022-10-19,Sudeste,10342.310298338527,10154.120652074385
LSTM,1,peak,92,2022-10-19,Sul,4692.914457772203,4661.364138740505
LSTM,1,peak,92,2022-10-19,Centro-Oeste,2661.5083761188016,2623.217834864241
LSTM,1,peak,93,2022-10-20,Brasil,42433.4677628557,42331.41488136091
LSTM,1,peak,93,2022-10-20,Norte,3485.956162974439,3482.116673785228
LSTM,1,peak,93,2022-10-20,Nordeste,20835.445757593086,20810.99411629184
LSTM,1,peak,93,2022-10-20,Sudeste,10831.899367082571,10592.616055936602
LSTM,1,peak,93,2022-10-20,Sul,4781.059860567398,4755.645606948682
LSTM,1,peak,93,2022-10-20,Centro-Oeste,2724.670778410642,2690.042428398562
LSTM,1,peak,94,2022-10-21,Brasil,42250.90348201224,42123.28858386095
LSTM,1,peak,94,2022-10-21,Norte,3542.331120991001,3536.332281272777
LSTM,1,peak,94,2022-10-21,Nordeste,20782.14638158193,20753.932804015258
LSTM,1,peak,94,2022-10-21,Sudeste,10471.009482362664,10202.270025841786
LSTM,1,peak,94,2022-10-21,Sul,4896.180585659135,4862.072332515394
LSTM,1,peak,94,2022-10-21,Centro-Oeste,2806.702196751194,2768.6811402157364
LSTM,1,peak,95,2022-10-22,Brasil,42392.309766609265,42218.589697752665
LSTM,1,peak,95,2022-10-22,Norte,3573.3892445599745,3566.611635821383
LSTM,1,peak,95,2022-10-22,Nordeste,20781.1668149944,20748.71549990861
LSTM,1,peak,95,2022-10-22,Sudeste,10320.38614351409,10006.254519321172
LSTM,1,peak,95,2022-10-22,Sul,5004.152795867505,4968.374270837025
LSTM,1,peak,95,2022-10-22,Centro-Oeste,2960.208640536557,2928.633771864498
LSTM,1,peak,96,2022-10-23,Brasil,42082.65947506246,41915.59058736007
LSTM,1,peak,96,2022-10-23,Norte,3612.7602894411298,3606.02815500548
LSTM,1,peak,96,2022-10-23,Nordeste,20759.35376911578,20730.056253198836
LSTM,1,peak,96,2022-10-23,Sudeste,10134.482389208766,9819.219119791465
LSTM,1,peak,96,2022-10-23,Sul,4934.5725443256215,4898.526062898576
LSTM,1,peak,96,2022-10-23,Centro-Oeste,2900.0767789811284,2861.760996465731
LSTM,1,peak,97,2022-10-24,Brasil,41808.729792517406,41660.111258959
LSTM,1,peak,97,2022-10-24,Norte,3574.8056489243377,3568.139033939628
LSTM,1,peak,97,2022-10-24,Nordeste,20702.600086220133,20676.82044750423
LSTM,1,peak,97,2022-10-24,Sudeste,9999.138592951715,9694.918250032142
LSTM,1,peak,97,2022-10-24,Sul,5001.653803969241,4968.3652480883
LSTM,1,peak,97,2022-10-24,Centro-Oeste,2791.494104448494,2751.8682793946896
LSTM,1,peak,98,2022-10-25,Brasil,42645.43869858543,42531.84523866115
LSTM,1,peak,98,2022-10-25,Norte,3529.2109150915044,3522.96721798924
LSTM,1,peak,98,2022-10-25,Nordeste,20775.711904224234,20751.443744980937
LSTM,1,peak,98,2022-10-25,Sudeste,10891.131817913252,10718.492347775373
LSTM,1,peak,98,2022-10-25,Sul,4897.6738640462145,4865.32143470626
LSTM,1,peak,98,2022-10-25,Centro-Oeste,2712.176662810359,2673.620493209367
LSTM,1,peak,99,2022-10-26,Brasil,42219.02743182727,42126.64498059409
LSTM,1,peak,99,2022-10-26,Norte,3494.9481354471463,3488.633219301761
LSTM,1,peak,99,2022-10-26,Nordeste,20780.29463154145,20760.16307482586
LSTM,1,peak,99,2022-10-26,Sudeste,10680.881027271325,10494.882387355727
LSTM,1,peak,99,2022-10-26,Sul,4912.359330195246,4887.623051879091
LSTM,1,peak,99,2022-10-26,Centro-Oeste,2543.837393892743,2495.3432472316713
LSTM,1,peak,100,2022-10-27,Brasil,42269.75564111289,42176.1718734879
LSTM,1,peak,100,2022-10-27,Norte,3495.3335545745995,3488.8130585389185
LSTM,1,peak,100,2022-10-27,Nordeste,20740.19254817592,20718.175750165647
LSTM,1,peak,100,2022-10-27,Sudeste,10862.038029684212,10711.299380959337
LSTM,1,peak,100,2022-10-27,Sul,4858.1878895442605,4836.86285319588
LSTM,1,peak,100,2022-10-27,Centro-Oeste,2471.4035668028114,2421.0208306281224
LSTM,1,peak,101,2022-10-28,Brasil,42288.76314870435,42158.71966505769
LSTM,1,peak,101,2022-10-28,Norte,3492.1188196460935,3484.6527500979346
LSTM,1,peak,101,2022-10-28,Nordeste,20745.41160389513,20713.554369620597
LSTM,1,peak,101,2022-10-28,Sudeste,10815.940072300598,10640.68042575993
LSTM,1,peak,101,2022-10-28,Sul,4936.823299297218,4921.385300071757
LSTM,1,peak,101,2022-10-28,Centro-Oeste,2446.3113134950045,2398.4468195074624
LSTM,1,peak,102,2022-10-29,Brasil,41769.30376495601,41523.22677640884
LSTM,1,peak,102,2022-10-29,Norte,3481.2421437572,3472.3458004211707
LSTM,1,peak,102,2022-10-29,Nordeste,20728.513946833737,20688.894486633297
LSTM,1,peak,102,2022-10-29,Sudeste,10469.567030093096,10057.212681576759
LSTM,1,peak,102,2022-10-29,Sul,4890.5244324947025,4876.482259470234
LSTM,1,peak,102,2022-10-29,Centro-Oeste,2484.734228461259,2428.2915483074066
LSTM,1,peak,103,2022-10-30,Brasil,41251.21242267967,40966.356733656066
LSTM,1,peak,103,2022-10-30,Norte,3478.0332362246445,3469.794876826237
LSTM,1,peak,103,2022-10-30,Nordeste,20586.088151106385,20549.26337602795
LSTM,1,peak,103,2022-10-30,Sudeste,10218.87616399526,9739.36193705702
LSTM,1,peak,103,2022-10-30,Sul,4759.555704437558,4745.709359158349
LSTM,1,peak,103,2022-10-30,Centro-Oeste,2524.7813933500443,2462.22718458651
LSTM,1,peak,104,2022-10-31,Brasil,40815.05731561046,40549.13854804488
LSTM,1,peak,104,2022-10-31,Norte,3440.8830949799635,3434.276316165339
LSTM,1,peak,104,2022-10-31,Nordeste,20530.364848255696,20497.324782590385
LSTM,1,peak,104,2022-10-31,Sudeste,10014.85745720809,9523.970701660366
LSTM,1,peak,104,2022-10-31,Sul,4731.385581431153,4715.6186609475835
LSTM,1,peak,104,2022-10-31,Centro-Oeste,2443.458788088435,2377.948086681164
LSTM,1,peak,105,2022-11-01,Brasil,40436.93699004288,40210.37037604669
LSTM,1,peak,105,2022-11-01,Norte,3457.3850407338628,3452.735162106518
LSTM,1,peak,105,2022-11-01,Nordeste,20488.75134607277,20460.53930116776
LSTM,1,peak,105,2022-11-01,Sudeste,9833.540588432026,9339.065616255451
LSTM,1,peak,105,2022-11-01,Sul,4662.646843282056,4646.314416663952
LSTM,1,peak,105,2022-11-01,Centro-Oeste,2378.632568781815,2311.715879852991
LSTM,1,peak,106,2022-11-02,Brasil,41120.15033356325,40872.41370468529
LSTM,1,peak,106,2022-11-02,Norte,3506.841881213718,3499.613698576096
LSTM,1,peak,106,2022-11-02,Nordeste,20578.478994642028,20549.200860878318
LSTM,1,peak,106,2022-11-02,Sudeste,10303.532933346503,9771.311092070497
LSTM,1,peak,106,2022-11-02,Sul,4717.87159115896,4694.9530683399735
LSTM,1,peak,106,2022-11-02,Centro-Oeste,2442.453877658308,2357.3349848204284
LSTM,1,decline,107,2022-11-03,Brasil,39701.894828630546,39499.95143522766
LSTM,1,decline,107,2022-11-03,Norte,3452.5357552072605,3446.6947795993933
LSTM,1,decline,107,2022-11-03,Nordeste,20337.720005330397,20315.928027604325
LSTM,1,decline,107,2022-11-03,Sudeste,9271.594187646002,8637.118766163327
LSTM,1,decline,107,2022-11-03,Sul,4788.1985815356575,4756.058342544839
LSTM,1,decline,107,2022-11-03,Centro-Oeste,2438.2649903755655,2344.1515193157297
LSTM,1,decline,108,2022-11-04,Brasil,38442.66725112522,37763.439075741575
LSTM,1,decline,108,2022-11-04,Norte,3253.7241308437556,3190.4912065287217
LSTM,1,decline,108,2022-11-04,Nordeste,20148.86398325562,20102.925817445095
LSTM,1,decline,108,2022-11-04,Sudeste,9231.166661002857,8454.827672140582
LSTM,1,decline,108,2022-11-04,Sul,4475.943165014623,4400.509687083272
LSTM,1,decline,108,2022-11-04,Centro-Oeste,2231.0370689468646,2073.1971982948476
LSTM,1,decline,109,2022-11-05,Brasil,36837.326341936976,35750.122360524234
LSTM,1,decline,109,2022-11-05,Norte,3177.274225824748,3095.6867289134184
LSTM,1,decline,109,2022-11-05,Nordeste,19853.914722995887,19768.928074702537
LSTM,1,decline,109,2022-11-05,Sudeste,8636.03708908396,7684.198473753342
LSTM,1,decline,109,2022-11-05,Sul,4263.25758645571,4156.262682257735
LSTM,1,decline,109,2022-11-05,Centro-Oeste,2140.237422760759,1964.5388864825559
LSTM,1,decline,110,2022-11-06,Brasil,36271.967871362045,35023.731395027455
LSTM,1,decline,110,2022-11-06,Norte,3156.37679725295,3064.9124973131015
LSTM,1,decline,110,2022-11-06,Nordeste,19705.020546100975,19600.761098712566
LSTM,1,decline,110,2022-11-06,Sudeste,8604.938429628235,7616.597375024504
LSTM,1,decline,110,2022-11-06,Sul,4115.207903094684,3979.4345631846913
LSTM,1,decline,110,2022-11-06,Centro-Oeste,2027.262824645112,1846.4972137198513
LSTM,1,decline,111,2022-11-07,Brasil,35901.33435476683,34599.7569308253
LSTM,1,decline,111,2022-11-07,Norte,3115.9354419963593,3019.478225714792
LSTM,1,decline,111,2022-11-07,Nordeste,19512.154147393674,19409.757336860395
LSTM,1,decline,111,2022-11-07,Sudeste,8598.925466000923,7627.186646927612
LSTM,1,decline,111,2022-11-07,Sul,4016.39955835765,3866.0279688184264
LSTM,1,decline,111,2022-11-07,Centro-Oeste,2096.1495612442473,1889.9298214886046
LSTM,1,decline,112,2022-11-08,Brasil,34460.8895677358,33218.86446481736
LSTM,1,decline,112,2022-11-08,Norte,3063.826121788779,2977.133500245815
LSTM,1,decline,112,2022-11-08,Nordeste,19227.193261107113,19135.395838401997
LSTM,1,decline,112,2022-11-08,Sudeste,8078.37556615857,7096.891520367156
LSTM,1,decline,112,2022-11-08,Sul,3989.3356421717426,3818.2207096138113
LSTM,1,decline,112,2022-11-08,Centro-Oeste,2203.088804878751,1987.218697337403
LSTM,1,decline,113,2022-11-09,Brasil,35026.36762730092,33981.55749527125
LSTM,1,decline,113,2022-11-09,Norte,3057.150265383899,2986.931014692635
LSTM,1,decline,113,2022-11-09,Nordeste,19185.88446692923,19115.751788495345
LSTM,1,decline,113,2022-11-09,Sudeste,8437.578911030507,7444.0363748898835
LSTM,1,decline,113,2022-11-09,Sul,4005.695495531253,3842.132977456677
LSTM,1,decline,113,2022-11-09,Centro-Oeste,2310.2719422209034,2109.506892230085
LSTM,1,decline,114,2022-11-10,Brasil,34309.7581674454,33306.528361137855
LSTM,1,decline,114,2022-11-10,Norte,3053.8613304901164,2992.572488081091
LSTM,1,decline,114,2022-11-10,Nordeste,18940.07034851141,18876.837986888986
LSTM,1,decline,114,2022-11-10,Sudeste,8163.264398943822,6915.572476022765
LSTM,1,decline,114,2022-11-10,Sul,3865.524169558001,3668.497595316087
LSTM,1,decline,114,2022-11-10,Centro-Oeste,2368.9470608841707,2194.5517947674434
LSTM,1,decline,115,2022-11-11,Brasil,34573.98831592029,33485.2528093122
LSTM,1,decline,115,2022-11-11,Norte,3082.372735030296,3015.605392162705
LSTM,1,decline,115,2022-11-11,Nordeste,18649.627612820383,18535.019827816308
LSTM,1,decline,115,2022-11-11,Sudeste,8483.194788190323,7193.270140023758
LSTM,1,decline,115,2022-11-11,Sul,3719.7880926954535,3519.7024594563773
LSTM,1,decline,115,2022-11-11,Centro-Oeste,2475.476332991599,2304.3044683836065
LSTM,1,decline,116,2022-11-12,Brasil,35574.2552880187,33827.53168942777
LSTM,1,decline,116,2022-11-12,Norte,3031.7433208735183,2941.5271218808207
LSTM,1,decline,116,2022-11-12,Nordeste,18241.97076728652,17991.933607915093
LSTM,1,decline,116,2022-11-12,Sudeste,9445.618944983413,7901.061017679931
LSTM,1,decline,116,2022-11-12,Sul,3705.8310255998945,3435.356303017782
LSTM,1,decline,116,2022-11-12,Centro-Oeste,2773.0932068019515,2650.508195321676
LSTM,1,decline,117,2022-11-13,Brasil,34637.92992716558,32736.565571078772
LSTM,1,decline,117,2022-11-13,Norte,3053.2868794496426,2945.4375362947185
LSTM,1,decline,117,2022-11-13,Nordeste,18102.84679110871,17813.231826830022
LSTM,1,decline,117,2022-11-13,Sudeste,9119.869465633194,7756.328904550207
LSTM,1,decline,117,2022-11-13,Sul,3586.5743263715467,3208.581024478647
LSTM,1,decline,117,2022-11-13,Centro-Oeste,2679.6038872470267,2548.242325460801
LSTM,1,decline,118,2022-11-14,Brasil,33481.15523272183,31409.338956125783
LSTM,1,decline,118,2022-11-14,Norte,2990.742099995862,2869.805676081126
LSTM,1,decline,118,2022-11-14,Nordeste,17793.61561154268,17503.75222124557
LSTM,1,decline,118,2022-11-14,Sudeste,8824.393819433704,7616.736293568438
LSTM,1,decline,118,2022-11-14,Sul,3468.8216809372566,3064.557930587936
LSTM,1,decline,118,2022-11-14,Centro-Oeste,2549.7924645459516,2401.3852759384076
LSTM,1,decline,119,2022-11-15,Brasil,32563.463768328224,30581.343387183675
LSTM,1,decline,119,2022-11-15,Norte,2983.3060107814445,2862.3718117701183
LSTM,1,decline,119,2022-11-15,Nordeste,17653.64394220038,17392.507977061054
LSTM,1,decline,119,2022-11-15,Sudeste,8455.832558715547,7198.831233752192
LSTM,1,decline,119,2022-11-15,Sul,3401.727192954963,2969.6824346772905
LSTM,1,decline,119,2022-11-15,Centro-Oeste,2606.5591196153778,2434.1125732118353
LSTM,1,decline,120,2022-11-16,Brasil,28786.47221693156,26709.110176567727
LSTM,1,decline,120,2022-11-16,Norte,2760.0864999292853,2653.940963284816
LSTM,1,decline,120,2022-11-16,Nordeste,17009.775115521283,16835.07776917135
LSTM,1,decline,120,2022-11-16,Sudeste,7510.946914902933,6449.751384129328
LSTM,1,decline,120,2022-11-16,Sul,3023.1275292208084,2527.5208218583475
LSTM,1,decline,120,2022-11-16,Centro-Oeste,2312.3316752000796,2089.1837953274157
LSTM,2,surge,125,2022-11-21,Brasil,32620.588130089396,29976.10460968414
LSTM,2,surge,125,2022-11-21,Norte,3232.2309583248034,3145.220527620771
LSTM,2,surge,125,2022-11-21,Nordeste,17021.428055761786,16330.213395503652
LSTM,2,surge,125,2022-11-21,Sudeste,10210.03335395135,8818.062616884246
LSTM,2,surge,125,2022-11-21,Sul,3920.20514279966,3231.0743453262053
LSTM,2,surge,125,2022-11-21,Centro-Oeste,2177.4078479756454,1958.8910851964981
LSTM,2,surge,126,2022-11-22,Brasil,33599.146939670674,31082.42603231101
LSTM,2,surge,126,2022-11-22,Norte,3160.3111660447776,3059.3308351167966
LSTM,2,surge,126,2022-11-22,Nordeste,17168.333154944146,16484.418534663248
LSTM,2,surge,126,2022-11-22,Sudeste,10778.745186895418,9342.570619202743
LSTM,2,surge,126,2022-11-22,Sul,3849.8231484005173,3184.1007548601233
LSTM,2,surge,126,2022-11-22,Centro-Oeste,2128.3760311887017,1925.8766398987027
LSTM,2,surge,127,2022-11-23,Brasil,32230.885174649273,28463.671174992265
LSTM,2,surge,127,2022-11-23,Norte,3240.7856184880497,3137.8062584352483
LSTM,2,surge,127,2022-11-23,Nordeste,16561.42827880515,15900.04496518587
LSTM,2,surge,127,2022-11-23,Sudeste,10503.709790374969,8873.80840278802
LSTM,2,surge,127,2022-11-23,Sul,3904.3548884638203,3239.5482358023514
LSTM,2,surge,127,2022-11-23,Centro-Oeste,2770.2600284389114,2439.60607489885
LSTM,2,surge,128,2022-11-24,Brasil,32669.77654217906,28503.364474890306
LSTM,2,surge,128,2022-11-24,Norte,3294.2446549935794,3195.4701847253295
LSTM,2,surge,128,2022-11-24,Nordeste,16479.031896009816,15860.70649265787
LSTM,2,surge,128,2022-11-24,Sudeste,10682.456565021761,8767.715538668408
LSTM,2,surge,128,2022-11-24,Sul,3942.8214100384066,3247.764076542068
LSTM,2,surge,128,2022-11-24,Centro-Oeste,2830.1307635986814,2498.507023525353
LSTM,2,surge,129,2022-11-25,Brasil,32638.912021016993,28295.01420718013
LSTM,2,surge,129,2022-11-25,Norte,3263.4430861992532,3164.67698121921
LSTM,2,surge,129,2022-11-25,Nordeste,17126.865902500023,16474.79959423309
LSTM,2,surge,129,2022-11-25,Sudeste,10407.586465152692,8379.231195508066
LSTM,2,surge,129,2022-11-25,Sul,3898.3144959514234,3177.0597791140426
LSTM,2,surge,129,2022-11-25,Centro-Oeste,2664.764791551647,2267.1807025694484
LSTM,2,surge,130,2022-11-26,Brasil,35783.29663601146,31422.210750240945
LSTM,2,surge,130,2022-11-26,Norte,3430.414769546256,3339.6057773643747
LSTM,2,surge,130,2022-11-26,Nordeste,18427.41425596808,17759.80743261433
LSTM,2,surge,130,2022-11-26,Sudeste,11977.250305143845,10046.29186111761
LSTM,2,surge,130,2022-11-26,Sul,5298.834421077872,4146.86741636041
LSTM,2,surge,130,2022-11-26,Centro-Oeste,2692.0327323305564,2290.2520032819907
LSTM,2,surge,131,2022-11-27,Brasil,36239.45696226905,31651.701819372458
LSTM,2,surge,131,2022-11-27,Norte,3445.738347981381,3342.059560326166
LSTM,2,surge,131,2022-11-27,Nordeste,18597.126281235684,17936.549027096782
LSTM,2,surge,131,2022-11-27,Sudeste,11546.063619849614,9647.196167083344
LSTM,2,surge,131,2022-11-27,Sul,5554.132452510179,4513.073473621634
LSTM,2,surge,131,2022-11-27,Centro-Oeste,2826.5082714272858,2396.1266542416734
LSTM,2,surge,132,2022-11-28,Brasil,32011.447616496796,27608.691505906365
LSTM,2,surge,132,2022-11-28,Norte,3142.782630625745,2950.3159623923207
LSTM,2,surge,132,2022-11-28,Nordeste,17506.09363642758,16765.610622319717
LSTM,2,surge,132,2022-11-28,Sudeste,11377.194796097278,9464.94616929488
LSTM,2,surge,132,2022-11-28,Sul,5548.3858411683195,4539.081449947185
LSTM,2,surge,132,2022-11-28,Centro-Oeste,3076.2984874918666,2488.688270776143
LSTM,2,surge,133,2022-11-29,Brasil,31009.162888473762,26195.98336834609
LSTM,2,surge,133,2022-11-29,Norte,2993.0518563149762,2798.2511014833644
LSTM,2,surge,133,2022-11-29,Nordeste,17470.590816685715,16643.494478609435
LSTM,2,surge,133,2022-11-29,Sudeste,11472.643815522675,9469.947949760497
LSTM,2,surge,133,2022-11-29,Sul,5576.999171400276,4554.8119523451915
LSTM,2,surge,133,2022-11-29,Centro-Oeste,3023.698225149635,2381.001084085766
LSTM,2,surge,134,2022-11-30,Brasil,32465.201652970507,27444.485112042104
LSTM,2,surge,134,2022-11-30,Norte,3165.2911033719524,2973.186236733675
LSTM,2,surge,134,2022-11-30,Nordeste,17629.94958681551,16721.069422904493
LSTM,2,surge,134,2022-11-30,Sudeste,11812.078956737609,9711.76311539865
LSTM,2,surge,134,2022-11-30,Sul,5574.137374117571,4575.1986828563095
LSTM,2,surge,134,2022-11-30,Centro-Oeste,3455.914211496718,2877.4618414119695
LSTM,2,surge,135,2022-12-01,Brasil,32010.825541377595,26063.86104751557
LSTM,2,surge,135,2022-12-01,Norte,3211.3997221247873,3009.456667015368
LSTM,2,surge,135,2022-12-01,Nordeste,18008.23482474927,17083.230586648806
LSTM,2,surge,135,2022-12-01,Sudeste,11549.15398269036,8950.586824123633
LSTM,2,surge,135,2022-12-01,Sul,5544.710402612109,4577.724672998072
LSTM,2,surge,135,2022-12-01,Centro-Oeste,4030.5560205643833,3289.1340489445815
LSTM,2,surge,136,2022-12-02,Brasil,24391.725731979073,19048.158468101534
LSTM,2,surge,136,2022-12-02,Norte,2882.846208380916,2717.1680055594757
LSTM,2,surge,136,2022-12-02,Nordeste,16371.591904724679,15656.314464518513
LSTM,2,surge,136,2022-12-02,Sudeste,9469.16801557472,7187.06455873293
LSTM,2,surge,136,2022-12-02,Sul,5235.986661132993,4375.042323443644
LSTM,2,surge,136,2022-12-02,Centro-Oeste,5566.8316867896665,4121.226333098084
LSTM,2,surge,137,2022-12-03,Brasil,30323.572118030024,25199.51771932888
LSTM,2,surge,137,2022-12-03,Norte,2981.418483348938,2811.6126782094693
LSTM,2,surge,137,2022-12-03,Nordeste,18464.23271911424,17967.753389821777
LSTM,2,surge,137,2022-12-03,Sudeste,10990.111426663556,8364.734039005923
LSTM,2,surge,137,2022-12-03,Sul,4843.402376438528,3867.0975424743415
LSTM,2,surge,137,2022-12-03,Centro-Oeste,5681.1531439302025,4283.106230727317
LSTM,2,surge,138,2022-12-04,Brasil,32639.387620426798,26907.63052752917
LSTM,2,surge,138,2022-12-04,Norte,3179.9591569448753,3007.1414359453493
LSTM,2,surge,138,2022-12-04,Nordeste,18582.998184431253,18142.6801033383
LSTM,2,surge,138,2022-12-04,Sudeste,11130.308331405942,8446.091105010833
LSTM,2,surge,138,2022-12-04,Sul,5322.442491489954,4262.281895075346
LSTM,2,surge,138,2022-12-04,Centro-Oeste,5662.333518334508,4456.43994410509
LSTM,2,peak,139,2022-12-05,Brasil,28478.61855048731,23406.974666949136
LSTM,2,peak,139,2022-12-05,Norte,2885.8301498009428,2672.962117140286
LSTM,2,peak,139,2022-12-05,Nordeste,17945.59595550048,17612.89207731969
LSTM,2,peak,139,2022-12-05,Sudeste,10298.241953869747,7689.500026974037
LSTM,2,peak,139,2022-12-05,Sul,5277.762561962265,4333.238332218911
LSTM,2,peak,139,2022-12-05,Centro-Oeste,5687.774588402434,4365.413402313372
LSTM,2,peak,140,2022-12-06,Brasil,27302.15491267217,21659.84673072942
LSTM,2,peak,140,2022-12-06,Norte,3094.282418727636,2897.9984211869946
LSTM,2,peak,140,2022-12-06,Nordeste,17689.388644590486,17334.07558788619
LSTM,2,peak,140,2022-12-06,Sudeste,10651.052948500816,7954.999235987149
LSTM,2,peak,140,2022-12-06,Sul,5298.058364759967,4437.013925932991
LSTM,2,peak,140,2022-12-06,Centro-Oeste,6412.073743113045,4959.789888464512
LSTM,2,peak,141,2022-12-07,Brasil,30413.852021812876,25834.146911957134
LSTM,2,peak,141,2022-12-07,Norte,3164.6633699636454,2958.82886604736
LSTM,2,peak,141,2022-12-07,Nordeste,18734.56473325815,18322.827410581387
LSTM,2,peak,141,2022-12-07,Sudeste,11311.85124007017,9238.12627431339
LSTM,2,peak,141,2022-12-07,Sul,5099.239632474741,4051.589836839305
LSTM,2,peak,141,2022-12-07,Centro-Oeste,5831.444660498135,4593.505931712579
LSTM,2,peak,142,2022-12-08,Brasil,32393.23607277041,27623.41894331691
LSTM,2,peak,142,2022-12-08,Norte,3243.272727825686,3026.4919829247906
LSTM,2,peak,142,2022-12-08,Nordeste,19736.374590575844,19222.032202206385
LSTM,2,peak,142,2022-12-08,Sudeste,11507.461488854753,9384.515889411054
LSTM,2,peak,142,2022-12-08,Sul,5128.148694956061,3918.3870235784993
LSTM,2,peak,142,2022-12-08,Centro-Oeste,5717.369640160878,4542.6779279497105
LSTM,2,peak,143,2022-12-10,Brasil,32982.12815132335,27698.28127391004
LSTM,2,peak,143,2022-12-10,Norte,3293.30875968099,3056.075429146115
LSTM,2,peak,143,2022-12-10,Nordeste,19648.433258572088,19138.481537938893
LSTM,2,peak,143,2022-12-10,Sudeste,12579.264715503783,10330.960477106888
LSTM,2,peak,143,2022-12-10,Sul,4931.37448484308,3696.3064697994764
LSTM,2,peak,143,2022-12-10,Centro-Oeste,5709.421833731715,4528.3405033714635
LSTM,2,peak,144,2022-12-11,Brasil,31926.200416183143,26178.09166351506
LSTM,2,peak,144,2022-12-11,Norte,3242.6899494071404,2960.854661866611
LSTM,2,peak,144,2022-12-11,Nordeste,19228.744106041162,18886.26286337438
LSTM,2,peak,144,2022-12-11,Sudeste,11840.829736393667,9615.916547361496
LSTM,2,peak,144,2022-12-11,Sul,4633.06203868672,3512.213685121155
LSTM,2,peak,144,2022-12-11,Centro-Oeste,5661.783544771248,4360.967933846682
LSTM,2,peak,145,2022-12-12,Brasil,26218.422375048576,21677.335082096866
LSTM,2,peak,145,2022-12-12,Norte,3040.927928721455,2786.967031680159
LSTM,2,peak,145,2022-12-12,Nordeste,18515.2808984674,18317.890952232767
LSTM,2,peak,145,2022-12-12,Sudeste,10502.188338507232,7911.681898335058
LSTM,2,peak,145,2022-12-12,Sul,3680.913214399117,2596.158585560587
LSTM,2,peak,145,2022-12-12,Centro-Oeste,5685.872129810285,4324.7042612609175
LSTM,2,peak,146,2022-12-13,Brasil,29886.158907482728,26514.797185215888
LSTM,2,peak,146,2022-12-13,Norte,3424.071364494868,3210.2132101533703
LSTM,2,peak,146,2022-12-13,Nordeste,20001.823464998557,19950.150280337355
LSTM,2,peak,146,2022-12-13,Sudeste,10415.721774223119,7971.6608912327
LSTM,2,peak,146,2022-12-13,Sul,3091.846452902094,2102.386781018307
LSTM,2,peak,146,2022-12-13,Centro-Oeste,5195.662634749381,3738.5242478837
LSTM,2,peak,147,2022-12-14,Brasil,32722.693209346122,29982.433611585544
LSTM,2,peak,147,2022-12-14,Norte,3483.3488250688106,3266.607434935246
LSTM,2,peak,147,2022-12-14,Nordeste,20991.945468821807,20947.456347301264
LSTM,2,peak,147,2022-12-14,Sudeste,11156.350844703085,9259.457176357892
LSTM,2,peak,147,2022-12-14,Sul,2779.5958761819224,1702.4106727745434
LSTM,2,peak,147,2022-12-14,Centro-Oeste,5002.07806139083,3567.8499086209026
LSTM,2,peak,148,2022-12-15,Brasil,35996.13561861243,33301.7740568657
LSTM,2,peak,148,2022-12-15,Norte,3582.7007683552024,3377.0934724344675
LSTM,2,peak,148,2022-12-15,Nordeste,21643.904818133433,21569.77523524754
LSTM,2,peak,148,2022-12-15,Sudeste,11756.154520648859,10024.563287141873
LSTM,2,peak,148,2022-12-15,Sul,2886.045773087868,1890.0823412509546
LSTM,2,peak,148,2022-12-15,Centro-Oeste,4841.439769385363,3460.151442382537
LSTM,2,peak,149,2022-12-16,Brasil,40045.341636902485,37572.567875536006
LSTM,2,peak,149,2022-12-16,Norte,3445.675023647277,3258.8226958157247
LSTM,2,peak,149,2022-12-16,Nordeste,21986.527119665207,21904.634717265926
LSTM,2,peak,149,2022-12-16,Sudeste,12894.89357236411,11485.796805641892
LSTM,2,peak,149,2022-12-16,Sul,3316.9564278844155,2484.6159142661127
LSTM,2,peak,149,2022-12-16,Centro-Oeste,4830.5411812338325,3881.405409626336
LSTM,2,peak,150,2022-12-17,Brasil,43917.80188437115,41632.27255768886
LSTM,2,peak,150,2022-12-17,Norte,3523.7435762209434,3329.812874739197
LSTM,2,peak,150,2022-12-17,Nordeste,22160.12687443441,22057.705270952643
LSTM,2,peak,150,2022-12-17,Sudeste,13828.882712765437,12402.866141993249
LSTM,2,peak,150,2022-12-17,Sul,3991.8297087570872,3167.602856223067
LSTM,2,peak,150,2022-12-17,Centro-Oeste,4843.354144009493,4191.007001465406
LSTM,2,peak,151,2022-12-18,Brasil,40718.63655864979,38488.29591444421
LSTM,2,peak,151,2022-12-18,Norte,3492.7625640140686,3281.5834007383337
LSTM,2,peak,151,2022-12-18,Nordeste,21957.618741082293,21898.48614716176
LSTM,2,peak,151,2022-12-18,Sudeste,12324.123638281864,10763.668614533743
LSTM,2,peak,151,2022-12-18,Sul,4396.748970182926,3672.2695159386785
LSTM,2,peak,151,2022-12-18,Centro-Oeste,3749.117955610078,3131.4863851085406
LSTM,2,peak,152,2022-12-19,Brasil,37073.07592505911,34793.59665006811
LSTM,2,peak,152,2022-12-19,Norte,3298.598885952141,3099.4074753085706
LSTM,2,peak,152,2022-12-19,Nordeste,21518.76612262079,21436.308277529315
LSTM,2,peak,152,2022-12-19,Sudeste,11124.299211268617,9187.644239221068
LSTM,2,peak,152,2022-12-19,Sul,3674.6919058743074,3053.2654625233986
LSTM,2,peak,152,2022-12-19,Centro-Oeste,3403.720273072505,2752.1612898608896
LSTM,2,peak,153,2022-12-20,Brasil,38743.199850676596,36334.412566502775
LSTM,2,peak,153,2022-12-20,Norte,3821.6803402369696,3701.2638599284846
LSTM,2,peak,153,2022-12-20,Nordeste,21552.629051730557,21405.077274840754
LSTM,2,peak,153,2022-12-20,Sudeste,11982.127234768377,10540.742712905232
LSTM,2,peak,153,2022-12-20,Sul,3192.777811565564,2579.78672978466
LSTM,2,peak,153,2022-12-20,Centro-Oeste,3471.926034304383,2877.8216858139126
LSTM,2,decline,154,2022-12-21,Brasil,43588.60584839691,40547.32516133047
LSTM,2,decline,154,2022-12-21,Norte,3856.135985540538,3734.9074712217434
LSTM,2,decline,154,2022-12-21,Nordeste,22308.393473275082,22102.693694834914
LSTM,2,decline,154,2022-12-21,Sudeste,13321.480691263507,11442.694132084975
LSTM,2,decline,154,2022-12-21,Sul,4194.974219358218,3422.2074512193335
LSTM,2,decline,154,2022-12-21,Centro-Oeste,3794.3047106223635,3245.531664133493
LSTM,2,decline,155,2022-12-22,Brasil,46226.22628487324,42465.96022174269
LSTM,2,decline,155,2022-12-22,Norte,3822.645809780785,3700.5102649249757
LSTM,2,decline,155,2022-12-22,Nordeste,22590.489720299087,22420.22914686538
LSTM,2,decline,155,2022-12-22,Sudeste,14153.188926341767,11964.008414238111
LSTM,2,decline,155,2022-12-22,Sul,5422.214300081891,4160.413617465827
LSTM,2,decline,155,2022-12-22,Centro-Oeste,4330.94938455884,3598.6858875639145
LSTM,2,decline,156,2022-12-23,Brasil,47544.74048915347,44043.525546337594
LSTM,2,decline,156,2022-12-23,Norte,3681.1893458569975,3563.2608275485445
LSTM,2,decline,156,2022-12-23,Nordeste,22700.38976502362,22607.501692927533
LSTM,2,decline,156,2022-12-23,Sudeste,14886.42444373234,12983.011555814068
LSTM,2,decline,156,2022-12-23,Sul,6169.886685722279,4883.657395212975
LSTM,2,decline,156,2022-12-23,Centro-Oeste,4164.54020445673,3331.5173299047847
LSTM,2,decline,157,2022-12-26,Brasil,46066.3396302302,42530.47345973511
LSTM,2,decline,157,2022-12-26,Norte,3612.8172997254164,3489.8884360738616
LSTM,2,decline,157,2022-12-26,Nordeste,22788.964496929253,22733.691990458316
LSTM,2,decline,157,2022-12-26,Sudeste,14068.370689615584,12031.81171302375
LSTM,2,decline,157,2022-12-26,Sul,6389.656946980935,5145.252596352997
LSTM,2,decline,157,2022-12-26,Centro-Oeste,4139.885100566715,3251.4571004569502
LSTM,2,decline,158,2022-12-27,Brasil,49812.6670641991,47878.248698573596
LSTM,2,decline,158,2022-12-27,Norte,3989.597303892475,3931.1844094872586
LSTM,2,decline,158,2022-12-27,Nordeste,22728.56631564513,22647.283851521872
LSTM,2,decline,158,2022-12-27,Sudeste,14406.037769136949,12906.946016347922
LSTM,2,decline,158,2022-12-27,Sul,7375.422506939664,6249.580465447447
LSTM,2,decline,158,2022-12-27,Centro-Oeste,4119.562029776563,3272.553672839883
LSTM,2,decline,159,2022-12-28,Brasil,51641.320566080256,50014.10798337662
LSTM,2,decline,159,2022-12-28,Norte,3921.7852568050957,3852.3280799143504
LSTM,2,decline,159,2022-12-28,Nordeste,22820.852300869494,22656.964795173768
LSTM,2,decline,159,2022-12-28,Sudeste,14868.61719038997,13704.297169393922
LSTM,2,decline,159,2022-12-28,Sul,7719.453719142351,6825.178516483312
LSTM,2,decline,159,2022-12-28,Centro-Oeste,4336.137094109313,3633.7639487342085
LSTM,2,decline,160,2022-12-29,Brasil,52427.28931600031,50828.68135518728
LSTM,2,decline,160,2022-12-29,Norte,3827.943129346486,3768.5980448199366
LSTM,2,decline,160,2022-12-29,Nordeste,22793.12368523928,22568.551692641697
LSTM,2,decline,160,2022-12-29,Sudeste,15369.744438364609,14403.781383648964
LSTM,2,decline,160,2022-12-29,Sul,8001.686770070296,7432.061695070813
LSTM,2,decline,160,2022-12-29,Centro-Oeste,4066.778526789738,3306.502614888053
LSTM,2,decline,161,2022-12-30,Brasil,53801.71656855911,52233.03376231251
LSTM,2,decline,161,2022-12-30,Norte,3957.0874613759447,3905.9312406526506
LSTM,2,decline,161,2022-12-30,Nordeste,22741.14093024799,22498.744637886328
LSTM,2,decline,161,2022-12-30,Sudeste,15950.904475794561,14992.337581923803
LSTM,2,decline,161,2022-12-30,Sul,8395.968743461406,7909.064269783202
LSTM,2,decline,161,2022-12-30,Centro-Oeste,4321.88842160825,3508.4858962220833
LSTM,2,decline,162,2023-01-02,Brasil,53024.5282413786,51617.89910740819
LSTM,2,decline,162,2023-01-02,Norte,3887.719625893882,3838.864359583503
LSTM,2,decline,162,2023-01-02,Nordeste,22309.858600817533,22135.97336073598
LSTM,2,decline,162,2023-01-02,Sudeste,15977.128797436573,14981.74253947916
LSTM,2,decline,162,2023-01-02,Sul,8758.232036896696,8303.048815942499
LSTM,2,decline,162,2023-01-02,Centro-Oeste,3735.716305858258,2979.215790691121
LSTM,2,decline,163,2023-01-03,Brasil,52035.746575853496,50802.77214561008
LSTM,2,decline,163,2023-01-03,Norte,4030.2801015506357,4005.3529828811756
LSTM,2,decline,163,2023-01-03,Nordeste,21852.99168412542,21766.119497396325
LSTM,2,decline,163,2023-01-03,Sudeste,15545.730544012073,14559.565960697104
LSTM,2,decline,163,2023-01-03,Sul,8667.13199582675,8283.929434582531
LSTM,2,decline,163,2023-01-03,Centro-Oeste,3709.6206469084373,2973.0066708984305
LSTM,2,decline,164,2023-01-04,Brasil,50858.53298807051,49509.3565331131
LSTM,2,decline,164,2023-01-04,Norte,3979.0263341531836,3946.3923487663174
LSTM,2,decline,164,2023-01-04,Nordeste,21750.92490256546,21706.7852594603
LSTM,2,decline,164,2023-01-04,Sudeste,14659.283410269181,13418.079550238692
LSTM,2,decline,164,2023-01-04,Sul,8373.647802815365,8036.673634153602
LSTM,2,decline,164,2023-01-04,Centro-Oeste,3978.596227883725,3290.6280718931553
LSTM,2,decline,165,2023-01-05,Brasil,51961.24334468704,50721.66288967434
LSTM,2,decline,165,2023-01-05,Norte,4027.597636690917,3985.243395826216
LSTM,2,decline,165,2023-01-05,Nordeste,21688.785837629606,21635.952248737023
LSTM,2,decline,165,2023-01-05,Sudeste,15445.308899710983,14504.832451294644
LSTM,2,decline,165,2023-01-05,Sul,8455.805605277841,8103.011654135503
LSTM,2,decline,165,2023-01-05,Centro-Oeste,4017.323760464323,3437.4233766995885
LSTM,2,decline,166,2023-01-06,Brasil,52287.7478429346,50890.965570272005
LSTM,2,decline,166,2023-01-06,Norte,4022.6221085424536,3963.666787579625
LSTM,2,decline,166,2023-01-06,Nordeste,21889.23035774815,21779.668968435875
LSTM,2,decline,166,2023-01-06,Sudeste,15519.78335842008,14529.316407046836
LSTM,2,decline,166,2023-01-06,Sul,8351.39462376611,8039.429768560129
LSTM,2,decline,166,2023-01-06,Centro-Oeste,4095.8065724049648,3560.655326396544
LSTM,2,decline,167,2023-01-07,Brasil,52308.93378212442,50830.41117503868
LSTM,2,decline,167,2023-01-07,Norte,3912.3522680076635,3878.5338192018903
LSTM,2,decline,167,2023-01-07,Nordeste,22033.203918992513,21872.05390809944
LSTM,2,decline,167,2023-01-07,Sudeste,15461.437540059078,14553.445514077248
LSTM,2,decline,167,2023-01-07,Sul,8453.263259259162,8165.2591249973275
LSTM,2,decline,167,2023-01-07,Centro-Oeste,3962.377008957439,3427.3360402451767
Persistence,1,surge,78,2022-10-05,Brasil,3539.279241748971,2680.0714561030245
Persistence,1,surge,78,2022-10-05,Norte,159.96137578761872,135.64285277492868
Persistence,1,surge,78,2022-10-05,Nordeste,1356.3284389472726,1267.2143003743115
Persistence,1,surge,78,2022-10-05,Sudeste,2337.4948344835284,1977.3571409563199
Persistence,1,surge,78,2022-10-05,Sul,506.6991226025592,454.42857431282073
Persistence,1,surge,78,2022-10-05,Centro-Oeste,1298.3105067283207,917.2857232756979
Persistence,1,surge,79,2022-10-06,Brasil,3337.6108819925335,2597.214305500907
Persistence,1,surge,79,2022-10-06,Norte,175.90987691123055,154.28571362924012
Persistence,1,surge,79,2022-10-06,Nordeste,485.1984985819187,436.28572429118947
Persistence,1,surge,79,2022-10-06,Sudeste,2599.453313123152,2260.9285682770237
Persistence,1,surge,79,2022-10-06,Sul,858.2626935123469,703.9999951248376
Persistence,1,surge,79,2022-10-06,Centro-Oeste,1314.3474844201594,983.142863624075
Persistence,1,surge,80,2022-10-07,Brasil,4298.648006953665,3464.0714361868554
Persistence,1,surge,80,2022-10-07,Norte,213.62684041362414,175.85714224082764
Persistence,1,surge,80,2022-10-07,Nordeste,522.6827253033414,439.2142989565797
Persistence,1,surge,80,2022-10-07,Sudeste,1510.8485190410427,1206.3571509547744
Persistence,1,surge,80,2022-10-07,Sul,617.2517985733889,436.7857119110998
Persistence,1,surge,80,2022-10-07,Centro-Oeste,2158.454644681001,2014.8571501073682
Persistence,1,surge,81,2022-10-08,Brasil,4097.464351577622,3408.500009398638
Persistence,1,surge,81,2022-10-08,Norte,210.7093426421341,179.42857097876313
Persistence,1,surge,81,2022-10-08,Nordeste,725.2458391782081,595.3571574580943
Persistence,1,surge,81,2022-10-08,Sudeste,1949.072851210663,1615.9285785128548
Persistence,1,surge,81,2022-10-08,Sul,656.3080699249438,467.0000004384404
Persistence,1,surge,81,2022-10-08,Centro-Oeste,1100.7858015908857,964.6428634797711
Persistence,1,surge,82,2022-10-09,Brasil,2588.6515001605226,2214.3571621563005
Persistence,1,surge,82,2022-10-09,Norte,219.51456249524816,196.35714299955043
Persistence,1,surge,82,2022-10-09,Nordeste,705.871088275547,564.2857071097076
Persistence,1,surge,82,2022-10-09,Sudeste,1586.3168881967422,1390.0714453629741
Persistence,1,surge,82,2022-10-09,Sul,605.3744975004674,473.42856838882636
Persistence,1,surge,82,2022-10-09,Centro-Oeste,1242.4847047574951,993.928575395622
Persistence,1,surge,83,2022-10-10,Brasil,4711.606875810241,4061.2142829582035
Persistence,1,surge,83,2022-10-10,Norte,349.5324460922382,303.64286184910054
Persistence,1,surge,83,2022-10-10,Nordeste,765.3819248769972,619.0714170972624
Persistence,1,surge,83,2022-10-10,Sudeste,1951.924480622251,1493.142875074033
Persistence,1,surge,83,2022-10-10,Sul,868.2196073400744,736.4285733410377
Persistence,1,surge,83,2022-10-10,Centro-Oeste,1265.8388347126336,1046.2142877468928
Persistence,1,surge,84,2022-10-11,Brasil,2718.3018521836466,2304.714303378613
Persistence,1,surge,84,2022-10-11,Norte,289.73004954903547,243.35714443934214
Persistence,1,surge,84,2022-10-11,Nordeste,840.2020775895539,722.500015431986
Persistence,1,surge,84,2022-10-11,Sudeste,2155.2748848199035,1668.642870922311
Persistence,1,surge,84,2022-10-11,Sul,849.690069949418,717.6428574613211
Persistence,1,surge,84,2022-10-11,Centro-Oeste,1027.7116108756343,945.142859951481
Persistence,1,surge,85,2022-10-12,Brasil,3735.4834214945276,3154.2142950073276
Persistence,1,surge,85,2022-10-12,Norte,169.30656869009542,153.99999803724413
Persistence,1,surge,85,2022-10-12,Nordeste,826.7882974582526,725.142874241233
Persistence,1,surge,85,2022-10-12,Sudeste,2558.4253679841654,2197.2857230201
Persistence,1,surge,85,2022-10-12,Sul,596.7972255857633,431.92857221601713
Persistence,1,surge,85,2022-10-12,Centro-Oeste,713.6552929358235,518.2857230212086
Persistence,1,surge,86,2022-10-13,Brasil,2762.120995259135,2372.00001405996
Persistence,1,surge,86,2022-10-13,Norte,174.9279439573388,160.21428588340308
Persistence,1,surge,86,2022-10-13,Nordeste,554.1844669297457,487.5714289957253
Persistence,1,surge,86,2022-10-13,Sudeste,2238.1701010029637,1867.2142867882997
Persistence,1,surge,86,2022-10-13,Sul,599.6023072362946,456.07142753074083
Persistence,1,surge,86,2022-10-13,Centro-Oeste,842.9525205544251,522.7857191114316
Persistence,1,surge,87,2022-10-14,Brasil,3481.4875089669217,3073.357164495213
Persistence,1,surge,87,2022-10-14,Norte,347.93575625124396,308.0000069952556
Persistence,1,surge,87,2022-10-14,Nordeste,489.73398124211525,364.64286635533125
Persistence,1,surge,87,2022-10-14,Sudeste,2422.851565670241,1947.1428637369168
Persistence,1,surge,87,2022-10-14,Sul,764.4387826841876,660.6428642555896
Persistence,1,surge,87,2022-10-14,Centro-Oeste,781.8348969908661,510.92857387232885
Persistence,1,surge,88,2022-10-15,Brasil,3111.9484887466406,2528.928584911922
Persistence,1,surge,88,2022-10-15,Norte,197.77909503314152,132.99999932647745
Persistence,1,surge,88,2022-10-15,Nordeste,392.6346077038026,337.50000468664314
Persistence,1,surge,88,2022-10-15,Sudeste,2455.1239729513522,2094.2142952452828
Persistence,1,surge,88,2022-10-15,Sul,453.7671699473932,380.500000905101
Persistence,1,surge,88,2022-10-15,Centro-Oeste,715.0648444050518,523.1428607487404
Persistence,1,surge,89,2022-10-16,Brasil,4197.41169673954,3562.7857370282977
Persistence,1,surge,89,2022-10-16,Norte,215.87414115259773,199.78571999950168
Persistence,1,surge,89,2022-10-16,Nordeste,670.6205478832456,575.9285692481283
Persistence,1,surge,89,2022-10-16,Sudeste,3009.2691375637464,2216.9285758096403
Persistence,1,surge,89,2022-10-16,Sul,468.17457245508643,415.14285976133397
Persistence,1,surge,89,2022-10-16,Centro-Oeste,795.9631288873297,557.1428566724675
Persistence,1,surge,90,2022-10-17,Brasil,5695.107393996767,4957.428550115825
Persistence,1,surge,90,2022-10-17,Norte,361.8160596373309,326.2857189043597
Persistence,1,surge,90,2022-10-17,Nordeste,762.3772884564852,649.142841048406
Persistence,1,surge,90,2022-10-17,Sudeste,3181.975826676094,2323.2142845589137
Persistence,1,surge,90,2022-10-17,Sul,846.0229315420648,727.7857244366435
Persistence,1,surge,90,2022-10-17,Centro-Oeste,1171.6788392961919,938.4285714386979
Persistence,1,surge,91,2022-10-18,Brasil,2839.3801896537516,2535.14286960182
Persistence,1,surge,91,2022-10-18,Norte,203.1399976683202,194.8571468127288
Persistence,1,surge,91,2022-10-18,Nordeste,659.0858035662862,526.0714471507407
Persistence,1,surge,91,2022-10-18,Sudeste,2234.7762541287743,1872.142861517093
Persistence,1,surge,91,2022-10-18,Sul,807.0021773191036,691.0714375817713
Persistence,1,surge,91,2022-10-18,Centro-Oeste,722.1040788333769,545.2857173433163
Persistence,1,peak,92,2022-10-19,Brasil,4235.487625020285,3291.857170168624
Persistence,1,peak,92,2022-10-19,Norte,188.2299102138651,117.07143013196466
Persistence,1,peak,92,2022-10-19,Nordeste,545.0883457376659,397.571439351369
Persistence,1,peak,92,2022-10-19,Sudeste,2248.725185924236,1944.2142909916415
Persistence,1,peak,92,2022-10-19,Sul,686.4251022769972,546.9999921364744
Persistence,1,peak,92,2022-10-19,Centro-Oeste,2283.941178353036,2241.142862359738
Persistence,1,peak,93,2022-10-20,Brasil,4559.96732509992,3746.9286026266695
Persistence,1,peak,93,2022-10-20,Norte,189.56566665485238,125.00000148758076
Persistence,1,peak,93,2022-10-20,Nordeste,497.4082284212186,393.0714350162525
Persistence,1,peak,93,2022-10-20,Sudeste,3113.0223686920704,2690.571439198401
Persistence,1,peak,93,2022-10-20,Sul,649.8702019890931,522.8571353115702
Persistence,1,peak,93,2022-10-20,Centro-Oeste,732.7356792771913,638.4285764548739
Persistence,1,peak,94,2022-10-21,Brasil,2836.450908544422,2614.714311041361
Persistence,1,peak,94,2022-10-21,Norte,225.4504956699144,159.7857124218862
Persistence,1,peak,94,2022-10-21,Nordeste,441.61684264298316,417.7142917450641
Persistence,1,peak,94,2022-10-21,Sudeste,2659.320820734841,2145.5000149978273
Persistence,1,peak,94,2022-10-21,Sul,617.0714224409508,493.5714238847796
Persistence,1,peak,94,2022-10-21,Centro-Oeste,897.5765801893092,817.5714313741925
Persistence,1,peak,95,2022-10-22,Brasil,2906.5623672077004,2721.9285957305033
Persistence,1,peak,95,2022-10-22,Norte,218.2807766726962,160.49999770243787
Persistence,1,peak,95,2022-10-22,Nordeste,441.7024819679907,399.0714371602495
Persistence,1,peak,95,2022-10-22,Sudeste,2922.683709344496,2210.7857311355665
Persistence,1,peak,95,2022-10-22,Sul,673.5851290351012,573.0714230415659
Persistence,1,peak,95,2022-10-22,Centro-Oeste,748.1621805798527,693.2142929914497
Persistence,1,peak,96,2022-10-23,Brasil,4207.372867841314,3256.8571467136835
Persistence,1,peak,96,2022-10-23,Norte,214.00132909586472,163.28571090050406
Persistence,1,peak,96,2022-10-23,Nordeste,626.7954155950137,530.5000031939086
Persistence,1,peak,96,2022-10-23,Sudeste,3317.7748534358425,2379.428581397942
Persistence,1,peak,96,2022-10-23,Sul,444.60456815089685,366.07143618620256
Persistence,1,peak,96,2022-10-23,Centro-Oeste,424.371458249054,307.14284732845675
Persistence,1,peak,97,2022-10-24,Brasil,4269.86973144983,3343.357148000513
Persistence,1,peak,97,2022-10-24,Norte,266.7517652973686,229.0714358224016
Persistence,1,peak,97,2022-10-24,Nordeste,730.3100535320368,584.7857122695809
Persistence,1,peak,97,2022-10-24,Sudeste,3321.362131233946,2384.142862222485
Persistence,1,peak,97,2022-10-24,Sul,453.09995881508416,389.85714320779647
Persistence,1,peak,97,2022-10-24,Centro-Oeste,421.8978281174121,310.3571309676225
Persistence,1,peak,98,2022-10-25,Brasil,5988.614920224902,5354.857165432455
Persistence,1,peak,98,2022-10-25,Norte,247.63972280934044,217.7142928969422
Persistence,1,peak,98,2022-10-25,Nordeste,642.7182409543045,496.2857249518344
Persistence,1,peak,98,2022-10-25,Sudeste,6053.4817162618765,5759.428583828342
Persistence,1,peak,98,2022-10-25,Sul,673.6105359410917,558.2857216250693
Persistence,1,peak,98,2022-10-25,Centro-Oeste,414.36629070796255,326.4285648732178
Persistence,1,peak,99,2022-10-26,Brasil,3649.6181077006977,3190.7143071348555
Persistence,1,peak,99,2022-10-26,Norte,181.4918349959933,144.7142894849094
Persistence,1,peak,99,2022-10-26,Nordeste,602.2968713608316,469.50000990125693
Persistence,1,peak,99,2022-10-26,Sudeste,2406.0879084907892,2165.571430113334
Persistence,1,peak,99,2022-10-26,Sul,650.1579992386784,557.1428527102128
Persistence,1,peak,99,2022-10-26,Centro-Oeste,565.7895179272191,429.2142789366877
Persistence,1,peak,100,2022-10-27,Brasil,4523.576341153458,3816.7857280736566
Persistence,1,peak,100,2022-10-27,Norte,233.90351478597788,189.85713940003217
Persistence,1,peak,100,2022-10-27,Nordeste,509.5219186072677,452.28572480200677
Persistence,1,peak,100,2022-10-27,Sudeste,3394.535082147461,2893.0714301231747
Persistence,1,peak,100,2022-10-27,Sul,407.4206324026639,375.28571420924334
Persistence,1,peak,100,2022-10-27,Centro-Oeste,557.4883760893898,453.85714398150793
Persistence,1,peak,101,2022-10-28,Brasil,4867.669335930261,4248.285741671679
Persistence,1,peak,101,2022-10-28,Norte,245.8219388517375,209.1428531489714
Persistence,1,peak,101,2022-10-28,Nordeste,615.6096451306852,504.21429569753343
Persistence,1,peak,101,2022-10-28,Sudeste,3014.827139319831,2658.4285881602927
Persistence,1,peak,101,2022-10-28,Sul,818.3573679087241,728.3571398530845
Persistence,1,peak,101,2022-10-28,Centro-Oeste,603.9121315732012,531.8571431921831
Persistence,1,peak,102,2022-10-29,Brasil,5237.9811799979225,4548.571447745983
Persistence,1,peak,102,2022-10-29,Norte,237.98333834627564,208.3571392687648
Persistence,1,peak,102,2022-10-29,Nordeste,610.1773890113707,537.2857254988915
Persistence,1,peak,102,2022-10-29,Sudeste,3490.3027838112926,2898.5000127475373
Persistence,1,peak,102,2022-10-29,Sul,605.8188661930293,506.07142812677455
Persistence,1,peak,102,2022-10-29,Centro-Oeste,1011.0259033440238,887.7857288637089
Persistence,1,peak,103,2022-10-30,Brasil,6670.51188089633,4686.500014272927
Persistence,1,peak,103,2022-10-30,Norte,236.19997368809865,202.99999685843994
Persistence,1,peak,103,2022-10-30,Nordeste,948.1057358455736,776.3571284019445
Persistence,1,peak,103,2022-10-30,Sudeste,4688.02587882661,3173.7857217484
Persistence,1,peak,103,2022-10-30,Sul,643.0364909966524,495.7857134536413
Persistence,1,peak,103,2022-10-30,Centro-Oeste,682.65867914948,581.2857177484719
Persistence,1,peak,104,2022-10-31,Brasil,7392.035072280387,5401.857129532894
Persistence,1,peak,104,2022-10-31,Norte,461.74916475094653,398.571436234082
Persistence,1,peak,104,2022-10-31,Nordeste,945.6508646756349,773.571418281268
Persistence,1,peak,104,2022-10-31,Sudeste,4688.108276418079,3181.2142877688007
Persistence,1,peak,104,2022-10-31,Sul,604.2026032841941,470.2142847740004
Persistence,1,peak,104,2022-10-31,Centro-Oeste,981.7809676728932,736.7142854460501
Persistence,1,peak,105,2022-11-01,Brasil,5531.3250032686765,4209.571459788268
Persistence,1,peak,105,2022-11-01,Norte,291.2260982715481,243.92856784561258
Persistence,1,peak,105,2022-11-01,Nordeste,714.2331170926883,580.2142938171653
Persistence,1,peak,105,2022-11-01,Sudeste,3775.018648110868,2900.6428707704067
Persistence,1,peak,105,2022-11-01,Sul,822.7394567168027,672.4999971654528
Persistence,1,peak,105,2022-11-01,Centro-Oeste,828.3789761351765,599.8571469839709
Persistence,1,peak,106,2022-11-02,Brasil,5590.294538240228,4933.785749499066
Persistence,1,peak,106,2022-11-02,Norte,271.13754868507465,243.28571350943164
Persistence,1,peak,106,2022-11-02,Nordeste,736.4890291518975,620.2142962345363
Persistence,1,peak,106,2022-11-02,Sudeste,3760.161870290231,3279.6428716137975
Persistence,1,peak,106,2022-11-02,Sul,522.225733913177,456.0000017544727
Persistence,1,peak,106,2022-11-02,Centro-Oeste,715.4342971552775,648.2142939209405
Persistence,1,decline,107,2022-11-03,Brasil,7132.339735463847,5168.785722129831
Persistence,1,decline,107,2022-11-03,Norte,286.83743653807005,239.85714409601604
Persistence,1,decline,107,2022-11-03,Nordeste,1153.4513426845633,925.9999997357141
Persistence,1,decline,107,2022-11-03,Sudeste,5369.041857425196,3740.714266178886
Persistence,1,decline,107,2022-11-03,Sul,531.0835986200497,484.50000162038947
Persistence,1,decline,107,2022-11-03,Centro-Oeste,688.7544794596448,549.4285849969067
Persistence,1,decline,108,2022-11-04,Brasil,8684.649414763971,6507.85714405915
Persistence,1,decline,108,2022-11-04,Norte,890.0906488118361,527.7857162179187
Persistence,1,decline,108,2022-11-04,Nordeste,1134.686590195364,832.9285830781042
Persistence,1,decline,108,2022-11-04,Sudeste,5248.754387096313,4447.142839328678
Persistence,1,decline,108,2022-11-04,Sul,1219.0626664353854,742.5000006684443
Persistence,1,decline,108,2022-11-04,Centro-Oeste,1106.1395277976092,772.2142911578647
Persistence,1,decline,109,2022-11-05,Brasil,12351.401074165306,8589.571415604783
Persistence,1,decline,109,2022-11-05,Norte,856.4139148031854,510.21428987776915
Persistence,1,decline,109,2022-11-05,Nordeste,1774.4678689639302,1223.7857137130377
Persistence,1,decline,109,2022-11-05,Sudeste,7721.310276486361,5445.357127310647
Persistence,1,decline,109,2022-11-05,Sul,1342.296861100493,829.857145899181
Persistence,1,decline,109,2022-11-05,Centro-Oeste,1113.5901127304687,816.3571496204484
Persistence,1,decline,110,2022-11-06,Brasil,13462.435110680759,9794.142824753455
Persistence,1,decline,110,2022-11-06,Norte,864.1863268052127,541.5714315205242
Persistence,1,decline,110,2022-11-06,Nordeste,2127.778030756143,1611.9285695050696
Persistence,1,decline,110,2022-11-06,Sudeste,8244.771002171472,5806.642817122619
Persistence,1,decline,110,2022-11-06,Sul,1462.6925759532123,1004.2857153603062
Persistence,1,decline,110,2022-11-06,Centro-Oeste,1433.4428616984499,1173.714285370984
Persistence,1,decline,111,2022-11-07,Brasil,13626.169676277676,10155.142812564507
Persistence,1,decline,111,2022-11-07,Norte,1012.6132782206487,699.9285728433998
Persistence,1,decline,111,2022-11-07,Nordeste,2237.910293319087,1798.4999938615197
Persistence,1,decline,111,2022-11-07,Sudeste,8294.64011176631,5890.214239277549
Persistence,1,decline,111,2022-11-07,Sul,1713.4120093933193,1204.999999385307
Persistence,1,decline,111,2022-11-07,Centro-Oeste,1030.8169142865038,746.50001066132
Persistence,1,decline,112,2022-11-08,Brasil,12648.174398383455,9304.999998403106
Persistence,1,decline,112,2022-11-08,Norte,942.3927791611013,642.8571454156247
Persistence,1,decline,112,2022-11-08,Nordeste,2102.3453212254117,1601.4285667775696
Persistence,1,decline,112,2022-11-08,Sudeste,8092.345642128061,6102.071433667608
Persistence,1,decline,112,2022-11-08,Sul,1746.1872751494934,1266.1428565978492
Persistence,1,decline,112,2022-11-08,Centro-Oeste,904.9938112347165,734.500006028424
Persistence,1,decline,113,2022-11-09,Brasil,9431.12931023172,7935.071449123267
Persistence,1,decline,113,2022-11-09,Norte,755.640225077377,458.7142893970882
Persistence,1,decline,113,2022-11-09,Nordeste,1712.9873860945388,1247.357142786384
Persistence,1,decline,113,2022-11-09,Sudeste,6405.064182796875,5584.428555523919
Persistence,1,decline,113,2022-11-09,Sul,1261.937230372233,940.8571447037345
Persistence,1,decline,113,2022-11-09,Centro-Oeste,1248.9484235202121,1133.5714376757185
Persistence,1,decline,114,2022-11-10,Brasil,10945.09250624416,9072.500038331233
Persistence,1,decline,114,2022-11-10,Norte,787.0922560931479,514.7857167581202
Persistence,1,decline,114,2022-11-10,Nordeste,2049.7340076109035,1523.7857150015532
Persistence,1,decline,114,2022-11-10,Sudeste,7056.025909960654,6137.785730631067
Persistence,1,decline,114,2022-11-10,Sul,1611.5829648571537,1195.928573878407
Persistence,1,decline,114,2022-11-10,Centro-Oeste,1162.6154413344213,1072.6428682077837
Persistence,1,decline,115,2022-11-11,Brasil,10847.673006181038,9590.714314173814
Persistence,1,decline,115,2022-11-11,Norte,780.1865652068285,523.3571445991095
Persistence,1,decline,115,2022-11-11,Nordeste,2574.9608743611825,1911.785715203768
Persistence,1,decline,115,2022-11-11,Sudeste,6707.720023193538,6047.571434367378
Persistence,1,decline,115,2022-11-11,Sul,1742.7824047568015,1368.6428596948042
Persistence,1,decline,115,2022-11-11,Centro-Oeste,1049.718237088823,985.5000099723628
Persistence,1,decline,116,2022-11-12,Brasil,12933.791394152635,11337.0714911988
Persistence,1,decline,116,2022-11-12,Norte,888.6304118936891,634.428574247666
Persistence,1,decline,116,2022-11-12,Nordeste,3531.0620863359136,2485.785713193459
Persistence,1,decline,116,2022-11-12,Sudeste,8075.815035459597,7227.285769548761
Persistence,1,decline,116,2022-11-12,Sul,2110.580606728305,1718.9285728860375
Persistence,1,decline,116,2022-11-12,Centro-Oeste,1747.3142930836605,1550.0714339136644
Persistence,1,decline,117,2022-11-13,Brasil,18409.825157459472,14353.428573554993
Persistence,1,decline,117,2022-11-13,Norte,971.4899501738915,694.7142890622746
Persistence,1,decline,117,2022-11-13,Nordeste,4078.8362826657967,3127.785707620447
Persistence,1,decline,117,2022-11-13,Sudeste,11150.383892351249,8402.85714399729
Persistence,1,decline,117,2022-11-13,Sul,2544.9404160850595,2024.4285738625072
Persistence,1,decline,117,2022-11-13,Centro-Oeste,1092.9489963444867,790.2142934927917
Persistence,1,decline,118,2022-11-14,Brasil,20662.822263599846,16839.714268133368
Persistence,1,decline,118,2022-11-14,Norte,1287.677952302326,1004.6428573931847
Persistence,1,decline,118,2022-11-14,Nordeste,4809.416325365095,4041.2142736072965
Persistence,1,decline,118,2022-11-14,Sudeste,11267.864134650934,8564.357137983101
Persistence,1,decline,118,2022-11-14,Sul,3175.2601825619,2369.9285761073447
Persistence,1,decline,118,2022-11-14,Centro-Oeste,1317.1215935043401,961.4285740455533
Persistence,1,decline,119,2022-11-15,Brasil,15931.090625197912,12662.00002215363
Persistence,1,decline,119,2022-11-15,Norte,1074.2083836860313,771.7857160273622
Persistence,1,decline,119,2022-11-15,Nordeste,3320.8523852307844,2399.0714196370036
Persistence,1,decline,119,2022-11-15,Sudeste,9123.043595246998,7713.6428823078
Persistence,1,decline,119,2022-11-15,Sul,3217.579815390081,2438.2857177580404
Persistence,1,decline,119,2022-11-15,Centro-Oeste,1018.650759843651,815.6428649554472
Persistence,1,decline,120,2022-11-16,Brasil,23157.13072107101,19649.49997636051
Persistence,1,decline,120,2022-11-16,Norte,1366.589264882394,1092.071429069708
Persistence,1,decline,120,2022-11-16,Nordeste,4886.742922121865,4168.285696416867
Persistence,1,decline,120,2022-11-16,Sudeste,12947.470286206826,10516.928577610344
Persistence,1,decline,120,2022-11-16,Sul,3541.9385869171547,2831.5000036061406
Persistence,1,decline,120,2022-11-16,Centro-Oeste,1667.6706061195543,1192.5714273258106
Persistence,2,surge,125,2022-11-21,Brasil,26996.696176460213,21162.64283248828
Persistence,2,surge,125,2022-11-21,Norte,996.3296920705766,819.2857134263725
Persistence,2,surge,125,2022-11-21,Nordeste,6312.386887554666,4572.285689219829
Persistence,2,surge,125,2022-11-21,Sudeste,14119.811647424538,10783.357159124003
Persistence,2,surge,125,2022-11-21,Sul,5266.248828133625,3881.0000036922893
Persistence,2,surge,125,2022-11-21,Centro-Oeste,2041.1473161916024,1557.1428512277405
Persistence,2,surge,126,2022-11-22,Brasil,17347.364571578764,13025.142849161462
Persistence,2,surge,126,2022-11-22,Norte,892.831007953322,777.357140508363
Persistence,2,surge,126,2022-11-22,Nordeste,5040.860484513397,3424.4999884878016
Persistence,2,surge,126,2022-11-22,Sudeste,11013.525630364327,9408.285738608653
Persistence,2,surge,126,2022-11-22,Sul,5721.267986187861,4355.0714303240175
Persistence,2,surge,126,2022-11-22,Centro-Oeste,1877.519035714437,1445.6428533419346
Persistence,2,surge,127,2022-11-23,Brasil,21935.30511573004,17108.85712127561
Persistence,2,surge,127,2022-11-23,Norte,847.3422727012284,700.6428541796374
Persistence,2,surge,127,2022-11-23,Nordeste,6449.555782642461,4818.571406081718
Persistence,2,surge,127,2022-11-23,Sudeste,10602.58012594964,9038.50001496969
Persistence,2,surge,127,2022-11-23,Sul,5071.2569507457565,3888.78571378367
Persistence,2,surge,127,2022-11-23,Centro-Oeste,2542.709652492816,1999.7857128936048
Persistence,2,surge,128,2022-11-24,Brasil,19148.08819755431,16209.214304142164
Persistence,2,surge,128,2022-11-24,Norte,856.7168221720935,706.9999990450685
Persistence,2,surge,128,2022-11-24,Nordeste,5163.514289790394,3819.428561663891
Persistence,2,surge,128,2022-11-24,Sudeste,9964.938594565794,8590.357168661274
Persistence,2,surge,128,2022-11-24,Sul,4223.018788172577,3668.9999979983454
Persistence,2,surge,128,2022-11-24,Centro-Oeste,2494.4573158705552,1858.1428579596102
Persistence,2,surge,129,2022-11-25,Brasil,20278.182116814343,16600.85713135465
Persistence,2,surge,129,2022-11-25,Norte,874.8100991140569,793.5714264751997
Persistence,2,surge,129,2022-11-25,Nordeste,4851.229007565616,3815.357149085911
Persistence,2,surge,129,2022-11-25,Sudeste,10122.127466990629,9098.571437731947
Persistence,2,surge,129,2022-11-25,Sul,4716.537672455571,3997.7857111803096
Persistence,2,surge,129,2022-11-25,Centro-Oeste,2862.9640193114883,1917.2857111679966
Persistence,2,surge,130,2022-11-26,Brasil,24078.809862699327,19968.000041387484
Persistence,2,surge,130,2022-11-26,Norte,1400.5759299381868,1161.9285736201011
Persistence,2,surge,130,2022-11-26,Nordeste,6076.469271462462,5319.071445089086
Persistence,2,surge,130,2022-11-26,Sudeste,13624.82211883624,11349.78574148726
Persistence,2,surge,130,2022-11-26,Sul,5832.043467545857,4595.714282935781
Persistence,2,surge,130,2022-11-26,Centro-Oeste,2503.186098744224,1792.9285712893518
Persistence,2,surge,131,2022-11-27,Brasil,24889.042932864177,20405.07137504657
Persistence,2,surge,131,2022-11-27,Norte,968.2622805855799,886.4285673115855
Persistence,2,surge,131,2022-11-27,Nordeste,5614.608837564394,4099.357125028944
Persistence,2,surge,131,2022-11-27,Sudeste,14035.247914934771,10698.78568945476
Persistence,2,surge,131,2022-11-27,Sul,5938.488914507376,4585.142857209051
Persistence,2,surge,131,2022-11-27,Centro-Oeste,2828.1767558261495,1968.499996134769
Persistence,2,surge,132,2022-11-28,Brasil,34657.605905881195,28700.071348515223
Persistence,2,surge,132,2022-11-28,Norte,1656.9742604856942,1325.42856783112
Persistence,2,surge,132,2022-11-28,Nordeste,7446.792893098565,5760.428550762311
Persistence,2,surge,132,2022-11-28,Sudeste,17059.703527340065,13541.499968485321
Persistence,2,surge,132,2022-11-28,Sul,7792.998806982796,5526.642858216118
Persistence,2,surge,132,2022-11-28,Centro-Oeste,4247.257834276778,2936.78570668964
Persistence,2,surge,133,2022-11-29,Brasil,25537.649635867794,21875.499950023503
Persistence,2,surge,133,2022-11-29,Norte,1599.4543013207685,1346.4999978562198
Persistence,2,surge,133,2022-11-29,Nordeste,5579.0751489043405,4204.4999962551165
Persistence,2,surge,133,2022-11-29,Sudeste,10854.697201705176,9467.142853496634
Persistence,2,surge,133,2022-11-29,Sul,8779.443507460344,6769.142856410389
Persistence,2,surge,133,2022-11-29,Centro-Oeste,4485.761503415548,3322.4999924456974
Persistence,2,surge,134,2022-11-30,Brasil,22064.340318516814,18360.5000214203
Persistence,2,surge,134,2022-11-30,Norte,1311.5749020065089,1077.5714293444444
Persistence,2,surge,134,2022-11-30,Nordeste,5270.865876717728,4266.57143194718
Persistence,2,surge,134,2022-11-30,Sudeste,13365.566285792469,10872.142884077783
Persistence,2,surge,134,2022-11-30,Sul,6084.686434221009,4928.714284040275
Persistence,2,surge,134,2022-11-30,Centro-Oeste,3623.9001684754535,3245.5000115926414
Persistence,2,surge,135,2022-12-01,Brasil,22143.570194465872,19370.928553650472
Persistence,2,surge,135,2022-12-01,Norte,1051.8871486932865,764.4285696596957
Persistence,2,surge,135,2022-12-01,Nordeste,5226.113516843837,4277.500005499591
Persistence,2,surge,135,2022-12-01,Sudeste,10958.307385877526,9864.499986850835
Persistence,2,surge,135,2022-12-01,Sul,5914.284946392665,5011.714284227694
Persistence,2,surge,135,2022-12-01,Centro-Oeste,5025.0989247074895,3628.214284787127
Persistence,2,surge,136,2022-12-02,Brasil,45165.456281363804,40753.92849582313
Persistence,2,surge,136,2022-12-02,Norte,1906.4823242115492,1653.8571395686988
Persistence,2,surge,136,2022-12-02,Nordeste,10273.736720008521,9163.928556552166
Persistence,2,surge,136,2022-12-02,Sudeste,19295.03409197333,16560.21423964559
Persistence,2,surge,136,2022-12-02,Sul,10644.895365116645,9132.428572921342
Persistence,2,surge,136,2022-12-02,Centro-Oeste,6842.775344816428,4884.6428506066195
Persistence,2,surge,137,2022-12-03,Brasil,34949.73852250611,29550.071491989187
Persistence,2,surge,137,2022-12-03,Norte,998.6055683773915,706.7857168767774
Persistence,2,surge,137,2022-12-03,Nordeste,12198.96465954978,11662.285726261684
Persistence,2,surge,137,2022-12-03,Sudeste,18998.89955212207,16679.071469969578
Persistence,2,surge,137,2022-12-03,Sul,7466.933904605968,6336.071430464852
Persistence,2,surge,137,2022-12-03,Centro-Oeste,6739.925598328469,4895.28571005572
Persistence,2,surge,138,2022-12-04,Brasil,24343.506453300346,21222.78570566075
Persistence,2,surge,138,2022-12-04,Norte,1024.5160562136343,705.1428596651753
Persistence,2,surge,138,2022-12-04,Nordeste,4777.194774611297,3903.7857101588743
Persistence,2,surge,138,2022-12-04,Sudeste,14850.589308935014,12205.78570308761
Persistence,2,surge,138,2022-12-04,Sul,5713.416736649925,4455.7857153173545
Persistence,2,surge,138,2022-12-04,Centro-Oeste,5796.249377313985,4434.571429044573
Persistence,2,peak,139,2022-12-05,Brasil,37785.295015283504,33361.4285199469
Persistence,2,peak,139,2022-12-05,Norte,2220.234377977211,1783.5714252598202
Persistence,2,peak,139,2022-12-05,Nordeste,6344.686175894535,5324.571423910044
Persistence,2,peak,139,2022-12-05,Sudeste,17114.776537199727,14479.714258306672
Persistence,2,peak,139,2022-12-05,Sul,8122.54316117141,6220.92857101672
Persistence,2,peak,139,2022-12-05,Centro-Oeste,7980.628284458141,5954.214280571614
Persistence,2,peak,140,2022-12-06,Brasil,23797.96209796304,21724.214265170063
Persistence,2,peak,140,2022-12-06,Norte,1472.0631045863854,1287.5000009116325
Persistence,2,peak,140,2022-12-06,Nordeste,4211.033025486344,3367.5714268727716
Persistence,2,peak,140,2022-12-06,Sudeste,9527.000820809055,7556.071414441534
Persistence,2,peak,140,2022-12-06,Sul,9547.605207069317,8007.571429054251
Persistence,2,peak,140,2022-12-06,Centro-Oeste,8889.35354063486,7000.642850408782
Persistence,2,peak,141,2022-12-07,Brasil,22171.1005891229,16013.07146214972
Persistence,2,peak,141,2022-12-07,Norte,1362.549445956971,826.571430406818
Persistence,2,peak,141,2022-12-07,Nordeste,5078.61753547944,4354.142862491357
Persistence,2,peak,141,2022-12-07,Sudeste,11515.167733614473,8515.642896840413
Persistence,2,peak,141,2022-12-07,Sul,5242.794801036301,4068.142860604266
Persistence,2,peak,141,2022-12-07,Centro-Oeste,6087.939055272707,5229.571430362948
Persistence,2,peak,142,2022-12-08,Brasil,17799.039173628807,14059.500022878003
Persistence,2,peak,142,2022-12-08,Norte,1359.306753306465,858.8571434395337
Persistence,2,peak,142,2022-12-08,Nordeste,4948.267004745277,4350.571432943294
Persistence,2,peak,142,2022-12-08,Sudeste,10003.776581750526,7660.49998850783
Persistence,2,peak,142,2022-12-08,Sul,5270.188128798546,4353.000005887088
Persistence,2,peak,142,2022-12-08,Centro-Oeste,6577.420482829985,4914.857138168014
Persistence,2,peak,143,2022-12-10,Brasil,19631.540214263816,17587.714277276926
Persistence,2,peak,143,2022-12-10,Norte,1378.3028878545006,897.857143460689
Persistence,2,peak,143,2022-12-10,Nordeste,3373.0499911587517,2532.3571432234307
Persistence,2,peak,143,2022-12-10,Sudeste,9793.318672716843,8436.428568568728
Persistence,2,peak,143,2022-12-10,Sul,6804.277614273164,5880.357145811465
Persistence,2,peak,143,2022-12-10,Centro-Oeste,6479.733289184143,5013.714282781941
Persistence,2,peak,144,2022-12-11,Brasil,19373.83965777689,17288.500004278096
Persistence,2,peak,144,2022-12-11,Norte,1457.6522938663118,1112.3571423244837
Persistence,2,peak,144,2022-12-11,Nordeste,3751.7287003058414,2858.9285697151295
Persistence,2,peak,144,2022-12-11,Sudeste,15737.701478349742,13230.714268690292
Persistence,2,peak,144,2022-12-11,Sul,13219.303116108205,12563.214283590534
Persistence,2,peak,144,2022-12-11,Centro-Oeste,7085.989954099864,5614.999998289089
Persistence,2,peak,145,2022-12-12,Brasil,42071.58898168697,38983.14281653941
Persistence,2,peak,145,2022-12-12,Norte,2324.281992444495,1852.2142854054848
Persistence,2,peak,145,2022-12-12,Nordeste,6168.9135616098765,5296.0714303634
Persistence,2,peak,145,2022-12-12,Sudeste,19818.465169763793,17071.428542491
Persistence,2,peak,145,2022-12-12,Sul,7856.114681755502,7035.85714450018
Persistence,2,peak,145,2022-12-12,Centro-Oeste,9204.004967455174,7878.857136473266
Persistence,2,peak,146,2022-12-13,Brasil,26559.546460621368,21965.00004130499
Persistence,2,peak,146,2022-12-13,Norte,2797.292403025994,2652.928570176016
Persistence,2,peak,146,2022-12-13,Nordeste,8936.531761433846,8643.214284979254
Persistence,2,peak,146,2022-12-13,Sudeste,19196.193568947187,17399.142900420073
Persistence,2,peak,146,2022-12-13,Sul,8784.59663970132,8244.214288294552
Persistence,2,peak,146,2022-12-13,Centro-Oeste,5405.960965626559,4723.071423372852
Persistence,2,peak,147,2022-12-14,Brasil,17619.764339489735,13902.500016289052
Persistence,2,peak,147,2022-12-14,Norte,1262.2881692716185,917.5714294448497
Persistence,2,peak,147,2022-12-14,Nordeste,4901.521178031528,4445.714284906024
Persistence,2,peak,147,2022-12-14,Sudeste,10411.35704392237,7740.428564018572
Persistence,2,peak,147,2022-12-14,Sul,3562.5185104636935,2305.9999995723483
Persistence,2,peak,147,2022-12-14,Centro-Oeste,5312.415315671424,3840.071425374338
Persistence,2,peak,148,2022-12-15,Brasil,19789.055650832343,16212.642874838702
Persistence,2,peak,148,2022-12-15,Norte,1323.2327807892261,1066.7142852104741
Persistence,2,peak,148,2022-12-15,Nordeste,4155.58792676922,3608.857144463494
Persistence,2,peak,148,2022-12-15,Sudeste,10747.9938863055,8433.071429154978
Persistence,2,peak,148,2022-12-15,Sul,3000.2270654903155,2132.2857152352403
Persistence,2,peak,148,2022-12-15,Centro-Oeste,6017.169710238892,5502.2857047891475
Persistence,2,peak,149,2022-12-16,Brasil,23606.349927619525,20016.21430780271
Persistence,2,peak,149,2022-12-16,Norte,1398.5355046549416,853.8571386829891
Persistence,2,peak,149,2022-12-16,Nordeste,3846.0216569195522,3357.2857155526444
Persistence,2,peak,149,2022-12-16,Sudeste,11994.66235231542,10141.000026175909
Persistence,2,peak,149,2022-12-16,Sul,3577.588065462297,2448.0714312874748
Persistence,2,peak,149,2022-12-16,Centro-Oeste,7700.7606444711655,7271.8571358725
Persistence,2,peak,150,2022-12-17,Brasil,25971.85414691754,23133.428593954366
Persistence,2,peak,150,2022-12-17,Norte,1304.0726829545806,976.9999997910472
Persistence,2,peak,150,2022-12-17,Nordeste,3014.034458486534,2587.4285714798866
Persistence,2,peak,150,2022-12-17,Sudeste,10203.161174634726,8382.071427027604
Persistence,2,peak,150,2022-12-17,Sul,3587.290192566145,2566.2142869554787
Persistence,2,peak,150,2022-12-17,Centro-Oeste,13635.759544732975,13211.285710891638
Persistence,2,peak,151,2022-12-18,Brasil,20070.09354445421,17092.357148455336
Persistence,2,peak,151,2022-12-18,Norte,1374.711575338034,835.7857119466775
Persistence,2,peak,151,2022-12-18,Nordeste,2591.5253369167062,2294.285712735887
Persistence,2,peak,151,2022-12-18,Sudeste,15440.837233481701,13195.07141880223
Persistence,2,peak,151,2022-12-18,Sul,3894.2576945711808,2979.428572432476
Persistence,2,peak,151,2022-12-18,Centro-Oeste,6606.952333290465,5872.500004712768
Persistence,2,peak,152,2022-12-19,Brasil,30881.305765036308,28892.21428222459
Persistence,2,peak,152,2022-12-19,Norte,1976.099743041715,1530.3571394311384
Persistence,2,peak,152,2022-12-19,Nordeste,3065.8599042460564,2371.5000059718614
Persistence,2,peak,152,2022-12-19,Sudeste,16825.047147965157,15110.785699416168
Persistence,2,peak,152,2022-12-19,Sul,6703.923817035586,6134.357145293345
Persistence,2,peak,152,2022-12-19,Centro-Oeste,4784.856974071523,3801.6428654708084
Persistence,2,peak,153,2022-12-20,Brasil,12469.346726107067,11108.785713736459
Persistence,2,peak,153,2022-12-20,Norte,3935.5120843890245,3860.0714297593545
Persistence,2,peak,153,2022-12-20,Nordeste,2074.469243969257,1782.357143731097
Persistence,2,peak,153,2022-12-20,Sudeste,9995.103558612727,9129.499996612727
Persistence,2,peak,153,2022-12-20,Sul,6673.5329449316105,6259.642858996167
Persistence,2,peak,153,2022-12-20,Centro-Oeste,3039.167165856824,2256.499996752276
Persistence,2,decline,154,2022-12-21,Brasil,25959.930924964283,24205.857149013213
Persistence,2,decline,154,2022-12-21,Norte,1434.080392270006,1358.5714292362288
Persistence,2,decline,154,2022-12-21,Nordeste,5650.183795125221,5352.499997971851
Persistence,2,decline,154,2022-12-21,Sudeste,8528.68120776695,6422.285718516539
Persistence,2,decline,154,2022-12-21,Sul,5366.5307166650155,4605.214283851259
Persistence,2,decline,154,2022-12-21,Centro-Oeste,9659.800888771058,9504.142852568666
Persistence,2,decline,155,2022-12-22,Brasil,19999.17669785042,17135.642867324434
Persistence,2,decline,155,2022-12-22,Norte,850.5483955144541,634.4285720656438
Persistence,2,decline,155,2022-12-22,Nordeste,4581.948263401278,4188.142857722522
Persistence,2,decline,155,2022-12-22,Sudeste,9756.601661980025,7741.785718243223
Persistence,2,decline,155,2022-12-22,Sul,4254.8141052012425,3168.499999778864
Persistence,2,decline,155,2022-12-22,Centro-Oeste,3780.1527641203966,3236.2142806981565
Persistence,2,decline,156,2022-12-23,Brasil,23154.726884472773,21054.714295802747
Persistence,2,decline,156,2022-12-23,Norte,888.1896518087789,614.7142874480031
Persistence,2,decline,156,2022-12-23,Nordeste,4223.504237553995,3888.1428595085663
Persistence,2,decline,156,2022-12-23,Sudeste,13424.803804049769,12504.214291408298
Persistence,2,decline,156,2022-12-23,Sul,5835.434527029225,4851.285714191746
Persistence,2,decline,156,2022-12-23,Centro-Oeste,2148.435068242164,1857.7857179422238
Persistence,2,decline,157,2022-12-26,Brasil,14985.707424738688,10792.85716070857
Persistence,2,decline,157,2022-12-26,Norte,978.579691882464,641.0714258285699
Persistence,2,decline,157,2022-12-26,Nordeste,2973.4643037820124,2597.071431233294
Persistence,2,decline,157,2022-12-26,Sudeste,8699.502692199489,5528.000008274832
Persistence,2,decline,157,2022-12-26,Sul,5562.385152390087,4668.071442908147
Persistence,2,decline,157,2022-12-26,Centro-Oeste,2904.9881390961973,2279.071434916891
Persistence,2,decline,158,2022-12-27,Brasil,39573.67727624856,38237.99999000619
Persistence,2,decline,158,2022-12-27,Norte,2648.0952087713144,2590.6428611638353
Persistence,2,decline,158,2022-12-27,Nordeste,2455.820177808556,2061.000000189378
Persistence,2,decline,158,2022-12-27,Sudeste,27391.91656145338,26979.285711590703
Persistence,2,decline,158,2022-12-27,Sul,7115.493313832662,6512.500014567273
Persistence,2,decline,158,2022-12-27,Centro-Oeste,2413.8449215645487,1893.0000016381853
Persistence,2,decline,159,2022-12-28,Brasil,13782.028506900742,10618.428592956983
Persistence,2,decline,159,2022-12-28,Norte,651.9773745072806,478.4999962007477
Persistence,2,decline,159,2022-12-28,Nordeste,1740.0335435455868,1411.7142910468149
Persistence,2,decline,159,2022-12-28,Sudeste,5813.8734634481525,4197.428564257642
Persistence,2,decline,159,2022-12-28,Sul,5132.340798787773,4088.214302557056
Persistence,2,decline,159,2022-12-28,Centro-Oeste,3614.60345884685,3101.000008498017
Persistence,2,decline,160,2022-12-29,Brasil,16110.518990456969,13275.714298064036
Persistence,2,decline,160,2022-12-29,Norte,616.6493577085151,557.0000008800548
Persistence,2,decline,160,2022-12-29,Nordeste,3692.2038988457257,3373.7142935460433
Persistence,2,decline,160,2022-12-29,Sudeste,8973.460302424091,7886.785711463832
Persistence,2,decline,160,2022-12-29,Sul,5325.41625262953,4480.4285850863525
Persistence,2,decline,160,2022-12-29,Centro-Oeste,2658.6370463366893,2239.7857166805916
Persistence,2,decline,161,2022-12-30,Brasil,17854.36216588948,14995.928589554173
Persistence,2,decline,161,2022-12-30,Norte,1151.4990245938156,1057.8571436002717
Persistence,2,decline,161,2022-12-30,Nordeste,2313.3665858137356,1918.0714279768852
Persistence,2,decline,161,2022-12-30,Sudeste,7536.152949202133,5940.428564623214
Persistence,2,decline,161,2022-12-30,Sul,5605.588580928772,4859.50001437225
Persistence,2,decline,161,2022-12-30,Centro-Oeste,3145.9999229589835,2542.3571479584166
Persistence,2,decline,162,2023-01-02,Brasil,13741.909990484133,10240.0714515682
Persistence,2,decline,162,2023-01-02,Norte,602.3471934734717,456.2857130950498
Persistence,2,decline,162,2023-01-02,Nordeste,1656.5614589048394,1488.0000047131693
Persistence,2,decline,162,2023-01-02,Sudeste,6872.0693170370105,5043.499995584435
Persistence,2,decline,162,2023-01-02,Sul,6043.436709725202,5418.7142991631135
Persistence,2,decline,162,2023-01-02,Centro-Oeste,2380.9183422176134,1995.8571455243734
Persistence,2,decline,163,2023-01-03,Brasil,15894.171204058885,12837.857164798519
Persistence,2,decline,163,2023-01-03,Norte,1478.5957897129597,1405.5000026828143
Persistence,2,decline,163,2023-01-03,Nordeste,1719.076293183267,1585.5714336967667
Persistence,2,decline,163,2023-01-03,Sudeste,6605.250928950886,4969.928565225988
Persistence,2,decline,163,2023-01-03,Sul,5715.841247085733,5098.428584818883
Persistence,2,decline,163,2023-01-03,Centro-Oeste,2654.82004024434,2251.999995566929
Persistence,2,decline,164,2023-01-04,Brasil,13911.21885874715,10902.714317678003
Persistence,2,decline,164,2023-01-04,Norte,466.6193019990605,386.42857213340125
Persistence,2,decline,164,2023-01-04,Nordeste,2329.3213851530686,2006.2142901243244
Persistence,2,decline,164,2023-01-04,Sudeste,5142.762021576023,4451.071435646388
Persistence,2,decline,164,2023-01-04,Sul,4748.163926164081,3577.2857301041195
Persistence,2,decline,164,2023-01-04,Centro-Oeste,4938.710519373468,4565.142861896958
Persistence,2,decline,165,2023-01-05,Brasil,17777.4497694846,15492.85717465309
Persistence,2,decline,165,2023-01-05,Norte,606.8692516956141,501.7142879867156
Persistence,2,decline,165,2023-01-05,Nordeste,2490.0844748591558,2134.7857175413055
Persistence,2,decline,165,2023-01-05,Sudeste,9318.960773155673,7926.928576841301
Persistence,2,decline,165,2023-01-05,Sul,5086.635044854513,4220.714300605373
Persistence,2,decline,165,2023-01-05,Centro-Oeste,2428.748323534266,2077.8571335703914
Persistence,2,decline,166,2023-01-06,Brasil,14285.274152622327,11804.071459393195
Persistence,2,decline,166,2023-01-06,Norte,499.9060652195661,398.21428906090114
Persistence,2,decline,166,2023-01-06,Nordeste,2118.535501963439,1904.6428592594555
Persistence,2,decline,166,2023-01-06,Sudeste,7143.617641136954,5455.214283514868
Persistence,2,decline,166,2023-01-06,Sul,4835.266527709587,3817.57144364292
Persistence,2,decline,166,2023-01-06,Centro-Oeste,2115.304130019302,1831.8571383346475
Persistence,2,decline,167,2023-01-07,Brasil,13882.164883514217,11642.214321209687
Persistence,2,decline,167,2023-01-07,Norte,602.1332350905097,523.8571463935039
Persistence,2,decline,167,2023-01-07,Nordeste,2136.380692522357,1994.1428617063061
Persistence,2,decline,167,2023-01-07,Sudeste,7058.231333571324,5607.357146668308
Persistence,2,decline,167,2023-01-07,Sul,4879.675607635506,3955.500013247711
Persistence,2,decline,167,2023-01-07,Centro-Oeste,1866.2964602669174,1536.2142836245941
